2025-06-25 21:03:41,645 [INFO] Activator:176 - 


2025-06-25 21:03:41,649 [INFO] Activator:177 - !SESSION log4j initialized
2025-06-25 21:03:46,072 [INFO] LogOutputStream:77 - [STDOUT_REDIRECT] 
2025-06-25 21:03:47,245 [INFO] ApplicationProperties:184 - Using Application install path: C:\ST\STM32CubeIDE_1.18.0\STM32CubeIDE\plugins\com.st.stm32cube.common.mx_6.14.0.202502271554
2025-06-25 21:03:47,264 [INFO] DbMcusXml:78 - Set database path to: C:\ST\STM32CubeIDE_1.18.0\STM32CubeIDE\plugins\com.st.stm32cube.common.mx_6.14.0.202502271554\\db\/mcu/
2025-06-25 21:03:47,264 [INFO] ApiDb:274 - Set plugin database path to: C:\ST\STM32CubeIDE_1.18.0\STM32CubeIDE\plugins\com.st.stm32cube.common.mx_6.14.0.202502271554\\db\/plugins/boardmanager/
2025-06-25 21:03:47,265 [WARN] ApiDb:259 - Overriding images path with different value:  => C:\ST\STM32CubeIDE_1.18.0\STM32CubeIDE\plugins\com.st.stm32cube.common.mx_6.14.0.202502271554\\db\/plugins/mcufinder/images/
2025-06-25 21:03:47,276 [INFO] ApiDb:250 - Set database path to: C:\Users\Marco\.stmcufinder\plugins\mcufinder//mcu/
2025-06-25 21:03:47,277 [INFO] DbMcusAds:125 - Set database path to: C:\Users\Marco\.stmcufinder\plugins\mcufinder//mcu/
2025-06-25 21:03:47,279 [INFO] CrossReferenceDbSqlite:203 - Set database path to: C:\Users\Marco\.stmcufinder\plugins\mcufinder//mcu/cs/
2025-06-25 21:03:47,372 [INFO] RulesReader:64 - Compatibility file has been processed (301 Rules)
2025-06-25 21:03:47,442 [INFO] DbMcusXml:78 - Set database path to: C:\ST\STM32CubeIDE_1.18.0\STM32CubeIDE\plugins\com.st.stm32cube.common.mx_6.14.0.202502271554\\db\/mcu/
2025-06-25 21:03:47,442 [INFO] ApiDb:274 - Set plugin database path to: C:\ST\STM32CubeIDE_1.18.0\STM32CubeIDE\plugins\com.st.stm32cube.common.mx_6.14.0.202502271554\\db\/plugins/boardmanager/
2025-06-25 21:03:47,442 [INFO] ApiDb:261 - Set plugin images path to: C:\ST\STM32CubeIDE_1.18.0\STM32CubeIDE\plugins\com.st.stm32cube.common.mx_6.14.0.202502271554\\db\/plugins/mcufinder/images/
2025-06-25 21:03:47,442 [WARN] DbFile:41 - Overriding database path with different value: C:\Users\Marco\.stmcufinder\plugins\mcufinder/ => C:\Users\Marco\.stmcufinder\plugins\mcufinder
2025-06-25 21:03:47,442 [INFO] ApiDb:250 - Set database path to: C:\Users\Marco\.stmcufinder\plugins\mcufinder//mcu/
2025-06-25 21:03:47,442 [WARN] DbFile:41 - Overriding database path with different value: C:\Users\Marco\.stmcufinder\plugins\mcufinder/ => C:\Users\Marco\.stmcufinder\plugins\mcufinder
2025-06-25 21:03:47,442 [INFO] DbMcusAds:125 - Set database path to: C:\Users\Marco\.stmcufinder\plugins\mcufinder//mcu/
2025-06-25 21:03:47,442 [WARN] DbFile:41 - Overriding database path with different value: C:\Users\Marco\.stmcufinder\plugins\mcufinder/ => C:\Users\Marco\.stmcufinder\plugins\mcufinder
2025-06-25 21:03:47,442 [WARN] DbFile:41 - Overriding database path with different value: C:\Users\Marco\.stmcufinder\plugins\mcufinder/ => C:\Users\Marco\.stmcufinder\plugins\mcufinder
2025-06-25 21:03:47,442 [INFO] CrossReferenceDbSqlite:203 - Set database path to: C:\Users\Marco\.stmcufinder\plugins\mcufinder//mcu/cs/
2025-06-25 21:03:47,515 [INFO] MainPanel:272 - HeapMemory: 268435456
2025-06-25 21:03:47,615 [INFO] DbMcusXml:78 - Set database path to: C:\ST\STM32CubeIDE_1.18.0\STM32CubeIDE\plugins\com.st.stm32cube.common.mx_6.14.0.202502271554\\db\/mcu/
2025-06-25 21:03:47,615 [INFO] ApiDb:274 - Set plugin database path to: C:\ST\STM32CubeIDE_1.18.0\STM32CubeIDE\plugins\com.st.stm32cube.common.mx_6.14.0.202502271554\\db\/plugins/boardmanager/
2025-06-25 21:03:47,615 [INFO] ApiDb:261 - Set plugin images path to: C:\ST\STM32CubeIDE_1.18.0\STM32CubeIDE\plugins\com.st.stm32cube.common.mx_6.14.0.202502271554\\db\/plugins/mcufinder/images/
2025-06-25 21:03:47,615 [WARN] DbFile:41 - Overriding database path with different value: C:\Users\Marco\.stmcufinder\plugins\mcufinder/ => C:\Users\Marco\.stmcufinder\plugins\mcufinder
2025-06-25 21:03:47,615 [INFO] ApiDb:250 - Set database path to: C:\Users\Marco\.stmcufinder\plugins\mcufinder//mcu/
2025-06-25 21:03:47,615 [WARN] DbFile:41 - Overriding database path with different value: C:\Users\Marco\.stmcufinder\plugins\mcufinder/ => C:\Users\Marco\.stmcufinder\plugins\mcufinder
2025-06-25 21:03:47,615 [INFO] DbMcusAds:125 - Set database path to: C:\Users\Marco\.stmcufinder\plugins\mcufinder//mcu/
2025-06-25 21:03:47,615 [WARN] DbFile:41 - Overriding database path with different value: C:\Users\Marco\.stmcufinder\plugins\mcufinder/ => C:\Users\Marco\.stmcufinder\plugins\mcufinder
2025-06-25 21:03:47,615 [WARN] DbFile:41 - Overriding database path with different value: C:\Users\Marco\.stmcufinder\plugins\mcufinder/ => C:\Users\Marco\.stmcufinder\plugins\mcufinder
2025-06-25 21:03:47,615 [INFO] CrossReferenceDbSqlite:203 - Set database path to: C:\Users\Marco\.stmcufinder\plugins\mcufinder//mcu/cs/
2025-06-25 21:03:47,631 [INFO] ApplicationProperties:184 - Using Application install path: C:\ST\STM32CubeIDE_1.18.0\STM32CubeIDE\plugins\com.st.stm32cube.common.mx_6.14.0.202502271554
2025-06-25 21:03:47,632 [INFO] PluginManage:196 - Search for loadable plugins [exclusion list=, ]
2025-06-25 21:03:47,633 [INFO] PluginManage:310 - Check plugin analytics
2025-06-25 21:03:47,748 [INFO] AnalyticsPlugin:253 - Accepted Software Licenses: STM32CubeMX.6.14.0
2025-06-25 21:03:47,749 [INFO] AnalyticsPlugin:255 - Accepted CMSIS Pack Licenses: 
2025-06-25 21:03:47,749 [INFO] AnalyticsPlugin:257 - Accepted Firmware Licenses: FW.F4.1.28.0
2025-06-25 21:03:47,750 [INFO] PluginManage:359 - Loaded plugin analytics (category:tool,tabindex:-1)
2025-06-25 21:03:47,750 [INFO] PluginManage:310 - Check plugin cadmodel
2025-06-25 21:03:47,756 [INFO] CADModel:105 - Init CAD model plugin
2025-06-25 21:03:47,757 [INFO] PluginManage:359 - Loaded plugin cadmodel (category:power,tabindex:5)
2025-06-25 21:03:47,757 [INFO] PluginManage:310 - Check plugin clock
2025-06-25 21:03:47,774 [INFO] PluginManage:359 - Loaded plugin clock (category:base,tabindex:2)
2025-06-25 21:03:47,774 [INFO] PluginManage:310 - Check plugin ddr
2025-06-25 21:03:47,777 [INFO] PluginManage:359 - Loaded plugin ddr (category:tool,tabindex:6)
2025-06-25 21:03:47,777 [INFO] PluginManage:310 - Check plugin filemanager
2025-06-25 21:03:47,894 [INFO] PluginManage:359 - Loaded plugin filemanager (category:base,tabindex:10)
2025-06-25 21:03:47,894 [INFO] PluginManage:310 - Check plugin ipmanager
2025-06-25 21:03:47,900 [INFO] PluginManage:359 - Loaded plugin ipmanager (category:base,tabindex:5)
2025-06-25 21:03:47,900 [INFO] PluginManage:310 - Check plugin lpbam
2025-06-25 21:03:47,906 [INFO] PluginManage:359 - Loaded plugin lpbam (category:base,tabindex:0)
2025-06-25 21:03:47,907 [INFO] PluginManage:310 - Check plugin memorymap
2025-06-25 21:03:47,918 [INFO] PluginManage:359 - Loaded plugin memorymap (category:base,tabindex:4)
2025-06-25 21:03:47,918 [INFO] PluginManage:310 - Check plugin pinoutandconfiguration
2025-06-25 21:03:47,926 [INFO] PluginManage:359 - Loaded plugin pinoutandconfiguration (category:base,tabindex:1)
2025-06-25 21:03:47,926 [INFO] PluginManage:310 - Check plugin pinoutconfig
2025-06-25 21:03:47,991 [WARN] SupportedApi:132 - Cannot load RTOS API schema: s4s-elt-must-match.1: The content of 'definitions' must match (annotation?, (simpleType | complexType)?, (unique | key | keyref)*)). A problem was found starting at: attribute.
2025-06-25 21:03:48,093 [INFO] PluginManage:359 - Loaded plugin pinoutconfig (category:base,tabindex:0)
2025-06-25 21:03:48,093 [INFO] PluginManage:310 - Check plugin power
2025-06-25 21:03:48,103 [INFO] PluginManage:359 - Loaded plugin power (category:power,tabindex:4)
2025-06-25 21:03:48,103 [INFO] PluginManage:310 - Check plugin projectmanager
2025-06-25 21:03:48,113 [INFO] PluginManage:359 - Loaded plugin projectmanager (category:projectmanager,tabindex:4)
2025-06-25 21:03:48,113 [INFO] PluginManage:310 - Check plugin rif
2025-06-25 21:03:48,119 [INFO] PluginManage:359 - Loaded plugin rif (category:base,tabindex:3)
2025-06-25 21:03:48,119 [INFO] PluginManage:310 - Check plugin thirdparty
2025-06-25 21:03:48,233 [INFO] PluginManage:359 - Loaded plugin thirdparty (category:base,tabindex:-1)
2025-06-25 21:03:48,233 [WARN] IntegrityCheckThread:84 - waiting for thirdparty lock release [integrity check]
2025-06-25 21:03:48,233 [INFO] IntegrityCheckThread:86 - entering critical section [integrity check]
2025-06-25 21:03:48,233 [INFO] PluginManage:310 - Check plugin tools
2025-06-25 21:03:48,235 [INFO] ThirdPartyUpdaterWithRetryManager:70 - Updater plugin not ready yet. [1/15]
2025-06-25 21:03:48,237 [INFO] PluginManage:359 - Loaded plugin tools (category:base,tabindex:7)
2025-06-25 21:03:48,237 [INFO] PluginManage:310 - Check plugin tutovideos
2025-06-25 21:03:48,378 [INFO] PluginManage:359 - Loaded plugin tutovideos (category:base,tabindex:-1)
2025-06-25 21:03:48,378 [INFO] PluginManage:310 - Check plugin updater
2025-06-25 21:03:48,396 [INFO] PluginManage:359 - Loaded plugin updater (category:base,tabindex:12)
2025-06-25 21:03:48,396 [INFO] PluginManage:310 - Check plugin userauth
2025-06-25 21:03:48,400 [INFO] UserAuth:118 - Init User Auth plugin
2025-06-25 21:03:48,401 [INFO] PluginManage:359 - Loaded plugin userauth (category:base,tabindex:14)
2025-06-25 21:03:48,401 [INFO] PluginManage:283 - PluginManage : Loaded plugins [18]
2025-06-25 21:03:48,571 [INFO] PinOutPanel:1589 - setPackage(No Configuration,No Configuration)
2025-06-25 21:03:48,636 [INFO] CADModel:165 - CPN selected for project level
2025-06-25 21:03:48,636 [INFO] CADModel:114 - Register for checkConnection events
2025-06-25 21:03:48,658 [INFO] IPUIPlugin:80 - create IPUIPlugin
2025-06-25 21:03:48,659 [INFO] PluginManager:220 - loadIPPluginJar : add adc
2025-06-25 21:03:48,660 [INFO] IPUIPlugin:80 - create IPUIPlugin
2025-06-25 21:03:48,660 [INFO] PluginManager:220 - loadIPPluginJar : add aes
2025-06-25 21:03:48,663 [INFO] IPUIPlugin:80 - create IPUIPlugin
2025-06-25 21:03:48,664 [INFO] PluginManager:220 - loadIPPluginJar : add can
2025-06-25 21:03:48,665 [INFO] IPUIPlugin:80 - create IPUIPlugin
2025-06-25 21:03:48,665 [INFO] PluginManager:220 - loadIPPluginJar : add comp
2025-06-25 21:03:48,666 [INFO] IPUIPlugin:80 - create IPUIPlugin
2025-06-25 21:03:48,667 [INFO] PluginManager:220 - loadIPPluginJar : add cryp
2025-06-25 21:03:48,669 [INFO] IPUIPlugin:80 - create IPUIPlugin
2025-06-25 21:03:48,669 [INFO] PluginManager:220 - loadIPPluginJar : add ddr_ctrl_phy
2025-06-25 21:03:48,671 [INFO] IPUIPlugin:80 - create IPUIPlugin
2025-06-25 21:03:48,671 [INFO] PluginManager:220 - loadIPPluginJar : add dfsdm
2025-06-25 21:03:48,677 [INFO] IPUIPlugin:80 - create IPUIPlugin
2025-06-25 21:03:48,677 [INFO] PluginManager:220 - loadIPPluginJar : add dma
2025-06-25 21:03:48,680 [INFO] IPUIPlugin:80 - create IPUIPlugin
2025-06-25 21:03:48,680 [INFO] PluginManager:220 - loadIPPluginJar : add dma3
2025-06-25 21:03:48,683 [INFO] IPUIPlugin:80 - create IPUIPlugin
2025-06-25 21:03:48,683 [INFO] PluginManager:220 - loadIPPluginJar : add extmemmanager
2025-06-25 21:03:48,685 [INFO] IPUIPlugin:80 - create IPUIPlugin
2025-06-25 21:03:48,685 [INFO] PluginManager:220 - loadIPPluginJar : add fatfs
2025-06-25 21:03:48,688 [INFO] IPUIPlugin:80 - create IPUIPlugin
2025-06-25 21:03:48,688 [INFO] PluginManager:220 - loadIPPluginJar : add fmc
2025-06-25 21:03:48,693 [INFO] IPUIPlugin:80 - create IPUIPlugin
2025-06-25 21:03:48,693 [INFO] PluginManager:220 - loadIPPluginJar : add freertos
2025-06-25 21:03:48,694 [INFO] IPUIPlugin:80 - create IPUIPlugin
2025-06-25 21:03:48,694 [INFO] PluginManager:220 - loadIPPluginJar : add genericplugin
2025-06-25 21:03:48,696 [INFO] IPUIPlugin:80 - create IPUIPlugin
2025-06-25 21:03:48,696 [INFO] PluginManager:220 - loadIPPluginJar : add gfxmmu
2025-06-25 21:03:48,700 [INFO] IPUIPlugin:80 - create IPUIPlugin
2025-06-25 21:03:48,700 [INFO] PluginManager:220 - loadIPPluginJar : add gic
2025-06-25 21:03:48,703 [INFO] IPUIPlugin:80 - create IPUIPlugin
2025-06-25 21:03:48,704 [INFO] PluginManager:220 - loadIPPluginJar : add gpio
2025-06-25 21:03:48,706 [INFO] IPUIPlugin:80 - create IPUIPlugin
2025-06-25 21:03:48,706 [INFO] PluginManager:220 - loadIPPluginJar : add gtzc
2025-06-25 21:03:48,707 [INFO] IPUIPlugin:80 - create IPUIPlugin
2025-06-25 21:03:48,707 [INFO] PluginManager:220 - loadIPPluginJar : add hash
2025-06-25 21:03:48,709 [INFO] IPUIPlugin:80 - create IPUIPlugin
2025-06-25 21:03:48,709 [INFO] PluginManager:220 - loadIPPluginJar : add i2c
2025-06-25 21:03:48,712 [INFO] IPUIPlugin:80 - create IPUIPlugin
2025-06-25 21:03:48,712 [INFO] PluginManager:220 - loadIPPluginJar : add i2s
2025-06-25 21:03:48,714 [INFO] IPUIPlugin:80 - create IPUIPlugin
2025-06-25 21:03:48,714 [INFO] PluginManager:220 - loadIPPluginJar : add i3c
2025-06-25 21:03:48,717 [INFO] IPUIPlugin:80 - create IPUIPlugin
2025-06-25 21:03:48,717 [INFO] PluginManager:220 - loadIPPluginJar : add ipddr
2025-06-25 21:03:48,723 [INFO] IPUIPlugin:80 - create IPUIPlugin
2025-06-25 21:03:48,724 [INFO] PluginManager:220 - loadIPPluginJar : add linkedlist
2025-06-25 21:03:48,726 [INFO] IPUIPlugin:80 - create IPUIPlugin
2025-06-25 21:03:48,726 [INFO] PluginManager:220 - loadIPPluginJar : add lorawan
2025-06-25 21:03:48,727 [INFO] IPUIPlugin:80 - create IPUIPlugin
2025-06-25 21:03:48,727 [INFO] PluginManager:220 - loadIPPluginJar : add ltdc
2025-06-25 21:03:48,734 [INFO] IPUIPlugin:80 - create IPUIPlugin
2025-06-25 21:03:48,734 [INFO] PluginManager:220 - loadIPPluginJar : add mdma
2025-06-25 21:03:48,737 [INFO] IPUIPlugin:80 - create IPUIPlugin
2025-06-25 21:03:48,737 [INFO] PluginManager:220 - loadIPPluginJar : add nvic
2025-06-25 21:03:48,740 [INFO] IPUIPlugin:80 - create IPUIPlugin
2025-06-25 21:03:48,740 [INFO] PluginManager:220 - loadIPPluginJar : add opamp
2025-06-25 21:03:48,743 [INFO] IPUIPlugin:80 - create IPUIPlugin
2025-06-25 21:03:48,744 [INFO] PluginManager:220 - loadIPPluginJar : add openamp
2025-06-25 21:03:48,746 [INFO] IPUIPlugin:80 - create IPUIPlugin
2025-06-25 21:03:48,746 [INFO] PluginManager:220 - loadIPPluginJar : add pdm2pcm
2025-06-25 21:03:48,751 [INFO] IPUIPlugin:80 - create IPUIPlugin
2025-06-25 21:03:48,754 [INFO] PluginManager:220 - loadIPPluginJar : add plateformsettings
2025-06-25 21:03:48,756 [INFO] IPUIPlugin:80 - create IPUIPlugin
2025-06-25 21:03:48,756 [INFO] PluginManager:220 - loadIPPluginJar : add quadspi
2025-06-25 21:03:48,758 [INFO] IPUIPlugin:80 - create IPUIPlugin
2025-06-25 21:03:48,758 [INFO] PluginManager:220 - loadIPPluginJar : add radio
2025-06-25 21:03:48,761 [INFO] IPUIPlugin:80 - create IPUIPlugin
2025-06-25 21:03:48,761 [INFO] PluginManager:220 - loadIPPluginJar : add resmgrutility
2025-06-25 21:03:48,764 [INFO] IPUIPlugin:80 - create IPUIPlugin
2025-06-25 21:03:48,764 [INFO] PluginManager:220 - loadIPPluginJar : add sai
2025-06-25 21:03:48,766 [INFO] IPUIPlugin:80 - create IPUIPlugin
2025-06-25 21:03:48,767 [INFO] PluginManager:220 - loadIPPluginJar : add spi
2025-06-25 21:03:48,771 [INFO] IPUIPlugin:80 - create IPUIPlugin
2025-06-25 21:03:48,771 [INFO] PluginManager:220 - loadIPPluginJar : add stm32_wpan
2025-06-25 21:03:48,773 [INFO] IPUIPlugin:80 - create IPUIPlugin
2025-06-25 21:03:48,773 [INFO] PluginManager:220 - loadIPPluginJar : add tim
2025-06-25 21:03:48,777 [INFO] IPUIPlugin:80 - create IPUIPlugin
2025-06-25 21:03:48,777 [INFO] PluginManager:220 - loadIPPluginJar : add touchsensing
2025-06-25 21:03:48,779 [INFO] IPUIPlugin:80 - create IPUIPlugin
2025-06-25 21:03:48,779 [INFO] PluginManager:220 - loadIPPluginJar : add tracer_emb
2025-06-25 21:03:48,781 [INFO] IPUIPlugin:80 - create IPUIPlugin
2025-06-25 21:03:48,781 [INFO] PluginManager:220 - loadIPPluginJar : add ts
2025-06-25 21:03:48,783 [INFO] IPUIPlugin:80 - create IPUIPlugin
2025-06-25 21:03:48,783 [INFO] PluginManager:220 - loadIPPluginJar : add tsc
2025-06-25 21:03:48,784 [INFO] IPUIPlugin:80 - create IPUIPlugin
2025-06-25 21:03:48,784 [INFO] PluginManager:220 - loadIPPluginJar : add ucpd
2025-06-25 21:03:48,788 [INFO] IPUIPlugin:80 - create IPUIPlugin
2025-06-25 21:03:48,788 [INFO] PluginManager:220 - loadIPPluginJar : add usart
2025-06-25 21:03:48,791 [INFO] IPUIPlugin:80 - create IPUIPlugin
2025-06-25 21:03:48,791 [INFO] PluginManager:220 - loadIPPluginJar : add usbx
2025-06-25 21:03:48,909 [FATAL] Updater:351 - Updater called before beeing initialized
2025-06-25 21:03:48,925 [INFO] RulesReader:64 - Compatibility file has been processed (301 Rules)
2025-06-25 21:03:48,932 [INFO] RulesReader:64 - Compatibility file has been processed (301 Rules)
2025-06-25 21:03:48,938 [INFO] CADModel:165 - CPN selected for project level
2025-06-25 21:03:48,938 [INFO] CADModel:114 - Register for checkConnection events
2025-06-25 21:03:48,938 [FATAL] Updater:351 - Updater called before beeing initialized
2025-06-25 21:03:48,938 [ERROR] CADModel:125 - Updater not yet initialized, retry later 
2025-06-25 21:03:49,059 [FATAL] Updater:351 - Updater called before beeing initialized
2025-06-25 21:03:49,060 [INFO] CADModel:165 - CPN selected for project level
2025-06-25 21:03:49,061 [INFO] CADModel:114 - Register for checkConnection events
2025-06-25 21:03:49,061 [FATAL] Updater:351 - Updater called before beeing initialized
2025-06-25 21:03:49,061 [ERROR] CADModel:125 - Updater not yet initialized, retry later 
2025-06-25 21:03:49,063 [FATAL] Updater:351 - Updater called before beeing initialized
2025-06-25 21:03:49,147 [FATAL] Updater:351 - Updater called before beeing initialized
2025-06-25 21:03:49,151 [INFO] DbMcusAds:53 - JSON generation date=Wed May 07 12:07:55 EEST 2025 (1746608875484)
2025-06-25 21:03:49,151 [FATAL] Updater:351 - Updater called before beeing initialized
2025-06-25 21:03:49,182 [WARN] DetailPanel:346 - Failed to get advertising image, set to default
2025-06-25 21:03:49,372 [FATAL] Updater:351 - Updater called before beeing initialized
2025-06-25 21:03:49,373 [FATAL] Updater:351 - Updater called before beeing initialized
2025-06-25 21:03:49,374 [FATAL] Updater:351 - Updater called before beeing initialized
2025-06-25 21:03:49,374 [WARN] DetailPanel:346 - Failed to get advertising image, set to default
2025-06-25 21:03:49,374 [FATAL] Updater:351 - Updater called before beeing initialized
2025-06-25 21:03:49,409 [ERROR] Updater:1198 - MainUpdater not yet initialized. External WinMGr cannot be set.
2025-06-25 21:03:49,411 [INFO] Updater:1134 - Updater Version found : 6.14.0
2025-06-25 21:03:49,426 [INFO] ApplicationProperties:184 - Using Application install path: C:\ST\STM32CubeIDE_1.18.0\STM32CubeIDE\plugins\com.st.stm32cube.common.mx_6.14.0.202502271554
2025-06-25 21:03:51,017 [ERROR] LogOutputStream:75 - [STDERR_REDIRECT] Jun 25, 2025 9:03:51 PM java.util.prefs.WindowsPreferences <init>
2025-06-25 21:03:51,018 [ERROR] LogOutputStream:75 - [STDERR_REDIRECT] WARNING: Could not open/create prefs root node Software\JavaSoft\Prefs at root 0xffffffff80000002. Windows RegCreateKeyEx(...) returned error code 5.
2025-06-25 21:03:51,018 [ERROR] LogOutputStream:75 - [STDERR_REDIRECT] 
2025-06-25 21:03:51,236 [INFO] ThirdPartyUpdaterWithRetryManager:70 - Updater plugin not ready yet. [2/15]
2025-06-25 21:03:51,912 [INFO] MainUpdater:2872 - connection check result : 10
2025-06-25 21:03:51,912 [INFO] MainUpdater:289 - Updater Check For Update Now.
2025-06-25 21:03:51,913 [INFO] MicroXplorer:498 - Change Database Version : DB.6.0.140
2025-06-25 21:03:51,920 [INFO] McuFinderGlobals:63 - Set McuFinder mode to 2 (CubeIDE integrated)
2025-06-25 21:03:51,921 [INFO] UserAuth:486 - Internet connection configuration mode: 1
2025-06-25 21:03:51,942 [INFO] JxBrowserEngine:152 - Initiate JxBrowser Engine with user profile folder
2025-06-25 21:03:52,077 [INFO] CheckServerUpdateThread:120 - End of CheckServer Thread
2025-06-25 21:03:53,619 [INFO] WebApp:169 - Instantiating new browser for Auth
2025-06-25 21:03:54,257 [INFO] WebApp:463 - Apply proxy settings
2025-06-25 21:03:54,257 [INFO] WebApp:548 - Chromium requires no authentication
2025-06-25 21:03:54,270 [INFO] WebApp:491 - Direct internet connection detected
2025-06-25 21:03:54,309 [INFO] WebApp:894 - Register for checkConnection events
2025-06-25 21:03:54,309 [INFO] WebApp:463 - Apply proxy settings
2025-06-25 21:03:54,309 [INFO] WebApp:548 - Chromium requires no authentication
2025-06-25 21:03:54,310 [INFO] WebApp:491 - Direct internet connection detected
2025-06-25 21:03:54,561 [INFO] WebApp:225 - Starting web application
2025-06-25 21:03:54,561 [INFO] WebApp:593 - Web application path used C:\ST\STM32CubeIDE_1.18.0\STM32CubeIDE\plugins\com.st.stm32cube.common.mx_6.14.0.202502271554\db\plugins\mcufinder\reactClient1\index.html
2025-06-25 21:03:54,579 [WARN] PackLoader:240 - Cannot read IP mode file for STMicroelectronics.FP-SNS-MOTENVWB1.1.4.0
2025-06-25 21:03:54,586 [WARN] PackLoader:240 - Cannot read IP mode file for STMicroelectronics.FP-ATR-ASTRA1.2.0.2
2025-06-25 21:03:54,594 [WARN] PackLoader:240 - Cannot read IP mode file for STMicroelectronics.X-CUBE-SMBUS.2.1.0
2025-06-25 21:03:54,604 [WARN] PackLoader:240 - Cannot read IP mode file for STMicroelectronics.X-CUBE-WB05N.1.1.0
2025-06-25 21:03:54,610 [WARN] PackLoader:240 - Cannot read IP mode file for STMicroelectronics.X-CUBE-ST60.1.0.0
2025-06-25 21:03:54,633 [WARN] PackLoader:240 - Cannot read IP mode file for STMicroelectronics.X-CUBE-AZRTOS-F7.1.1.0
2025-06-25 21:03:54,655 [WARN] PackLoader:240 - Cannot read IP mode file for Infineon.AIROC-Wi-Fi-Bluetooth-STM32.1.7.0
2025-06-25 21:03:54,665 [WARN] PackLoader:240 - Cannot read IP mode file for STMicroelectronics.X-CUBE-DISPLAY.3.0.0
2025-06-25 21:03:54,674 [WARN] PackLoader:240 - Cannot read IP mode file for STMicroelectronics.X-CUBE-NFC10.1.0.0
2025-06-25 21:03:54,685 [WARN] PackLoader:240 - Cannot read IP mode file for STMicroelectronics.X-CUBE-BLEMGR.4.0.0
2025-06-25 21:03:54,691 [WARN] PackLoader:240 - Cannot read IP mode file for emotas.I-CUBE-CANOPEN.1.3.0
2025-06-25 21:03:54,695 [WARN] ConditionMgr:438 - getConditionDescription Invalid condition id : Cortex-A Device cause : null
2025-06-25 21:03:54,697 [INFO] UserAuth:486 - Internet connection configuration mode: 1
2025-06-25 21:03:54,705 [WARN] ConditionMgr:1044 - genDependencies : Invalid condition id : Cortex-A Device cause : null
2025-06-25 21:03:54,705 [WARN] ConditionMgr:1044 - genDependencies : Invalid condition id : Cortex-A Device cause : null
2025-06-25 21:03:54,705 [WARN] ConditionMgr:1044 - genDependencies : Invalid condition id : Cortex-A Device cause : null
2025-06-25 21:03:54,708 [WARN] PackLoader:240 - Cannot read IP mode file for STMicroelectronics.X-CUBE-AI.10.0.0
2025-06-25 21:03:54,712 [WARN] PackLoader:240 - Cannot read IP mode file for STMicroelectronics.FP-SNS-SMARTAG2.1.2.0
2025-06-25 21:03:54,717 [WARN] PackLoader:240 - Cannot read IP mode file for STMicroelectronics.FP-SNS-FLIGHT1.5.1.0
2025-06-25 21:03:54,745 [WARN] PackLoader:240 - Cannot read IP mode file for STMicroelectronics.X-CUBE-MEMS1.11.1.0
2025-06-25 21:03:54,919 [INFO] LogOutputStream:77 - [STDOUT_REDIRECT] 1 : Invalid condition id : UX_CORESTACK_Condition cause : null
2025-06-25 21:03:54,920 [INFO] LogOutputStream:77 - [STDOUT_REDIRECT] 1 : Invalid condition id : UX_CORESTACK_Condition cause : null
2025-06-25 21:03:54,920 [INFO] LogOutputStream:77 - [STDOUT_REDIRECT] 1 : Invalid condition id : UX_CORESTACK_Condition cause : null
2025-06-25 21:03:54,921 [INFO] LogOutputStream:77 - [STDOUT_REDIRECT] 1 : Invalid condition id : UX_CORESTACK_Condition cause : null
2025-06-25 21:03:54,922 [INFO] LogOutputStream:77 - [STDOUT_REDIRECT] 1 : Invalid condition id : UX_CORESTACK_Condition cause : null
2025-06-25 21:03:54,924 [WARN] PackLoader:240 - Cannot read IP mode file for STMicroelectronics.X-CUBE-AZRTOS-WL.2.0.0
2025-06-25 21:03:54,929 [WARN] PackLoader:240 - Cannot read IP mode file for STMicroelectronics.FP-SNS-MOTENV1.5.0.0
2025-06-25 21:03:54,935 [WARN] PackLoader:240 - Cannot read IP mode file for WES.I-CUBE-Cesium.1.3.0
2025-06-25 21:03:54,939 [WARN] PackLoader:240 - Cannot read IP mode file for STMicroelectronics.X-CUBE-BLE2.3.3.0
2025-06-25 21:03:54,945 [WARN] PackLoader:240 - Cannot read IP mode file for STMicroelectronics.X-CUBE-NFC9.1.0.0
2025-06-25 21:03:54,950 [WARN] PackLoader:240 - Cannot read IP mode file for STMicroelectronics.X-CUBE-BLE1.7.1.0
2025-06-25 21:03:54,954 [WARN] PackLoader:240 - Cannot read IP mode file for wolfSSL.I-CUBE-wolfMQTT.1.19.2
2025-06-25 21:03:54,956 [WARN] PackLoader:240 - Cannot read IP mode file for STMicroelectronics.X-CUBE-AI.10.1.0
2025-06-25 21:03:54,978 [ERROR] LogOutputStream:75 - [STDERR_REDIRECT] [Fatal Error] :1:1: Premature end of file.
2025-06-25 21:03:54,978 [ERROR] LogOutputStream:75 - [STDERR_REDIRECT] 
2025-06-25 21:03:54,982 [WARN] PackLoader:240 - Cannot read IP mode file for STMicroelectronics.X-CUBE-MEMS1.11.2.0
2025-06-25 21:03:55,079 [WARN] PackLoader:240 - Cannot read IP mode file for STMicroelectronics.X-CUBE-AZRTOS-G0.1.1.0
2025-06-25 21:03:55,086 [WARN] PackLoader:240 - Cannot read IP mode file for STMicroelectronics.X-CUBE-SAFEA1.1.2.2
2025-06-25 21:03:55,092 [WARN] PackLoader:240 - Cannot read IP mode file for STMicroelectronics.X-CUBE-NFC4.3.0.0
2025-06-25 21:03:55,101 [WARN] PackLoader:240 - Cannot read IP mode file for EmbeddedOffice.I-CUBE-FS-RTOS.1.0.1
2025-06-25 21:03:55,105 [WARN] PackLoader:240 - Cannot read IP mode file for STMicroelectronics.X-CUBE-WB05N.2.0.0
2025-06-25 21:03:55,111 [WARN] PackLoader:240 - Cannot read IP mode file for wolfSSL.I-CUBE-wolfTPM.3.8.0
2025-06-25 21:03:55,116 [WARN] PackLoader:240 - Cannot read IP mode file for STMicroelectronics.X-CUBE-TCPP.4.2.0
2025-06-25 21:03:55,125 [WARN] PackLoader:240 - Cannot read IP mode file for RealThread.X-CUBE-RT-Thread_Nano.4.1.1
2025-06-25 21:03:55,129 [WARN] PackLoader:240 - Cannot read IP mode file for STMicroelectronics.FP-ATR-SIGFOX1.3.2.0
2025-06-25 21:03:55,135 [WARN] PackLoader:240 - Cannot read IP mode file for STMicroelectronics.X-CUBE-EEPRMA1.5.1.0
2025-06-25 21:03:55,140 [WARN] PackLoader:240 - Cannot read IP mode file for wolfSSL.I-CUBE-wolfSSL.5.7.6
2025-06-25 21:03:55,146 [WARN] PackLoader:240 - Cannot read IP mode file for ITTIA_DB.I-CUBE-ITTIADB.8.9.0
2025-06-25 21:03:55,151 [WARN] PackLoader:240 - Cannot read IP mode file for STMicroelectronics.X-CUBE-ST67W61.1.0.0
2025-06-25 21:03:55,170 [WARN] PackLoader:240 - Cannot read IP mode file for SEGGER.I-CUBE-embOS.1.3.1
2025-06-25 21:03:55,190 [WARN] PackLoader:240 - Cannot read IP mode file for STMicroelectronics.X-CUBE-ALGOBUILD.1.4.0
2025-06-25 21:03:55,223 [WARN] PackLoader:240 - Cannot read IP mode file for STMicroelectronics.X-CUBE-MEMS1.11.3.0
2025-06-25 21:03:55,280 [WARN] PackLoader:240 - Cannot read IP mode file for STMicroelectronics.X-CUBE-PM33A1.1.0.0
2025-06-25 21:03:55,288 [WARN] PackLoader:240 - Cannot read IP mode file for STMicroelectronics.X-CUBE-AZRTOS-F4.1.1.0
2025-06-25 21:03:55,295 [WARN] PackLoader:240 - Cannot read IP mode file for Avnet-IotConnect.X-CUBE-IoTC-DA16k-PMOD.1.0.0
2025-06-25 21:03:55,298 [WARN] PackLoader:240 - Cannot read IP mode file for STMicroelectronics.X-CUBE-ISPU.2.1.0
2025-06-25 21:03:55,307 [WARN] PackLoader:240 - Cannot read IP mode file for STMicroelectronics.X-CUBE-AZRTOS-L5.2.0.0
2025-06-25 21:03:55,314 [WARN] PackLoader:240 - Cannot read IP mode file for STMicroelectronics.X-CUBE-NFC6.3.1.0
2025-06-25 21:03:55,319 [WARN] PackLoader:240 - Cannot read IP mode file for STMicroelectronics.X-CUBE-DPower.1.2.0
2025-06-25 21:03:55,323 [WARN] PackLoader:240 - Cannot read IP mode file for STMicroelectronics.X-CUBE-FREERTOS.1.3.1
2025-06-25 21:03:55,326 [WARN] PackLoader:240 - Cannot read IP mode file for STMicroelectronics.X-CUBE-FREERTOS.1.3.0
2025-06-25 21:03:55,330 [WARN] PackLoader:240 - Cannot read IP mode file for STMicroelectronics.X-CUBE-NFC7.1.0.1
2025-06-25 21:03:55,333 [WARN] PackLoader:240 - Cannot read IP mode file for STMicroelectronics.X-CUBE-DPower.1.3.0
2025-06-25 21:03:55,347 [WARN] ConditionMgr:438 - getConditionDescription Invalid condition id : LAN8742 Phy interface Condition cause : null
2025-06-25 21:03:55,347 [WARN] PackLoader:240 - Cannot read IP mode file for STMicroelectronics.X-CUBE-AZRTOS-L4.2.0.0
2025-06-25 21:03:55,348 [WARN] ConditionMgr:1044 - genDependencies : Invalid condition id : LAN8742 Phy interface Condition cause : null
2025-06-25 21:03:55,348 [WARN] ConditionMgr:1044 - genDependencies : Invalid condition id : LAN8742 Phy interface Condition cause : null
2025-06-25 21:03:55,349 [WARN] ConditionMgr:1044 - genDependencies : Invalid condition id : LAN8742 Phy interface Condition cause : null
2025-06-25 21:03:55,354 [WARN] PackLoader:240 - Cannot read IP mode file for STMicroelectronics.X-CUBE-SFXS2LP1.4.0.0
2025-06-25 21:03:55,364 [WARN] PackLoader:240 - Cannot read IP mode file for STMicroelectronics.X-CUBE-AZRTOS-H7.3.3.0
2025-06-25 21:03:55,372 [WARN] ConditionMgr:438 - getConditionDescription Invalid condition id : UX DEVICE CLASS RTOS Condition cause : null
2025-06-25 21:03:55,372 [WARN] ConditionMgr:438 - getConditionDescription Invalid condition id : UX DEVICE CLASS RTOS Condition cause : null
2025-06-25 21:03:55,373 [WARN] PackLoader:240 - Cannot read IP mode file for STMicroelectronics.X-CUBE-AZRTOS-WB.2.0.0
2025-06-25 21:03:55,373 [WARN] ConditionMgr:1044 - genDependencies : Invalid condition id : UX DEVICE CLASS RTOS Condition cause : null
2025-06-25 21:03:55,373 [WARN] ConditionMgr:1044 - genDependencies : Invalid condition id : UX DEVICE CLASS RTOS Condition cause : null
2025-06-25 21:03:55,373 [WARN] ConditionMgr:1044 - genDependencies : Invalid condition id : UX DEVICE CLASS RTOS Condition cause : null
2025-06-25 21:03:55,373 [WARN] ConditionMgr:1044 - genDependencies : Invalid condition id : UX DEVICE CLASS RTOS Condition cause : null
2025-06-25 21:03:55,373 [WARN] ConditionMgr:1044 - genDependencies : Invalid condition id : UX DEVICE CLASS RTOS Condition cause : null
2025-06-25 21:03:55,378 [WARN] PackLoader:240 - Cannot read IP mode file for STMicroelectronics.X-CUBE-GNSS1.7.0.1
2025-06-25 21:03:55,383 [WARN] PackLoader:240 - Cannot read IP mode file for STMicroelectronics.X-CUBE-TOUCHGFX.4.25.0
2025-06-25 21:03:55,387 [WARN] PackLoader:240 - Cannot read IP mode file for STMicroelectronics.FP-SNS-STBOX1.2.0.0
2025-06-25 21:03:55,396 [WARN] PackLoader:240 - Cannot read IP mode file for STMicroelectronics.X-CUBE-SUBG2.5.0.0
2025-06-25 21:03:55,408 [WARN] PackLoader:240 - Cannot read IP mode file for STMicroelectronics.X-CUBE-AZRTOS-H7RS.1.1.0
2025-06-25 21:03:55,414 [WARN] PackLoader:240 - Cannot read IP mode file for Cesanta.I-CUBE-Mongoose.7.13.0
2025-06-25 21:03:55,421 [WARN] PackLoader:240 - Cannot read IP mode file for STMicroelectronics.X-CUBE-AZRTOS-G4.2.0.0
2025-06-25 21:03:55,425 [WARN] PackLoader:240 - Cannot read IP mode file for wolfSSL.I-CUBE-wolfSSH.1.4.20
2025-06-25 21:03:55,429 [WARN] PackLoader:240 - Cannot read IP mode file for STMicroelectronics.X-CUBE-NFC7.2.0.0
2025-06-25 21:03:55,439 [WARN] PackLoader:240 - Cannot read IP mode file for STMicroelectronics.X-CUBE-IPS.3.1.0
2025-06-25 21:03:55,444 [WARN] PackLoader:240 - Cannot read IP mode file for STMicroelectronics.X-CUBE-ALS.1.0.2
2025-06-25 21:03:55,450 [WARN] PackLoader:240 - Cannot read IP mode file for portGmbH.I-Cube-SoM-uGOAL.1.1.0
2025-06-25 21:03:55,460 [WARN] PackLoader:240 - Cannot read IP mode file for STMicroelectronics.X-CUBE-AZRTOS-H7RS.1.0.0
2025-06-25 21:03:55,475 [WARN] PackLoader:240 - Cannot read IP mode file for STMicroelectronics.X-CUBE-TOF1.3.4.2
2025-06-25 21:03:55,486 [WARN] PackLoader:240 - Cannot read IP mode file for STMicroelectronics.X-CUBE-TOF1.3.4.3
2025-06-25 21:03:55,491 [INFO] ThirdParty:978 - Integrity check success = true
2025-06-25 21:03:55,491 [INFO] IntegrityCheckThread:100 - exiting critical section [integrity check]
2025-06-25 21:03:55,491 [INFO] IntegrityCheckThread:103 - End integrity checks thread
2025-06-25 21:03:55,747 [ERROR] LogOutputStream:75 - [STDERR_REDIRECT] [Fatal Error] :1:1: Premature end of file.
2025-06-25 21:03:55,747 [ERROR] LogOutputStream:75 - [STDERR_REDIRECT] 
2025-06-25 21:03:56,114 [INFO] WebApp:191 - Connection restablished
2025-06-25 21:03:56,748 [ERROR] LogOutputStream:75 - [STDERR_REDIRECT] [Fatal Error] :1:1: Premature end of file.
2025-06-25 21:03:56,748 [ERROR] LogOutputStream:75 - [STDERR_REDIRECT] 
2025-06-25 21:03:57,748 [ERROR] LogOutputStream:75 - [STDERR_REDIRECT] [Fatal Error] :1:1: Premature end of file.
2025-06-25 21:03:57,748 [ERROR] LogOutputStream:75 - [STDERR_REDIRECT] 
2025-06-25 21:03:58,748 [ERROR] LogOutputStream:75 - [STDERR_REDIRECT] [Fatal Error] :1:1: Premature end of file.
2025-06-25 21:03:58,748 [ERROR] LogOutputStream:75 - [STDERR_REDIRECT] 
2025-06-25 21:03:59,748 [ERROR] LogOutputStream:75 - [STDERR_REDIRECT] [Fatal Error] :1:1: Premature end of file.
2025-06-25 21:03:59,748 [ERROR] LogOutputStream:75 - [STDERR_REDIRECT] 
2025-06-25 21:04:00,748 [ERROR] LogOutputStream:75 - [STDERR_REDIRECT] [Fatal Error] :1:1: Premature end of file.
2025-06-25 21:04:00,748 [ERROR] LogOutputStream:75 - [STDERR_REDIRECT] 
2025-06-25 21:04:01,748 [ERROR] LogOutputStream:75 - [STDERR_REDIRECT] [Fatal Error] :1:1: Premature end of file.
2025-06-25 21:04:01,748 [ERROR] LogOutputStream:75 - [STDERR_REDIRECT] 
2025-06-25 21:04:02,748 [ERROR] LogOutputStream:75 - [STDERR_REDIRECT] [Fatal Error] :1:1: Premature end of file.
2025-06-25 21:04:02,748 [ERROR] LogOutputStream:75 - [STDERR_REDIRECT] 
2025-06-25 21:04:03,747 [ERROR] LogOutputStream:75 - [STDERR_REDIRECT] [Fatal Error] :1:1: Premature end of file.
2025-06-25 21:04:03,747 [ERROR] LogOutputStream:75 - [STDERR_REDIRECT] 
2025-06-25 21:04:04,748 [ERROR] LogOutputStream:75 - [STDERR_REDIRECT] [Fatal Error] :1:1: Premature end of file.
2025-06-25 21:04:04,748 [ERROR] LogOutputStream:75 - [STDERR_REDIRECT] 
2025-06-25 21:04:05,749 [ERROR] LogOutputStream:75 - [STDERR_REDIRECT] [Fatal Error] :1:1: Premature end of file.
2025-06-25 21:04:05,749 [ERROR] LogOutputStream:75 - [STDERR_REDIRECT] 
2025-06-25 21:04:06,746 [ERROR] LogOutputStream:75 - [STDERR_REDIRECT] [Fatal Error] :1:1: Premature end of file.
2025-06-25 21:04:06,746 [ERROR] LogOutputStream:75 - [STDERR_REDIRECT] 
2025-06-25 21:04:07,749 [ERROR] LogOutputStream:75 - [STDERR_REDIRECT] [Fatal Error] :1:1: Premature end of file.
2025-06-25 21:04:07,749 [ERROR] LogOutputStream:75 - [STDERR_REDIRECT] 
2025-06-25 21:04:08,748 [ERROR] LogOutputStream:75 - [STDERR_REDIRECT] [Fatal Error] :1:1: Premature end of file.
2025-06-25 21:04:08,748 [ERROR] LogOutputStream:75 - [STDERR_REDIRECT] 
2025-06-25 21:04:09,747 [ERROR] LogOutputStream:75 - [STDERR_REDIRECT] [Fatal Error] :1:1: Premature end of file.
2025-06-25 21:04:09,747 [ERROR] LogOutputStream:75 - [STDERR_REDIRECT] 
2025-06-25 21:04:10,750 [ERROR] LogOutputStream:75 - [STDERR_REDIRECT] [Fatal Error] :1:1: Premature end of file.
2025-06-25 21:04:10,750 [ERROR] LogOutputStream:75 - [STDERR_REDIRECT] 
2025-06-25 21:04:11,747 [ERROR] LogOutputStream:75 - [STDERR_REDIRECT] [Fatal Error] :1:1: Premature end of file.
2025-06-25 21:04:11,747 [ERROR] LogOutputStream:75 - [STDERR_REDIRECT] 
2025-06-25 21:04:12,747 [ERROR] LogOutputStream:75 - [STDERR_REDIRECT] [Fatal Error] :1:1: Premature end of file.
2025-06-25 21:04:12,747 [ERROR] LogOutputStream:75 - [STDERR_REDIRECT] 
2025-06-25 21:04:13,748 [ERROR] LogOutputStream:75 - [STDERR_REDIRECT] [Fatal Error] :1:1: Premature end of file.
2025-06-25 21:04:13,748 [ERROR] LogOutputStream:75 - [STDERR_REDIRECT] 
2025-06-25 21:04:14,747 [ERROR] LogOutputStream:75 - [STDERR_REDIRECT] [Fatal Error] :1:1: Premature end of file.
2025-06-25 21:04:14,748 [ERROR] LogOutputStream:75 - [STDERR_REDIRECT] 
2025-06-25 21:04:15,747 [ERROR] LogOutputStream:75 - [STDERR_REDIRECT] [Fatal Error] :1:1: Premature end of file.
2025-06-25 21:04:15,747 [ERROR] LogOutputStream:75 - [STDERR_REDIRECT] 
2025-06-25 21:04:16,749 [ERROR] LogOutputStream:75 - [STDERR_REDIRECT] [Fatal Error] :1:1: Premature end of file.
2025-06-25 21:04:16,749 [ERROR] LogOutputStream:75 - [STDERR_REDIRECT] 
2025-06-25 21:04:17,747 [ERROR] LogOutputStream:75 - [STDERR_REDIRECT] [Fatal Error] :1:1: Premature end of file.
2025-06-25 21:04:17,747 [ERROR] LogOutputStream:75 - [STDERR_REDIRECT] 
2025-06-25 21:04:18,749 [ERROR] LogOutputStream:75 - [STDERR_REDIRECT] [Fatal Error] :1:1: Premature end of file.
2025-06-25 21:04:18,749 [ERROR] LogOutputStream:75 - [STDERR_REDIRECT] 
2025-06-25 21:04:19,748 [ERROR] LogOutputStream:75 - [STDERR_REDIRECT] [Fatal Error] :1:1: Premature end of file.
2025-06-25 21:04:19,748 [ERROR] LogOutputStream:75 - [STDERR_REDIRECT] 
2025-06-25 21:04:20,748 [ERROR] LogOutputStream:75 - [STDERR_REDIRECT] [Fatal Error] :1:1: Premature end of file.
2025-06-25 21:04:20,748 [ERROR] LogOutputStream:75 - [STDERR_REDIRECT] 
2025-06-25 21:04:21,747 [ERROR] LogOutputStream:75 - [STDERR_REDIRECT] [Fatal Error] :1:1: Premature end of file.
2025-06-25 21:04:21,747 [ERROR] LogOutputStream:75 - [STDERR_REDIRECT] 
2025-06-25 21:04:22,750 [ERROR] LogOutputStream:75 - [STDERR_REDIRECT] [Fatal Error] :1:1: Premature end of file.
2025-06-25 21:04:22,751 [ERROR] LogOutputStream:75 - [STDERR_REDIRECT] 
2025-06-25 21:04:23,752 [ERROR] LogOutputStream:75 - [STDERR_REDIRECT] [Fatal Error] :1:1: Premature end of file.
2025-06-25 21:04:23,752 [ERROR] LogOutputStream:75 - [STDERR_REDIRECT] 
2025-06-25 21:04:24,747 [ERROR] LogOutputStream:75 - [STDERR_REDIRECT] [Fatal Error] :1:1: Premature end of file.
2025-06-25 21:04:24,747 [ERROR] LogOutputStream:75 - [STDERR_REDIRECT] 
2025-06-25 21:04:25,747 [ERROR] LogOutputStream:75 - [STDERR_REDIRECT] [Fatal Error] :1:1: Premature end of file.
2025-06-25 21:04:25,748 [ERROR] LogOutputStream:75 - [STDERR_REDIRECT] 
2025-06-25 21:04:26,748 [ERROR] LogOutputStream:75 - [STDERR_REDIRECT] [Fatal Error] :1:1: Premature end of file.
2025-06-25 21:04:26,748 [ERROR] LogOutputStream:75 - [STDERR_REDIRECT] 
2025-06-25 21:04:27,763 [ERROR] LogOutputStream:75 - [STDERR_REDIRECT] [Fatal Error] :1:1: Premature end of file.
2025-06-25 21:04:27,763 [ERROR] LogOutputStream:75 - [STDERR_REDIRECT] 
2025-06-25 21:04:28,748 [ERROR] LogOutputStream:75 - [STDERR_REDIRECT] [Fatal Error] :1:1: Premature end of file.
2025-06-25 21:04:28,748 [ERROR] LogOutputStream:75 - [STDERR_REDIRECT] 
2025-06-25 21:04:29,763 [ERROR] LogOutputStream:75 - [STDERR_REDIRECT] [Fatal Error] :1:1: Premature end of file.
2025-06-25 21:04:29,763 [ERROR] LogOutputStream:75 - [STDERR_REDIRECT] 
2025-06-25 21:04:30,747 [ERROR] LogOutputStream:75 - [STDERR_REDIRECT] [Fatal Error] :1:1: Premature end of file.
2025-06-25 21:04:30,747 [ERROR] LogOutputStream:75 - [STDERR_REDIRECT] 
2025-06-25 21:04:31,748 [ERROR] LogOutputStream:75 - [STDERR_REDIRECT] [Fatal Error] :1:1: Premature end of file.
2025-06-25 21:04:31,748 [ERROR] LogOutputStream:75 - [STDERR_REDIRECT] 
2025-06-25 21:04:32,749 [ERROR] LogOutputStream:75 - [STDERR_REDIRECT] [Fatal Error] :1:1: Premature end of file.
2025-06-25 21:04:32,749 [ERROR] LogOutputStream:75 - [STDERR_REDIRECT] 
2025-06-25 21:04:33,748 [ERROR] LogOutputStream:75 - [STDERR_REDIRECT] [Fatal Error] :1:1: Premature end of file.
2025-06-25 21:04:33,748 [ERROR] LogOutputStream:75 - [STDERR_REDIRECT] 
2025-06-25 21:04:34,749 [ERROR] LogOutputStream:75 - [STDERR_REDIRECT] [Fatal Error] :1:1: Premature end of file.
2025-06-25 21:04:34,749 [ERROR] LogOutputStream:75 - [STDERR_REDIRECT] 
2025-06-25 21:04:35,750 [ERROR] LogOutputStream:75 - [STDERR_REDIRECT] [Fatal Error] :1:1: Premature end of file.
2025-06-25 21:04:35,750 [ERROR] LogOutputStream:75 - [STDERR_REDIRECT] 
2025-06-25 21:04:36,748 [ERROR] LogOutputStream:75 - [STDERR_REDIRECT] [Fatal Error] :1:1: Premature end of file.
2025-06-25 21:04:36,748 [ERROR] LogOutputStream:75 - [STDERR_REDIRECT] 
2025-06-25 21:04:37,748 [ERROR] LogOutputStream:75 - [STDERR_REDIRECT] [Fatal Error] :1:1: Premature end of file.
2025-06-25 21:04:37,748 [ERROR] LogOutputStream:75 - [STDERR_REDIRECT] 
2025-06-25 21:04:38,747 [ERROR] LogOutputStream:75 - [STDERR_REDIRECT] [Fatal Error] :1:1: Premature end of file.
2025-06-25 21:04:38,747 [ERROR] LogOutputStream:75 - [STDERR_REDIRECT] 
2025-06-25 21:04:39,747 [ERROR] LogOutputStream:75 - [STDERR_REDIRECT] [Fatal Error] :1:1: Premature end of file.
2025-06-25 21:04:39,747 [ERROR] LogOutputStream:75 - [STDERR_REDIRECT] 
2025-06-25 21:04:40,748 [ERROR] LogOutputStream:75 - [STDERR_REDIRECT] [Fatal Error] :1:1: Premature end of file.
2025-06-25 21:04:40,748 [ERROR] LogOutputStream:75 - [STDERR_REDIRECT] 
2025-06-25 21:04:41,747 [ERROR] LogOutputStream:75 - [STDERR_REDIRECT] [Fatal Error] :1:1: Premature end of file.
2025-06-25 21:04:41,748 [ERROR] LogOutputStream:75 - [STDERR_REDIRECT] 
2025-06-25 21:04:42,753 [ERROR] LogOutputStream:75 - [STDERR_REDIRECT] [Fatal Error] :1:1: Premature end of file.
2025-06-25 21:04:42,753 [ERROR] LogOutputStream:75 - [STDERR_REDIRECT] 
2025-06-25 21:04:43,749 [ERROR] LogOutputStream:75 - [STDERR_REDIRECT] [Fatal Error] :1:1: Premature end of file.
2025-06-25 21:04:43,749 [ERROR] LogOutputStream:75 - [STDERR_REDIRECT] 
2025-06-25 21:04:44,747 [ERROR] LogOutputStream:75 - [STDERR_REDIRECT] [Fatal Error] :1:1: Premature end of file.
2025-06-25 21:04:44,747 [ERROR] LogOutputStream:75 - [STDERR_REDIRECT] 
2025-06-25 21:04:45,750 [ERROR] LogOutputStream:75 - [STDERR_REDIRECT] [Fatal Error] :1:1: Premature end of file.
2025-06-25 21:04:45,750 [ERROR] LogOutputStream:75 - [STDERR_REDIRECT] 
2025-06-25 21:04:46,748 [ERROR] LogOutputStream:75 - [STDERR_REDIRECT] [Fatal Error] :1:1: Premature end of file.
2025-06-25 21:04:46,749 [ERROR] LogOutputStream:75 - [STDERR_REDIRECT] 
2025-06-25 21:04:47,748 [ERROR] LogOutputStream:75 - [STDERR_REDIRECT] [Fatal Error] :1:1: Premature end of file.
2025-06-25 21:04:47,749 [ERROR] LogOutputStream:75 - [STDERR_REDIRECT] 
2025-06-25 21:04:48,746 [ERROR] LogOutputStream:75 - [STDERR_REDIRECT] [Fatal Error] :1:1: Premature end of file.
2025-06-25 21:04:48,747 [ERROR] LogOutputStream:75 - [STDERR_REDIRECT] 
2025-06-25 21:04:49,749 [ERROR] LogOutputStream:75 - [STDERR_REDIRECT] [Fatal Error] :1:1: Premature end of file.
2025-06-25 21:04:49,750 [ERROR] LogOutputStream:75 - [STDERR_REDIRECT] 
2025-06-25 21:04:50,748 [ERROR] LogOutputStream:75 - [STDERR_REDIRECT] [Fatal Error] :1:1: Premature end of file.
2025-06-25 21:04:50,748 [ERROR] LogOutputStream:75 - [STDERR_REDIRECT] 
2025-06-25 21:04:51,746 [ERROR] LogOutputStream:75 - [STDERR_REDIRECT] [Fatal Error] :1:1: Premature end of file.
2025-06-25 21:04:51,746 [ERROR] LogOutputStream:75 - [STDERR_REDIRECT] 
2025-06-25 21:04:52,748 [ERROR] LogOutputStream:75 - [STDERR_REDIRECT] [Fatal Error] :1:1: Premature end of file.
2025-06-25 21:04:52,748 [ERROR] LogOutputStream:75 - [STDERR_REDIRECT] 
2025-06-25 21:04:53,748 [ERROR] LogOutputStream:75 - [STDERR_REDIRECT] [Fatal Error] :1:1: Premature end of file.
2025-06-25 21:04:53,748 [ERROR] LogOutputStream:75 - [STDERR_REDIRECT] 
2025-06-25 21:04:54,748 [ERROR] LogOutputStream:75 - [STDERR_REDIRECT] [Fatal Error] :1:1: Premature end of file.
2025-06-25 21:04:54,748 [ERROR] LogOutputStream:75 - [STDERR_REDIRECT] 
2025-06-25 21:04:55,747 [ERROR] LogOutputStream:75 - [STDERR_REDIRECT] [Fatal Error] :1:1: Premature end of file.
2025-06-25 21:04:55,747 [ERROR] LogOutputStream:75 - [STDERR_REDIRECT] 
2025-06-25 21:04:56,748 [ERROR] LogOutputStream:75 - [STDERR_REDIRECT] [Fatal Error] :1:1: Premature end of file.
2025-06-25 21:04:56,748 [ERROR] LogOutputStream:75 - [STDERR_REDIRECT] 
2025-06-25 21:04:57,747 [ERROR] LogOutputStream:75 - [STDERR_REDIRECT] [Fatal Error] :1:1: Premature end of file.
2025-06-25 21:04:57,747 [ERROR] LogOutputStream:75 - [STDERR_REDIRECT] 
2025-06-25 21:04:58,749 [ERROR] LogOutputStream:75 - [STDERR_REDIRECT] [Fatal Error] :1:1: Premature end of file.
2025-06-25 21:04:58,749 [ERROR] LogOutputStream:75 - [STDERR_REDIRECT] 
2025-06-25 21:04:59,750 [ERROR] LogOutputStream:75 - [STDERR_REDIRECT] [Fatal Error] :1:1: Premature end of file.
2025-06-25 21:04:59,750 [ERROR] LogOutputStream:75 - [STDERR_REDIRECT] 
2025-06-25 21:05:00,749 [ERROR] LogOutputStream:75 - [STDERR_REDIRECT] [Fatal Error] :1:1: Premature end of file.
2025-06-25 21:05:00,749 [ERROR] LogOutputStream:75 - [STDERR_REDIRECT] 
2025-06-25 21:05:01,749 [ERROR] LogOutputStream:75 - [STDERR_REDIRECT] [Fatal Error] :1:1: Premature end of file.
2025-06-25 21:05:01,749 [ERROR] LogOutputStream:75 - [STDERR_REDIRECT] 
2025-06-25 21:05:02,746 [ERROR] LogOutputStream:75 - [STDERR_REDIRECT] [Fatal Error] :1:1: Premature end of file.
2025-06-25 21:05:02,746 [ERROR] LogOutputStream:75 - [STDERR_REDIRECT] 
2025-06-25 21:05:03,755 [ERROR] LogOutputStream:75 - [STDERR_REDIRECT] [Fatal Error] :1:1: Premature end of file.
2025-06-25 21:05:03,755 [ERROR] LogOutputStream:75 - [STDERR_REDIRECT] 
2025-06-25 21:05:04,748 [ERROR] LogOutputStream:75 - [STDERR_REDIRECT] [Fatal Error] :1:1: Premature end of file.
2025-06-25 21:05:04,748 [ERROR] LogOutputStream:75 - [STDERR_REDIRECT] 
2025-06-25 21:05:05,747 [ERROR] LogOutputStream:75 - [STDERR_REDIRECT] [Fatal Error] :1:1: Premature end of file.
2025-06-25 21:05:05,747 [ERROR] LogOutputStream:75 - [STDERR_REDIRECT] 
2025-06-25 21:05:06,747 [ERROR] LogOutputStream:75 - [STDERR_REDIRECT] [Fatal Error] :1:1: Premature end of file.
2025-06-25 21:05:06,747 [ERROR] LogOutputStream:75 - [STDERR_REDIRECT] 
2025-06-25 21:05:07,747 [ERROR] LogOutputStream:75 - [STDERR_REDIRECT] [Fatal Error] :1:1: Premature end of file.
2025-06-25 21:05:07,747 [ERROR] LogOutputStream:75 - [STDERR_REDIRECT] 
2025-06-25 21:05:08,748 [ERROR] LogOutputStream:75 - [STDERR_REDIRECT] [Fatal Error] :1:1: Premature end of file.
2025-06-25 21:05:08,748 [ERROR] LogOutputStream:75 - [STDERR_REDIRECT] 
2025-06-25 21:05:09,747 [ERROR] LogOutputStream:75 - [STDERR_REDIRECT] [Fatal Error] :1:1: Premature end of file.
2025-06-25 21:05:09,747 [ERROR] LogOutputStream:75 - [STDERR_REDIRECT] 
2025-06-25 21:05:10,746 [ERROR] LogOutputStream:75 - [STDERR_REDIRECT] [Fatal Error] :1:1: Premature end of file.
2025-06-25 21:05:10,746 [ERROR] LogOutputStream:75 - [STDERR_REDIRECT] 
2025-06-25 21:05:11,748 [ERROR] LogOutputStream:75 - [STDERR_REDIRECT] [Fatal Error] :1:1: Premature end of file.
2025-06-25 21:05:11,748 [ERROR] LogOutputStream:75 - [STDERR_REDIRECT] 
2025-06-25 21:05:12,748 [ERROR] LogOutputStream:75 - [STDERR_REDIRECT] [Fatal Error] :1:1: Premature end of file.
2025-06-25 21:05:12,748 [ERROR] LogOutputStream:75 - [STDERR_REDIRECT] 
2025-06-25 21:05:13,750 [ERROR] LogOutputStream:75 - [STDERR_REDIRECT] [Fatal Error] :1:1: Premature end of file.
2025-06-25 21:05:13,750 [ERROR] LogOutputStream:75 - [STDERR_REDIRECT] 
2025-06-25 21:05:14,749 [ERROR] LogOutputStream:75 - [STDERR_REDIRECT] [Fatal Error] :1:1: Premature end of file.
2025-06-25 21:05:14,749 [ERROR] LogOutputStream:75 - [STDERR_REDIRECT] 
2025-06-25 21:05:15,747 [ERROR] LogOutputStream:75 - [STDERR_REDIRECT] [Fatal Error] :1:1: Premature end of file.
2025-06-25 21:05:15,748 [ERROR] LogOutputStream:75 - [STDERR_REDIRECT] 
2025-06-25 21:05:16,759 [ERROR] LogOutputStream:75 - [STDERR_REDIRECT] [Fatal Error] :1:1: Premature end of file.
2025-06-25 21:05:16,759 [ERROR] LogOutputStream:75 - [STDERR_REDIRECT] 
2025-06-25 21:05:17,747 [ERROR] LogOutputStream:75 - [STDERR_REDIRECT] [Fatal Error] :1:1: Premature end of file.
2025-06-25 21:05:17,747 [ERROR] LogOutputStream:75 - [STDERR_REDIRECT] 
2025-06-25 21:05:18,759 [ERROR] LogOutputStream:75 - [STDERR_REDIRECT] [Fatal Error] :1:1: Premature end of file.
2025-06-25 21:05:18,759 [ERROR] LogOutputStream:75 - [STDERR_REDIRECT] 
2025-06-25 21:05:19,748 [ERROR] LogOutputStream:75 - [STDERR_REDIRECT] [Fatal Error] :1:1: Premature end of file.
2025-06-25 21:05:19,748 [ERROR] LogOutputStream:75 - [STDERR_REDIRECT] 
2025-06-25 21:05:20,746 [ERROR] LogOutputStream:75 - [STDERR_REDIRECT] [Fatal Error] :1:1: Premature end of file.
2025-06-25 21:05:20,746 [ERROR] LogOutputStream:75 - [STDERR_REDIRECT] 
2025-06-25 21:05:21,747 [ERROR] LogOutputStream:75 - [STDERR_REDIRECT] [Fatal Error] :1:1: Premature end of file.
2025-06-25 21:05:21,748 [ERROR] LogOutputStream:75 - [STDERR_REDIRECT] 
2025-06-25 21:05:22,747 [ERROR] LogOutputStream:75 - [STDERR_REDIRECT] [Fatal Error] :1:1: Premature end of file.
2025-06-25 21:05:22,747 [ERROR] LogOutputStream:75 - [STDERR_REDIRECT] 
2025-06-25 21:05:23,751 [ERROR] LogOutputStream:75 - [STDERR_REDIRECT] [Fatal Error] :1:1: Premature end of file.
2025-06-25 21:05:23,751 [ERROR] LogOutputStream:75 - [STDERR_REDIRECT] 
2025-06-25 21:05:24,747 [ERROR] LogOutputStream:75 - [STDERR_REDIRECT] [Fatal Error] :1:1: Premature end of file.
2025-06-25 21:05:24,747 [ERROR] LogOutputStream:75 - [STDERR_REDIRECT] 
2025-06-25 21:05:25,749 [ERROR] LogOutputStream:75 - [STDERR_REDIRECT] [Fatal Error] :1:1: Premature end of file.
2025-06-25 21:05:25,749 [ERROR] LogOutputStream:75 - [STDERR_REDIRECT] 
2025-06-25 21:05:26,747 [ERROR] LogOutputStream:75 - [STDERR_REDIRECT] [Fatal Error] :1:1: Premature end of file.
2025-06-25 21:05:26,747 [ERROR] LogOutputStream:75 - [STDERR_REDIRECT] 
2025-06-25 21:05:27,747 [ERROR] LogOutputStream:75 - [STDERR_REDIRECT] [Fatal Error] :1:1: Premature end of file.
2025-06-25 21:05:27,747 [ERROR] LogOutputStream:75 - [STDERR_REDIRECT] 
2025-06-25 21:05:28,749 [ERROR] LogOutputStream:75 - [STDERR_REDIRECT] [Fatal Error] :1:1: Premature end of file.
2025-06-25 21:05:28,749 [ERROR] LogOutputStream:75 - [STDERR_REDIRECT] 
2025-06-25 21:05:29,750 [ERROR] LogOutputStream:75 - [STDERR_REDIRECT] [Fatal Error] :1:1: Premature end of file.
2025-06-25 21:05:29,750 [ERROR] LogOutputStream:75 - [STDERR_REDIRECT] 
2025-06-25 21:05:30,747 [ERROR] LogOutputStream:75 - [STDERR_REDIRECT] [Fatal Error] :1:1: Premature end of file.
2025-06-25 21:05:30,747 [ERROR] LogOutputStream:75 - [STDERR_REDIRECT] 
2025-06-25 21:05:31,754 [ERROR] LogOutputStream:75 - [STDERR_REDIRECT] [Fatal Error] :1:1: Premature end of file.
2025-06-25 21:05:31,755 [ERROR] LogOutputStream:75 - [STDERR_REDIRECT] 
2025-06-25 21:05:32,748 [ERROR] LogOutputStream:75 - [STDERR_REDIRECT] [Fatal Error] :1:1: Premature end of file.
2025-06-25 21:05:32,749 [ERROR] LogOutputStream:75 - [STDERR_REDIRECT] 
2025-06-25 21:05:33,746 [ERROR] LogOutputStream:75 - [STDERR_REDIRECT] [Fatal Error] :1:1: Premature end of file.
2025-06-25 21:05:33,746 [ERROR] LogOutputStream:75 - [STDERR_REDIRECT] 
2025-06-25 21:05:34,747 [ERROR] LogOutputStream:75 - [STDERR_REDIRECT] [Fatal Error] :1:1: Premature end of file.
2025-06-25 21:05:34,747 [ERROR] LogOutputStream:75 - [STDERR_REDIRECT] 
2025-06-25 21:05:35,747 [ERROR] LogOutputStream:75 - [STDERR_REDIRECT] [Fatal Error] :1:1: Premature end of file.
2025-06-25 21:05:35,748 [ERROR] LogOutputStream:75 - [STDERR_REDIRECT] 
2025-06-25 21:05:36,753 [ERROR] LogOutputStream:75 - [STDERR_REDIRECT] [Fatal Error] :1:1: Premature end of file.
2025-06-25 21:05:36,753 [ERROR] LogOutputStream:75 - [STDERR_REDIRECT] 
2025-06-25 21:05:37,749 [ERROR] LogOutputStream:75 - [STDERR_REDIRECT] [Fatal Error] :1:1: Premature end of file.
2025-06-25 21:05:37,749 [ERROR] LogOutputStream:75 - [STDERR_REDIRECT] 
2025-06-25 21:05:38,750 [ERROR] LogOutputStream:75 - [STDERR_REDIRECT] [Fatal Error] :1:1: Premature end of file.
2025-06-25 21:05:38,750 [ERROR] LogOutputStream:75 - [STDERR_REDIRECT] 
2025-06-25 21:05:39,761 [ERROR] LogOutputStream:75 - [STDERR_REDIRECT] [Fatal Error] :1:1: Premature end of file.
2025-06-25 21:05:39,761 [ERROR] LogOutputStream:75 - [STDERR_REDIRECT] 
2025-06-25 21:05:40,752 [ERROR] LogOutputStream:75 - [STDERR_REDIRECT] [Fatal Error] :1:1: Premature end of file.
2025-06-25 21:05:40,752 [ERROR] LogOutputStream:75 - [STDERR_REDIRECT] 
2025-06-25 21:05:41,761 [ERROR] LogOutputStream:75 - [STDERR_REDIRECT] [Fatal Error] :1:1: Premature end of file.
2025-06-25 21:05:41,762 [ERROR] LogOutputStream:75 - [STDERR_REDIRECT] 
2025-06-25 21:05:42,751 [ERROR] LogOutputStream:75 - [STDERR_REDIRECT] [Fatal Error] :1:1: Premature end of file.
2025-06-25 21:05:42,752 [ERROR] LogOutputStream:75 - [STDERR_REDIRECT] 
2025-06-25 21:05:43,759 [ERROR] LogOutputStream:75 - [STDERR_REDIRECT] [Fatal Error] :1:1: Premature end of file.
2025-06-25 21:05:43,759 [ERROR] LogOutputStream:75 - [STDERR_REDIRECT] 
2025-06-25 21:05:44,759 [ERROR] LogOutputStream:75 - [STDERR_REDIRECT] [Fatal Error] :1:1: Premature end of file.
2025-06-25 21:05:44,760 [ERROR] LogOutputStream:75 - [STDERR_REDIRECT] 
2025-06-25 21:05:45,750 [ERROR] LogOutputStream:75 - [STDERR_REDIRECT] [Fatal Error] :1:1: Premature end of file.
2025-06-25 21:05:45,750 [ERROR] LogOutputStream:75 - [STDERR_REDIRECT] 
2025-06-25 21:05:46,756 [ERROR] LogOutputStream:75 - [STDERR_REDIRECT] [Fatal Error] :1:1: Premature end of file.
2025-06-25 21:05:46,756 [ERROR] LogOutputStream:75 - [STDERR_REDIRECT] 
2025-06-25 21:05:47,771 [ERROR] LogOutputStream:75 - [STDERR_REDIRECT] [Fatal Error] :1:1: Premature end of file.
2025-06-25 21:05:47,771 [ERROR] LogOutputStream:75 - [STDERR_REDIRECT] 
2025-06-25 21:05:48,753 [ERROR] LogOutputStream:75 - [STDERR_REDIRECT] [Fatal Error] :1:1: Premature end of file.
2025-06-25 21:05:48,753 [ERROR] LogOutputStream:75 - [STDERR_REDIRECT] 
2025-06-25 21:05:49,757 [ERROR] LogOutputStream:75 - [STDERR_REDIRECT] [Fatal Error] :1:1: Premature end of file.
2025-06-25 21:05:49,758 [ERROR] LogOutputStream:75 - [STDERR_REDIRECT] 
2025-06-25 21:05:50,748 [ERROR] LogOutputStream:75 - [STDERR_REDIRECT] [Fatal Error] :1:1: Premature end of file.
2025-06-25 21:05:50,748 [ERROR] LogOutputStream:75 - [STDERR_REDIRECT] 
2025-06-25 21:05:51,761 [ERROR] LogOutputStream:75 - [STDERR_REDIRECT] [Fatal Error] :1:1: Premature end of file.
2025-06-25 21:05:51,761 [ERROR] LogOutputStream:75 - [STDERR_REDIRECT] 
2025-06-25 21:05:52,750 [ERROR] LogOutputStream:75 - [STDERR_REDIRECT] [Fatal Error] :1:1: Premature end of file.
2025-06-25 21:05:52,751 [ERROR] LogOutputStream:75 - [STDERR_REDIRECT] 
2025-06-25 21:05:53,762 [ERROR] LogOutputStream:75 - [STDERR_REDIRECT] [Fatal Error] :1:1: Premature end of file.
2025-06-25 21:05:53,762 [ERROR] LogOutputStream:75 - [STDERR_REDIRECT] 
2025-06-25 21:05:54,754 [ERROR] LogOutputStream:75 - [STDERR_REDIRECT] [Fatal Error] :1:1: Premature end of file.
2025-06-25 21:05:54,755 [ERROR] LogOutputStream:75 - [STDERR_REDIRECT] 
2025-06-25 21:05:55,748 [ERROR] LogOutputStream:75 - [STDERR_REDIRECT] [Fatal Error] :1:1: Premature end of file.
2025-06-25 21:05:55,749 [ERROR] LogOutputStream:75 - [STDERR_REDIRECT] 
2025-06-25 21:05:56,754 [ERROR] LogOutputStream:75 - [STDERR_REDIRECT] [Fatal Error] :1:1: Premature end of file.
2025-06-25 21:05:56,754 [ERROR] LogOutputStream:75 - [STDERR_REDIRECT] 
2025-06-25 21:05:57,763 [ERROR] LogOutputStream:75 - [STDERR_REDIRECT] [Fatal Error] :1:1: Premature end of file.
2025-06-25 21:05:57,764 [ERROR] LogOutputStream:75 - [STDERR_REDIRECT] 
2025-06-25 21:05:58,751 [ERROR] LogOutputStream:75 - [STDERR_REDIRECT] [Fatal Error] :1:1: Premature end of file.
2025-06-25 21:05:58,751 [ERROR] LogOutputStream:75 - [STDERR_REDIRECT] 
2025-06-25 21:05:59,761 [ERROR] LogOutputStream:75 - [STDERR_REDIRECT] [Fatal Error] :1:1: Premature end of file.
2025-06-25 21:05:59,761 [ERROR] LogOutputStream:75 - [STDERR_REDIRECT] 
2025-06-25 21:06:00,750 [ERROR] LogOutputStream:75 - [STDERR_REDIRECT] [Fatal Error] :1:1: Premature end of file.
2025-06-25 21:06:00,750 [ERROR] LogOutputStream:75 - [STDERR_REDIRECT] 
2025-06-25 21:06:01,759 [ERROR] LogOutputStream:75 - [STDERR_REDIRECT] [Fatal Error] :1:1: Premature end of file.
2025-06-25 21:06:01,759 [ERROR] LogOutputStream:75 - [STDERR_REDIRECT] 
2025-06-25 21:06:02,752 [ERROR] LogOutputStream:75 - [STDERR_REDIRECT] [Fatal Error] :1:1: Premature end of file.
2025-06-25 21:06:02,752 [ERROR] LogOutputStream:75 - [STDERR_REDIRECT] 
2025-06-25 21:06:03,760 [ERROR] LogOutputStream:75 - [STDERR_REDIRECT] [Fatal Error] :1:1: Premature end of file.
2025-06-25 21:06:03,760 [ERROR] LogOutputStream:75 - [STDERR_REDIRECT] 
2025-06-25 21:06:04,753 [ERROR] LogOutputStream:75 - [STDERR_REDIRECT] [Fatal Error] :1:1: Premature end of file.
2025-06-25 21:06:04,753 [ERROR] LogOutputStream:75 - [STDERR_REDIRECT] 
2025-06-25 21:06:05,761 [ERROR] LogOutputStream:75 - [STDERR_REDIRECT] [Fatal Error] :1:1: Premature end of file.
2025-06-25 21:06:05,761 [ERROR] LogOutputStream:75 - [STDERR_REDIRECT] 
2025-06-25 21:06:06,756 [ERROR] LogOutputStream:75 - [STDERR_REDIRECT] [Fatal Error] :1:1: Premature end of file.
2025-06-25 21:06:06,756 [ERROR] LogOutputStream:75 - [STDERR_REDIRECT] 
2025-06-25 21:06:07,758 [ERROR] LogOutputStream:75 - [STDERR_REDIRECT] [Fatal Error] :1:1: Premature end of file.
2025-06-25 21:06:07,758 [ERROR] LogOutputStream:75 - [STDERR_REDIRECT] 
2025-06-25 21:06:08,754 [ERROR] LogOutputStream:75 - [STDERR_REDIRECT] [Fatal Error] :1:1: Premature end of file.
2025-06-25 21:06:08,754 [ERROR] LogOutputStream:75 - [STDERR_REDIRECT] 
2025-06-25 21:06:09,749 [ERROR] LogOutputStream:75 - [STDERR_REDIRECT] [Fatal Error] :1:1: Premature end of file.
2025-06-25 21:06:09,751 [ERROR] LogOutputStream:75 - [STDERR_REDIRECT] 
2025-06-25 21:06:10,748 [ERROR] LogOutputStream:75 - [STDERR_REDIRECT] [Fatal Error] :1:1: Premature end of file.
2025-06-25 21:06:10,748 [ERROR] LogOutputStream:75 - [STDERR_REDIRECT] 
2025-06-25 21:06:11,772 [ERROR] LogOutputStream:75 - [STDERR_REDIRECT] [Fatal Error] :1:1: Premature end of file.
2025-06-25 21:06:11,772 [ERROR] LogOutputStream:75 - [STDERR_REDIRECT] 
2025-06-25 21:06:12,761 [ERROR] LogOutputStream:75 - [STDERR_REDIRECT] [Fatal Error] :1:1: Premature end of file.
2025-06-25 21:06:12,762 [ERROR] LogOutputStream:75 - [STDERR_REDIRECT] 
2025-06-25 21:06:13,751 [ERROR] LogOutputStream:75 - [STDERR_REDIRECT] [Fatal Error] :1:1: Premature end of file.
2025-06-25 21:06:13,751 [ERROR] LogOutputStream:75 - [STDERR_REDIRECT] 
2025-06-25 21:06:14,757 [ERROR] LogOutputStream:75 - [STDERR_REDIRECT] [Fatal Error] :1:1: Premature end of file.
2025-06-25 21:06:14,758 [ERROR] LogOutputStream:75 - [STDERR_REDIRECT] 
2025-06-25 21:06:15,752 [ERROR] LogOutputStream:75 - [STDERR_REDIRECT] [Fatal Error] :1:1: Premature end of file.
2025-06-25 21:06:15,753 [ERROR] LogOutputStream:75 - [STDERR_REDIRECT] 
2025-06-25 21:06:16,769 [ERROR] LogOutputStream:75 - [STDERR_REDIRECT] [Fatal Error] :1:1: Premature end of file.
2025-06-25 21:06:16,770 [ERROR] LogOutputStream:75 - [STDERR_REDIRECT] 
2025-06-25 21:06:17,755 [ERROR] LogOutputStream:75 - [STDERR_REDIRECT] [Fatal Error] :1:1: Premature end of file.
2025-06-25 21:06:17,755 [ERROR] LogOutputStream:75 - [STDERR_REDIRECT] 
2025-06-25 21:06:18,762 [ERROR] LogOutputStream:75 - [STDERR_REDIRECT] [Fatal Error] :1:1: Premature end of file.
2025-06-25 21:06:18,762 [ERROR] LogOutputStream:75 - [STDERR_REDIRECT] 
2025-06-25 21:06:19,752 [ERROR] LogOutputStream:75 - [STDERR_REDIRECT] [Fatal Error] :1:1: Premature end of file.
2025-06-25 21:06:19,752 [ERROR] LogOutputStream:75 - [STDERR_REDIRECT] 
2025-06-25 21:06:20,762 [ERROR] LogOutputStream:75 - [STDERR_REDIRECT] [Fatal Error] :1:1: Premature end of file.
2025-06-25 21:06:20,762 [ERROR] LogOutputStream:75 - [STDERR_REDIRECT] 
2025-06-25 21:06:21,758 [ERROR] LogOutputStream:75 - [STDERR_REDIRECT] [Fatal Error] :1:1: Premature end of file.
2025-06-25 21:06:21,758 [ERROR] LogOutputStream:75 - [STDERR_REDIRECT] 
2025-06-25 21:06:22,752 [ERROR] LogOutputStream:75 - [STDERR_REDIRECT] [Fatal Error] :1:1: Premature end of file.
2025-06-25 21:06:22,753 [ERROR] LogOutputStream:75 - [STDERR_REDIRECT] 
2025-06-25 21:06:23,755 [ERROR] LogOutputStream:75 - [STDERR_REDIRECT] [Fatal Error] :1:1: Premature end of file.
2025-06-25 21:06:23,755 [ERROR] LogOutputStream:75 - [STDERR_REDIRECT] 
2025-06-25 21:06:24,748 [ERROR] LogOutputStream:75 - [STDERR_REDIRECT] [Fatal Error] :1:1: Premature end of file.
2025-06-25 21:06:24,748 [ERROR] LogOutputStream:75 - [STDERR_REDIRECT] 
2025-06-25 21:06:25,757 [ERROR] LogOutputStream:75 - [STDERR_REDIRECT] [Fatal Error] :1:1: Premature end of file.
2025-06-25 21:06:25,758 [ERROR] LogOutputStream:75 - [STDERR_REDIRECT] 
2025-06-25 21:06:26,761 [ERROR] LogOutputStream:75 - [STDERR_REDIRECT] [Fatal Error] :1:1: Premature end of file.
2025-06-25 21:06:26,761 [ERROR] LogOutputStream:75 - [STDERR_REDIRECT] 
2025-06-25 21:06:27,753 [ERROR] LogOutputStream:75 - [STDERR_REDIRECT] [Fatal Error] :1:1: Premature end of file.
2025-06-25 21:06:27,753 [ERROR] LogOutputStream:75 - [STDERR_REDIRECT] 
2025-06-25 21:06:28,749 [ERROR] LogOutputStream:75 - [STDERR_REDIRECT] [Fatal Error] :1:1: Premature end of file.
2025-06-25 21:06:28,749 [ERROR] LogOutputStream:75 - [STDERR_REDIRECT] 
2025-06-25 21:06:29,757 [ERROR] LogOutputStream:75 - [STDERR_REDIRECT] [Fatal Error] :1:1: Premature end of file.
2025-06-25 21:06:29,758 [ERROR] LogOutputStream:75 - [STDERR_REDIRECT] 
2025-06-25 21:06:30,752 [ERROR] LogOutputStream:75 - [STDERR_REDIRECT] [Fatal Error] :1:1: Premature end of file.
2025-06-25 21:06:30,752 [ERROR] LogOutputStream:75 - [STDERR_REDIRECT] 
2025-06-25 21:06:31,756 [ERROR] LogOutputStream:75 - [STDERR_REDIRECT] [Fatal Error] :1:1: Premature end of file.
2025-06-25 21:06:31,756 [ERROR] LogOutputStream:75 - [STDERR_REDIRECT] 
2025-06-25 21:06:32,754 [ERROR] LogOutputStream:75 - [STDERR_REDIRECT] [Fatal Error] :1:1: Premature end of file.
2025-06-25 21:06:32,754 [ERROR] LogOutputStream:75 - [STDERR_REDIRECT] 
2025-06-25 21:06:33,749 [ERROR] LogOutputStream:75 - [STDERR_REDIRECT] [Fatal Error] :1:1: Premature end of file.
2025-06-25 21:06:33,750 [ERROR] LogOutputStream:75 - [STDERR_REDIRECT] 
2025-06-25 21:06:34,751 [ERROR] LogOutputStream:75 - [STDERR_REDIRECT] [Fatal Error] :1:1: Premature end of file.
2025-06-25 21:06:34,751 [ERROR] LogOutputStream:75 - [STDERR_REDIRECT] 
2025-06-25 21:06:35,750 [ERROR] LogOutputStream:75 - [STDERR_REDIRECT] [Fatal Error] :1:1: Premature end of file.
2025-06-25 21:06:35,750 [ERROR] LogOutputStream:75 - [STDERR_REDIRECT] 
2025-06-25 21:06:36,761 [ERROR] LogOutputStream:75 - [STDERR_REDIRECT] [Fatal Error] :1:1: Premature end of file.
2025-06-25 21:06:36,761 [ERROR] LogOutputStream:75 - [STDERR_REDIRECT] 
2025-06-25 21:06:37,764 [ERROR] LogOutputStream:75 - [STDERR_REDIRECT] [Fatal Error] :1:1: Premature end of file.
2025-06-25 21:06:37,764 [ERROR] LogOutputStream:75 - [STDERR_REDIRECT] 
2025-06-25 21:06:38,757 [ERROR] LogOutputStream:75 - [STDERR_REDIRECT] [Fatal Error] :1:1: Premature end of file.
2025-06-25 21:06:38,757 [ERROR] LogOutputStream:75 - [STDERR_REDIRECT] 
2025-06-25 21:06:39,748 [ERROR] LogOutputStream:75 - [STDERR_REDIRECT] [Fatal Error] :1:1: Premature end of file.
2025-06-25 21:06:39,748 [ERROR] LogOutputStream:75 - [STDERR_REDIRECT] 
2025-06-25 21:06:40,746 [ERROR] LogOutputStream:75 - [STDERR_REDIRECT] [Fatal Error] :1:1: Premature end of file.
2025-06-25 21:06:40,746 [ERROR] LogOutputStream:75 - [STDERR_REDIRECT] 
2025-06-25 21:06:41,747 [ERROR] LogOutputStream:75 - [STDERR_REDIRECT] [Fatal Error] :1:1: Premature end of file.
2025-06-25 21:06:41,748 [ERROR] LogOutputStream:75 - [STDERR_REDIRECT] 
2025-06-25 21:06:42,755 [ERROR] LogOutputStream:75 - [STDERR_REDIRECT] [Fatal Error] :1:1: Premature end of file.
2025-06-25 21:06:42,755 [ERROR] LogOutputStream:75 - [STDERR_REDIRECT] 
2025-06-25 21:06:43,748 [ERROR] LogOutputStream:75 - [STDERR_REDIRECT] [Fatal Error] :1:1: Premature end of file.
2025-06-25 21:06:43,748 [ERROR] LogOutputStream:75 - [STDERR_REDIRECT] 
2025-06-25 21:06:44,746 [ERROR] LogOutputStream:75 - [STDERR_REDIRECT] [Fatal Error] :1:1: Premature end of file.
2025-06-25 21:06:44,746 [ERROR] LogOutputStream:75 - [STDERR_REDIRECT] 
2025-06-25 21:06:45,747 [ERROR] LogOutputStream:75 - [STDERR_REDIRECT] [Fatal Error] :1:1: Premature end of file.
2025-06-25 21:06:45,747 [ERROR] LogOutputStream:75 - [STDERR_REDIRECT] 
2025-06-25 21:06:46,748 [ERROR] LogOutputStream:75 - [STDERR_REDIRECT] [Fatal Error] :1:1: Premature end of file.
2025-06-25 21:06:46,748 [ERROR] LogOutputStream:75 - [STDERR_REDIRECT] 
2025-06-25 21:06:47,747 [ERROR] LogOutputStream:75 - [STDERR_REDIRECT] [Fatal Error] :1:1: Premature end of file.
2025-06-25 21:06:47,748 [ERROR] LogOutputStream:75 - [STDERR_REDIRECT] 
2025-06-25 21:06:48,758 [ERROR] LogOutputStream:75 - [STDERR_REDIRECT] [Fatal Error] :1:1: Premature end of file.
2025-06-25 21:06:48,758 [ERROR] LogOutputStream:75 - [STDERR_REDIRECT] 
2025-06-25 21:06:49,762 [ERROR] LogOutputStream:75 - [STDERR_REDIRECT] [Fatal Error] :1:1: Premature end of file.
2025-06-25 21:06:49,762 [ERROR] LogOutputStream:75 - [STDERR_REDIRECT] 
2025-06-25 21:06:50,756 [ERROR] LogOutputStream:75 - [STDERR_REDIRECT] [Fatal Error] :1:1: Premature end of file.
2025-06-25 21:06:50,757 [ERROR] LogOutputStream:75 - [STDERR_REDIRECT] 
2025-06-25 21:06:51,763 [ERROR] LogOutputStream:75 - [STDERR_REDIRECT] [Fatal Error] :1:1: Premature end of file.
2025-06-25 21:06:51,763 [ERROR] LogOutputStream:75 - [STDERR_REDIRECT] 
2025-06-25 21:06:52,756 [ERROR] LogOutputStream:75 - [STDERR_REDIRECT] [Fatal Error] :1:1: Premature end of file.
2025-06-25 21:06:52,756 [ERROR] LogOutputStream:75 - [STDERR_REDIRECT] 
2025-06-25 21:06:53,762 [ERROR] LogOutputStream:75 - [STDERR_REDIRECT] [Fatal Error] :1:1: Premature end of file.
2025-06-25 21:06:53,762 [ERROR] LogOutputStream:75 - [STDERR_REDIRECT] 
2025-06-25 21:06:54,753 [ERROR] LogOutputStream:75 - [STDERR_REDIRECT] [Fatal Error] :1:1: Premature end of file.
2025-06-25 21:06:54,753 [ERROR] LogOutputStream:75 - [STDERR_REDIRECT] 
2025-06-25 21:06:55,754 [ERROR] LogOutputStream:75 - [STDERR_REDIRECT] [Fatal Error] :1:1: Premature end of file.
2025-06-25 21:06:55,754 [ERROR] LogOutputStream:75 - [STDERR_REDIRECT] 
2025-06-25 21:06:56,758 [ERROR] LogOutputStream:75 - [STDERR_REDIRECT] [Fatal Error] :1:1: Premature end of file.
2025-06-25 21:06:56,758 [ERROR] LogOutputStream:75 - [STDERR_REDIRECT] 
2025-06-25 21:06:57,755 [ERROR] LogOutputStream:75 - [STDERR_REDIRECT] [Fatal Error] :1:1: Premature end of file.
2025-06-25 21:06:57,755 [ERROR] LogOutputStream:75 - [STDERR_REDIRECT] 
2025-06-25 21:06:58,761 [ERROR] LogOutputStream:75 - [STDERR_REDIRECT] [Fatal Error] :1:1: Premature end of file.
2025-06-25 21:06:58,761 [ERROR] LogOutputStream:75 - [STDERR_REDIRECT] 
2025-06-25 21:06:59,752 [ERROR] LogOutputStream:75 - [STDERR_REDIRECT] [Fatal Error] :1:1: Premature end of file.
2025-06-25 21:06:59,752 [ERROR] LogOutputStream:75 - [STDERR_REDIRECT] 
2025-06-25 21:07:00,760 [ERROR] LogOutputStream:75 - [STDERR_REDIRECT] [Fatal Error] :1:1: Premature end of file.
2025-06-25 21:07:00,760 [ERROR] LogOutputStream:75 - [STDERR_REDIRECT] 
2025-06-25 21:07:01,749 [ERROR] LogOutputStream:75 - [STDERR_REDIRECT] [Fatal Error] :1:1: Premature end of file.
2025-06-25 21:07:01,749 [ERROR] LogOutputStream:75 - [STDERR_REDIRECT] 
2025-06-25 21:07:02,755 [ERROR] LogOutputStream:75 - [STDERR_REDIRECT] [Fatal Error] :1:1: Premature end of file.
2025-06-25 21:07:02,755 [ERROR] LogOutputStream:75 - [STDERR_REDIRECT] 
2025-06-25 21:07:03,756 [ERROR] LogOutputStream:75 - [STDERR_REDIRECT] [Fatal Error] :1:1: Premature end of file.
2025-06-25 21:07:03,756 [ERROR] LogOutputStream:75 - [STDERR_REDIRECT] 
2025-06-25 21:07:04,763 [ERROR] LogOutputStream:75 - [STDERR_REDIRECT] [Fatal Error] :1:1: Premature end of file.
2025-06-25 21:07:04,763 [ERROR] LogOutputStream:75 - [STDERR_REDIRECT] 
2025-06-25 21:07:05,752 [ERROR] LogOutputStream:75 - [STDERR_REDIRECT] [Fatal Error] :1:1: Premature end of file.
2025-06-25 21:07:05,753 [ERROR] LogOutputStream:75 - [STDERR_REDIRECT] 
2025-06-25 21:07:06,761 [ERROR] LogOutputStream:75 - [STDERR_REDIRECT] [Fatal Error] :1:1: Premature end of file.
2025-06-25 21:07:06,761 [ERROR] LogOutputStream:75 - [STDERR_REDIRECT] 
2025-06-25 21:07:07,750 [ERROR] LogOutputStream:75 - [STDERR_REDIRECT] [Fatal Error] :1:1: Premature end of file.
2025-06-25 21:07:07,752 [ERROR] LogOutputStream:75 - [STDERR_REDIRECT] 
2025-06-25 21:07:08,759 [ERROR] LogOutputStream:75 - [STDERR_REDIRECT] [Fatal Error] :1:1: Premature end of file.
2025-06-25 21:07:08,759 [ERROR] LogOutputStream:75 - [STDERR_REDIRECT] 
2025-06-25 21:07:09,749 [ERROR] LogOutputStream:75 - [STDERR_REDIRECT] [Fatal Error] :1:1: Premature end of file.
2025-06-25 21:07:09,749 [ERROR] LogOutputStream:75 - [STDERR_REDIRECT] 
2025-06-25 21:07:10,760 [ERROR] LogOutputStream:75 - [STDERR_REDIRECT] [Fatal Error] :1:1: Premature end of file.
2025-06-25 21:07:10,760 [ERROR] LogOutputStream:75 - [STDERR_REDIRECT] 
2025-06-25 21:07:11,749 [ERROR] LogOutputStream:75 - [STDERR_REDIRECT] [Fatal Error] :1:1: Premature end of file.
2025-06-25 21:07:11,749 [ERROR] LogOutputStream:75 - [STDERR_REDIRECT] 
2025-06-25 21:07:12,758 [ERROR] LogOutputStream:75 - [STDERR_REDIRECT] [Fatal Error] :1:1: Premature end of file.
2025-06-25 21:07:12,758 [ERROR] LogOutputStream:75 - [STDERR_REDIRECT] 
2025-06-25 21:07:13,754 [ERROR] LogOutputStream:75 - [STDERR_REDIRECT] [Fatal Error] :1:1: Premature end of file.
2025-06-25 21:07:13,754 [ERROR] LogOutputStream:75 - [STDERR_REDIRECT] 
2025-06-25 21:07:14,749 [ERROR] LogOutputStream:75 - [STDERR_REDIRECT] [Fatal Error] :1:1: Premature end of file.
2025-06-25 21:07:14,749 [ERROR] LogOutputStream:75 - [STDERR_REDIRECT] 
2025-06-25 21:07:15,758 [ERROR] LogOutputStream:75 - [STDERR_REDIRECT] [Fatal Error] :1:1: Premature end of file.
2025-06-25 21:07:15,758 [ERROR] LogOutputStream:75 - [STDERR_REDIRECT] 
2025-06-25 21:07:16,756 [ERROR] LogOutputStream:75 - [STDERR_REDIRECT] [Fatal Error] :1:1: Premature end of file.
2025-06-25 21:07:16,756 [ERROR] LogOutputStream:75 - [STDERR_REDIRECT] 
2025-06-25 21:07:17,759 [ERROR] LogOutputStream:75 - [STDERR_REDIRECT] [Fatal Error] :1:1: Premature end of file.
2025-06-25 21:07:17,759 [ERROR] LogOutputStream:75 - [STDERR_REDIRECT] 
2025-06-25 21:07:18,753 [ERROR] LogOutputStream:75 - [STDERR_REDIRECT] [Fatal Error] :1:1: Premature end of file.
2025-06-25 21:07:18,753 [ERROR] LogOutputStream:75 - [STDERR_REDIRECT] 
2025-06-25 21:07:19,760 [ERROR] LogOutputStream:75 - [STDERR_REDIRECT] [Fatal Error] :1:1: Premature end of file.
2025-06-25 21:07:19,760 [ERROR] LogOutputStream:75 - [STDERR_REDIRECT] 
2025-06-25 21:07:20,755 [ERROR] LogOutputStream:75 - [STDERR_REDIRECT] [Fatal Error] :1:1: Premature end of file.
2025-06-25 21:07:20,755 [ERROR] LogOutputStream:75 - [STDERR_REDIRECT] 
2025-06-25 21:07:21,751 [ERROR] LogOutputStream:75 - [STDERR_REDIRECT] [Fatal Error] :1:1: Premature end of file.
2025-06-25 21:07:21,751 [ERROR] LogOutputStream:75 - [STDERR_REDIRECT] 
2025-06-25 21:07:22,751 [ERROR] LogOutputStream:75 - [STDERR_REDIRECT] [Fatal Error] :1:1: Premature end of file.
2025-06-25 21:07:22,751 [ERROR] LogOutputStream:75 - [STDERR_REDIRECT] 
2025-06-25 21:07:23,757 [ERROR] LogOutputStream:75 - [STDERR_REDIRECT] [Fatal Error] :1:1: Premature end of file.
2025-06-25 21:07:23,757 [ERROR] LogOutputStream:75 - [STDERR_REDIRECT] 
2025-06-25 21:07:24,763 [ERROR] LogOutputStream:75 - [STDERR_REDIRECT] [Fatal Error] :1:1: Premature end of file.
2025-06-25 21:07:24,763 [ERROR] LogOutputStream:75 - [STDERR_REDIRECT] 
2025-06-25 21:07:25,759 [ERROR] LogOutputStream:75 - [STDERR_REDIRECT] [Fatal Error] :1:1: Premature end of file.
2025-06-25 21:07:25,759 [ERROR] LogOutputStream:75 - [STDERR_REDIRECT] 
2025-06-25 21:07:26,753 [ERROR] LogOutputStream:75 - [STDERR_REDIRECT] [Fatal Error] :1:1: Premature end of file.
2025-06-25 21:07:26,754 [ERROR] LogOutputStream:75 - [STDERR_REDIRECT] 
2025-06-25 21:07:27,750 [ERROR] LogOutputStream:75 - [STDERR_REDIRECT] [Fatal Error] :1:1: Premature end of file.
2025-06-25 21:07:27,750 [ERROR] LogOutputStream:75 - [STDERR_REDIRECT] 
2025-06-25 21:07:28,759 [ERROR] LogOutputStream:75 - [STDERR_REDIRECT] [Fatal Error] :1:1: Premature end of file.
2025-06-25 21:07:28,759 [ERROR] LogOutputStream:75 - [STDERR_REDIRECT] 
2025-06-25 21:07:29,756 [ERROR] LogOutputStream:75 - [STDERR_REDIRECT] [Fatal Error] :1:1: Premature end of file.
2025-06-25 21:07:29,756 [ERROR] LogOutputStream:75 - [STDERR_REDIRECT] 
2025-06-25 21:07:30,762 [ERROR] LogOutputStream:75 - [STDERR_REDIRECT] [Fatal Error] :1:1: Premature end of file.
2025-06-25 21:07:30,762 [ERROR] LogOutputStream:75 - [STDERR_REDIRECT] 
2025-06-25 21:07:31,762 [ERROR] LogOutputStream:75 - [STDERR_REDIRECT] [Fatal Error] :1:1: Premature end of file.
2025-06-25 21:07:31,762 [ERROR] LogOutputStream:75 - [STDERR_REDIRECT] 
2025-06-25 21:07:32,750 [ERROR] LogOutputStream:75 - [STDERR_REDIRECT] [Fatal Error] :1:1: Premature end of file.
2025-06-25 21:07:32,750 [ERROR] LogOutputStream:75 - [STDERR_REDIRECT] 
2025-06-25 21:07:33,756 [ERROR] LogOutputStream:75 - [STDERR_REDIRECT] [Fatal Error] :1:1: Premature end of file.
2025-06-25 21:07:33,757 [ERROR] LogOutputStream:75 - [STDERR_REDIRECT] 
2025-06-25 21:07:34,749 [ERROR] LogOutputStream:75 - [STDERR_REDIRECT] [Fatal Error] :1:1: Premature end of file.
2025-06-25 21:07:34,750 [ERROR] LogOutputStream:75 - [STDERR_REDIRECT] 
2025-06-25 21:07:35,759 [ERROR] LogOutputStream:75 - [STDERR_REDIRECT] [Fatal Error] :1:1: Premature end of file.
2025-06-25 21:07:35,759 [ERROR] LogOutputStream:75 - [STDERR_REDIRECT] 
2025-06-25 21:07:36,755 [ERROR] LogOutputStream:75 - [STDERR_REDIRECT] [Fatal Error] :1:1: Premature end of file.
2025-06-25 21:07:36,755 [ERROR] LogOutputStream:75 - [STDERR_REDIRECT] 
2025-06-25 21:07:37,751 [ERROR] LogOutputStream:75 - [STDERR_REDIRECT] [Fatal Error] :1:1: Premature end of file.
2025-06-25 21:07:37,752 [ERROR] LogOutputStream:75 - [STDERR_REDIRECT] 
2025-06-25 21:07:38,749 [ERROR] LogOutputStream:75 - [STDERR_REDIRECT] [Fatal Error] :1:1: Premature end of file.
2025-06-25 21:07:38,749 [ERROR] LogOutputStream:75 - [STDERR_REDIRECT] 
2025-06-25 21:07:39,761 [ERROR] LogOutputStream:75 - [STDERR_REDIRECT] [Fatal Error] :1:1: Premature end of file.
2025-06-25 21:07:39,761 [ERROR] LogOutputStream:75 - [STDERR_REDIRECT] 
2025-06-25 21:07:40,759 [ERROR] LogOutputStream:75 - [STDERR_REDIRECT] [Fatal Error] :1:1: Premature end of file.
2025-06-25 21:07:40,759 [ERROR] LogOutputStream:75 - [STDERR_REDIRECT] 
2025-06-25 21:07:41,751 [ERROR] LogOutputStream:75 - [STDERR_REDIRECT] [Fatal Error] :1:1: Premature end of file.
2025-06-25 21:07:41,751 [ERROR] LogOutputStream:75 - [STDERR_REDIRECT] 
2025-06-25 21:07:42,763 [ERROR] LogOutputStream:75 - [STDERR_REDIRECT] [Fatal Error] :1:1: Premature end of file.
2025-06-25 21:07:42,763 [ERROR] LogOutputStream:75 - [STDERR_REDIRECT] 
2025-06-25 21:07:43,757 [ERROR] LogOutputStream:75 - [STDERR_REDIRECT] [Fatal Error] :1:1: Premature end of file.
2025-06-25 21:07:43,757 [ERROR] LogOutputStream:75 - [STDERR_REDIRECT] 
2025-06-25 21:07:44,752 [ERROR] LogOutputStream:75 - [STDERR_REDIRECT] [Fatal Error] :1:1: Premature end of file.
2025-06-25 21:07:44,753 [ERROR] LogOutputStream:75 - [STDERR_REDIRECT] 
2025-06-25 21:07:45,761 [ERROR] LogOutputStream:75 - [STDERR_REDIRECT] [Fatal Error] :1:1: Premature end of file.
2025-06-25 21:07:45,761 [ERROR] LogOutputStream:75 - [STDERR_REDIRECT] 
2025-06-25 21:07:46,755 [ERROR] LogOutputStream:75 - [STDERR_REDIRECT] [Fatal Error] :1:1: Premature end of file.
2025-06-25 21:07:46,755 [ERROR] LogOutputStream:75 - [STDERR_REDIRECT] 
2025-06-25 21:07:47,760 [ERROR] LogOutputStream:75 - [STDERR_REDIRECT] [Fatal Error] :1:1: Premature end of file.
2025-06-25 21:07:47,760 [ERROR] LogOutputStream:75 - [STDERR_REDIRECT] 
2025-06-25 21:07:48,754 [ERROR] LogOutputStream:75 - [STDERR_REDIRECT] [Fatal Error] :1:1: Premature end of file.
2025-06-25 21:07:48,754 [ERROR] LogOutputStream:75 - [STDERR_REDIRECT] 
2025-06-25 21:07:49,749 [ERROR] LogOutputStream:75 - [STDERR_REDIRECT] [Fatal Error] :1:1: Premature end of file.
2025-06-25 21:07:49,749 [ERROR] LogOutputStream:75 - [STDERR_REDIRECT] 
2025-06-25 21:07:50,754 [ERROR] LogOutputStream:75 - [STDERR_REDIRECT] [Fatal Error] :1:1: Premature end of file.
2025-06-25 21:07:50,754 [ERROR] LogOutputStream:75 - [STDERR_REDIRECT] 
2025-06-25 21:07:51,749 [ERROR] LogOutputStream:75 - [STDERR_REDIRECT] [Fatal Error] :1:1: Premature end of file.
2025-06-25 21:07:51,749 [ERROR] LogOutputStream:75 - [STDERR_REDIRECT] 
2025-06-25 21:07:52,757 [ERROR] LogOutputStream:75 - [STDERR_REDIRECT] [Fatal Error] :1:1: Premature end of file.
2025-06-25 21:07:52,757 [ERROR] LogOutputStream:75 - [STDERR_REDIRECT] 
2025-06-25 21:07:53,750 [ERROR] LogOutputStream:75 - [STDERR_REDIRECT] [Fatal Error] :1:1: Premature end of file.
2025-06-25 21:07:53,750 [ERROR] LogOutputStream:75 - [STDERR_REDIRECT] 
2025-06-25 21:07:54,758 [ERROR] LogOutputStream:75 - [STDERR_REDIRECT] [Fatal Error] :1:1: Premature end of file.
2025-06-25 21:07:54,758 [ERROR] LogOutputStream:75 - [STDERR_REDIRECT] 
2025-06-25 21:07:55,764 [ERROR] LogOutputStream:75 - [STDERR_REDIRECT] [Fatal Error] :1:1: Premature end of file.
2025-06-25 21:07:55,764 [ERROR] LogOutputStream:75 - [STDERR_REDIRECT] 
2025-06-25 21:07:56,758 [ERROR] LogOutputStream:75 - [STDERR_REDIRECT] [Fatal Error] :1:1: Premature end of file.
2025-06-25 21:07:56,758 [ERROR] LogOutputStream:75 - [STDERR_REDIRECT] 
2025-06-25 21:07:57,751 [ERROR] LogOutputStream:75 - [STDERR_REDIRECT] [Fatal Error] :1:1: Premature end of file.
2025-06-25 21:07:57,752 [ERROR] LogOutputStream:75 - [STDERR_REDIRECT] 
2025-06-25 21:07:58,748 [ERROR] LogOutputStream:75 - [STDERR_REDIRECT] [Fatal Error] :1:1: Premature end of file.
2025-06-25 21:07:58,748 [ERROR] LogOutputStream:75 - [STDERR_REDIRECT] 
2025-06-25 21:07:59,752 [ERROR] LogOutputStream:75 - [STDERR_REDIRECT] [Fatal Error] :1:1: Premature end of file.
2025-06-25 21:07:59,753 [ERROR] LogOutputStream:75 - [STDERR_REDIRECT] 
2025-06-25 21:08:00,759 [ERROR] LogOutputStream:75 - [STDERR_REDIRECT] [Fatal Error] :1:1: Premature end of file.
2025-06-25 21:08:00,759 [ERROR] LogOutputStream:75 - [STDERR_REDIRECT] 
2025-06-25 21:08:01,757 [ERROR] LogOutputStream:75 - [STDERR_REDIRECT] [Fatal Error] :1:1: Premature end of file.
2025-06-25 21:08:01,757 [ERROR] LogOutputStream:75 - [STDERR_REDIRECT] 
2025-06-25 21:08:02,749 [ERROR] LogOutputStream:75 - [STDERR_REDIRECT] [Fatal Error] :1:1: Premature end of file.
2025-06-25 21:08:02,749 [ERROR] LogOutputStream:75 - [STDERR_REDIRECT] 
2025-06-25 21:08:03,752 [ERROR] LogOutputStream:75 - [STDERR_REDIRECT] [Fatal Error] :1:1: Premature end of file.
2025-06-25 21:08:03,752 [ERROR] LogOutputStream:75 - [STDERR_REDIRECT] 
2025-06-25 21:08:04,757 [ERROR] LogOutputStream:75 - [STDERR_REDIRECT] [Fatal Error] :1:1: Premature end of file.
2025-06-25 21:08:04,758 [ERROR] LogOutputStream:75 - [STDERR_REDIRECT] 
2025-06-25 21:08:05,749 [ERROR] LogOutputStream:75 - [STDERR_REDIRECT] [Fatal Error] :1:1: Premature end of file.
2025-06-25 21:08:05,749 [ERROR] LogOutputStream:75 - [STDERR_REDIRECT] 
2025-06-25 21:08:06,765 [ERROR] LogOutputStream:75 - [STDERR_REDIRECT] [Fatal Error] :1:1: Premature end of file.
2025-06-25 21:08:06,765 [ERROR] LogOutputStream:75 - [STDERR_REDIRECT] 
2025-06-25 21:08:07,757 [ERROR] LogOutputStream:75 - [STDERR_REDIRECT] [Fatal Error] :1:1: Premature end of file.
2025-06-25 21:08:07,757 [ERROR] LogOutputStream:75 - [STDERR_REDIRECT] 
2025-06-25 21:08:08,751 [ERROR] LogOutputStream:75 - [STDERR_REDIRECT] [Fatal Error] :1:1: Premature end of file.
2025-06-25 21:08:08,751 [ERROR] LogOutputStream:75 - [STDERR_REDIRECT] 
2025-06-25 21:08:09,761 [ERROR] LogOutputStream:75 - [STDERR_REDIRECT] [Fatal Error] :1:1: Premature end of file.
2025-06-25 21:08:09,761 [ERROR] LogOutputStream:75 - [STDERR_REDIRECT] 
2025-06-25 21:08:10,758 [ERROR] LogOutputStream:75 - [STDERR_REDIRECT] [Fatal Error] :1:1: Premature end of file.
2025-06-25 21:08:10,758 [ERROR] LogOutputStream:75 - [STDERR_REDIRECT] 
2025-06-25 21:08:11,750 [ERROR] LogOutputStream:75 - [STDERR_REDIRECT] [Fatal Error] :1:1: Premature end of file.
2025-06-25 21:08:11,750 [ERROR] LogOutputStream:75 - [STDERR_REDIRECT] 
2025-06-25 21:08:12,760 [ERROR] LogOutputStream:75 - [STDERR_REDIRECT] [Fatal Error] :1:1: Premature end of file.
2025-06-25 21:08:12,760 [ERROR] LogOutputStream:75 - [STDERR_REDIRECT] 
2025-06-25 21:08:13,750 [ERROR] LogOutputStream:75 - [STDERR_REDIRECT] [Fatal Error] :1:1: Premature end of file.
2025-06-25 21:08:13,751 [ERROR] LogOutputStream:75 - [STDERR_REDIRECT] 
2025-06-25 21:08:14,756 [ERROR] LogOutputStream:75 - [STDERR_REDIRECT] [Fatal Error] :1:1: Premature end of file.
2025-06-25 21:08:14,756 [ERROR] LogOutputStream:75 - [STDERR_REDIRECT] 
2025-06-25 21:08:15,750 [ERROR] LogOutputStream:75 - [STDERR_REDIRECT] [Fatal Error] :1:1: Premature end of file.
2025-06-25 21:08:15,750 [ERROR] LogOutputStream:75 - [STDERR_REDIRECT] 
2025-06-25 21:08:16,758 [ERROR] LogOutputStream:75 - [STDERR_REDIRECT] [Fatal Error] :1:1: Premature end of file.
2025-06-25 21:08:16,758 [ERROR] LogOutputStream:75 - [STDERR_REDIRECT] 
2025-06-25 21:08:17,764 [ERROR] LogOutputStream:75 - [STDERR_REDIRECT] [Fatal Error] :1:1: Premature end of file.
2025-06-25 21:08:17,764 [ERROR] LogOutputStream:75 - [STDERR_REDIRECT] 
2025-06-25 21:08:18,758 [ERROR] LogOutputStream:75 - [STDERR_REDIRECT] [Fatal Error] :1:1: Premature end of file.
2025-06-25 21:08:18,758 [ERROR] LogOutputStream:75 - [STDERR_REDIRECT] 
2025-06-25 21:08:19,753 [ERROR] LogOutputStream:75 - [STDERR_REDIRECT] [Fatal Error] :1:1: Premature end of file.
2025-06-25 21:08:19,753 [ERROR] LogOutputStream:75 - [STDERR_REDIRECT] 
2025-06-25 21:08:20,748 [ERROR] LogOutputStream:75 - [STDERR_REDIRECT] [Fatal Error] :1:1: Premature end of file.
2025-06-25 21:08:20,748 [ERROR] LogOutputStream:75 - [STDERR_REDIRECT] 
2025-06-25 21:08:21,756 [ERROR] LogOutputStream:75 - [STDERR_REDIRECT] [Fatal Error] :1:1: Premature end of file.
2025-06-25 21:08:21,756 [ERROR] LogOutputStream:75 - [STDERR_REDIRECT] 
2025-06-25 21:08:22,756 [ERROR] LogOutputStream:75 - [STDERR_REDIRECT] [Fatal Error] :1:1: Premature end of file.
2025-06-25 21:08:22,756 [ERROR] LogOutputStream:75 - [STDERR_REDIRECT] 
2025-06-25 21:08:23,763 [ERROR] LogOutputStream:75 - [STDERR_REDIRECT] [Fatal Error] :1:1: Premature end of file.
2025-06-25 21:08:23,763 [ERROR] LogOutputStream:75 - [STDERR_REDIRECT] 
2025-06-25 21:08:24,758 [ERROR] LogOutputStream:75 - [STDERR_REDIRECT] [Fatal Error] :1:1: Premature end of file.
2025-06-25 21:08:24,758 [ERROR] LogOutputStream:75 - [STDERR_REDIRECT] 
2025-06-25 21:08:25,756 [ERROR] LogOutputStream:75 - [STDERR_REDIRECT] [Fatal Error] :1:1: Premature end of file.
2025-06-25 21:08:25,756 [ERROR] LogOutputStream:75 - [STDERR_REDIRECT] 
2025-06-25 21:08:26,753 [ERROR] LogOutputStream:75 - [STDERR_REDIRECT] [Fatal Error] :1:1: Premature end of file.
2025-06-25 21:08:26,753 [ERROR] LogOutputStream:75 - [STDERR_REDIRECT] 
2025-06-25 21:08:27,763 [ERROR] LogOutputStream:75 - [STDERR_REDIRECT] [Fatal Error] :1:1: Premature end of file.
2025-06-25 21:08:27,764 [ERROR] LogOutputStream:75 - [STDERR_REDIRECT] 
2025-06-25 21:08:28,756 [ERROR] LogOutputStream:75 - [STDERR_REDIRECT] [Fatal Error] :1:1: Premature end of file.
2025-06-25 21:08:28,756 [ERROR] LogOutputStream:75 - [STDERR_REDIRECT] 
2025-06-25 21:08:29,751 [ERROR] LogOutputStream:75 - [STDERR_REDIRECT] [Fatal Error] :1:1: Premature end of file.
2025-06-25 21:08:29,751 [ERROR] LogOutputStream:75 - [STDERR_REDIRECT] 
2025-06-25 21:08:30,749 [ERROR] LogOutputStream:75 - [STDERR_REDIRECT] [Fatal Error] :1:1: Premature end of file.
2025-06-25 21:08:30,749 [ERROR] LogOutputStream:75 - [STDERR_REDIRECT] 
2025-06-25 21:08:31,760 [ERROR] LogOutputStream:75 - [STDERR_REDIRECT] [Fatal Error] :1:1: Premature end of file.
2025-06-25 21:08:31,761 [ERROR] LogOutputStream:75 - [STDERR_REDIRECT] 
2025-06-25 21:08:32,754 [ERROR] LogOutputStream:75 - [STDERR_REDIRECT] [Fatal Error] :1:1: Premature end of file.
2025-06-25 21:08:32,754 [ERROR] LogOutputStream:75 - [STDERR_REDIRECT] 
2025-06-25 21:08:33,759 [ERROR] LogOutputStream:75 - [STDERR_REDIRECT] [Fatal Error] :1:1: Premature end of file.
2025-06-25 21:08:33,759 [ERROR] LogOutputStream:75 - [STDERR_REDIRECT] 
2025-06-25 21:08:34,754 [ERROR] LogOutputStream:75 - [STDERR_REDIRECT] [Fatal Error] :1:1: Premature end of file.
2025-06-25 21:08:34,754 [ERROR] LogOutputStream:75 - [STDERR_REDIRECT] 
2025-06-25 21:08:35,750 [ERROR] LogOutputStream:75 - [STDERR_REDIRECT] [Fatal Error] :1:1: Premature end of file.
2025-06-25 21:08:35,750 [ERROR] LogOutputStream:75 - [STDERR_REDIRECT] 
2025-06-25 21:08:36,754 [ERROR] LogOutputStream:75 - [STDERR_REDIRECT] [Fatal Error] :1:1: Premature end of file.
2025-06-25 21:08:36,754 [ERROR] LogOutputStream:75 - [STDERR_REDIRECT] 
2025-06-25 21:08:37,763 [ERROR] LogOutputStream:75 - [STDERR_REDIRECT] [Fatal Error] :1:1: Premature end of file.
2025-06-25 21:08:37,763 [ERROR] LogOutputStream:75 - [STDERR_REDIRECT] 
2025-06-25 21:08:38,756 [ERROR] LogOutputStream:75 - [STDERR_REDIRECT] [Fatal Error] :1:1: Premature end of file.
2025-06-25 21:08:38,757 [ERROR] LogOutputStream:75 - [STDERR_REDIRECT] 
2025-06-25 21:08:39,755 [ERROR] LogOutputStream:75 - [STDERR_REDIRECT] [Fatal Error] :1:1: Premature end of file.
2025-06-25 21:08:39,755 [ERROR] LogOutputStream:75 - [STDERR_REDIRECT] 
2025-06-25 21:08:40,753 [ERROR] LogOutputStream:75 - [STDERR_REDIRECT] [Fatal Error] :1:1: Premature end of file.
2025-06-25 21:08:40,753 [ERROR] LogOutputStream:75 - [STDERR_REDIRECT] 
2025-06-25 21:08:41,762 [ERROR] LogOutputStream:75 - [STDERR_REDIRECT] [Fatal Error] :1:1: Premature end of file.
2025-06-25 21:08:41,762 [ERROR] LogOutputStream:75 - [STDERR_REDIRECT] 
2025-06-25 21:08:42,757 [ERROR] LogOutputStream:75 - [STDERR_REDIRECT] [Fatal Error] :1:1: Premature end of file.
2025-06-25 21:08:42,757 [ERROR] LogOutputStream:75 - [STDERR_REDIRECT] 
2025-06-25 21:08:43,758 [ERROR] LogOutputStream:75 - [STDERR_REDIRECT] [Fatal Error] :1:1: Premature end of file.
2025-06-25 21:08:43,759 [ERROR] LogOutputStream:75 - [STDERR_REDIRECT] 
2025-06-25 21:08:44,755 [ERROR] LogOutputStream:75 - [STDERR_REDIRECT] [Fatal Error] :1:1: Premature end of file.
2025-06-25 21:08:44,755 [ERROR] LogOutputStream:75 - [STDERR_REDIRECT] 
2025-06-25 21:08:45,761 [ERROR] LogOutputStream:75 - [STDERR_REDIRECT] [Fatal Error] :1:1: Premature end of file.
2025-06-25 21:08:45,761 [ERROR] LogOutputStream:75 - [STDERR_REDIRECT] 
2025-06-25 21:08:46,754 [ERROR] LogOutputStream:75 - [STDERR_REDIRECT] [Fatal Error] :1:1: Premature end of file.
2025-06-25 21:08:46,754 [ERROR] LogOutputStream:75 - [STDERR_REDIRECT] 
2025-06-25 21:08:47,748 [ERROR] LogOutputStream:75 - [STDERR_REDIRECT] [Fatal Error] :1:1: Premature end of file.
2025-06-25 21:08:47,748 [ERROR] LogOutputStream:75 - [STDERR_REDIRECT] 
2025-06-25 21:08:48,762 [ERROR] LogOutputStream:75 - [STDERR_REDIRECT] [Fatal Error] :1:1: Premature end of file.
2025-06-25 21:08:48,762 [ERROR] LogOutputStream:75 - [STDERR_REDIRECT] 
2025-06-25 21:08:49,756 [ERROR] LogOutputStream:75 - [STDERR_REDIRECT] [Fatal Error] :1:1: Premature end of file.
2025-06-25 21:08:49,756 [ERROR] LogOutputStream:75 - [STDERR_REDIRECT] 
2025-06-25 21:08:50,755 [ERROR] LogOutputStream:75 - [STDERR_REDIRECT] [Fatal Error] :1:1: Premature end of file.
2025-06-25 21:08:50,755 [ERROR] LogOutputStream:75 - [STDERR_REDIRECT] 
2025-06-25 21:08:51,756 [ERROR] LogOutputStream:75 - [STDERR_REDIRECT] [Fatal Error] :1:1: Premature end of file.
2025-06-25 21:08:51,756 [ERROR] LogOutputStream:75 - [STDERR_REDIRECT] 
2025-06-25 21:08:52,746 [ERROR] LogOutputStream:75 - [STDERR_REDIRECT] [Fatal Error] :1:1: Premature end of file.
2025-06-25 21:08:52,746 [ERROR] LogOutputStream:75 - [STDERR_REDIRECT] 
2025-06-25 21:08:53,755 [ERROR] LogOutputStream:75 - [STDERR_REDIRECT] [Fatal Error] :1:1: Premature end of file.
2025-06-25 21:08:53,755 [ERROR] LogOutputStream:75 - [STDERR_REDIRECT] 
2025-06-25 21:08:54,754 [ERROR] LogOutputStream:75 - [STDERR_REDIRECT] [Fatal Error] :1:1: Premature end of file.
2025-06-25 21:08:54,754 [ERROR] LogOutputStream:75 - [STDERR_REDIRECT] 
2025-06-25 21:08:55,760 [ERROR] LogOutputStream:75 - [STDERR_REDIRECT] [Fatal Error] :1:1: Premature end of file.
2025-06-25 21:08:55,760 [ERROR] LogOutputStream:75 - [STDERR_REDIRECT] 
2025-06-25 21:08:56,752 [ERROR] LogOutputStream:75 - [STDERR_REDIRECT] [Fatal Error] :1:1: Premature end of file.
2025-06-25 21:08:56,752 [ERROR] LogOutputStream:75 - [STDERR_REDIRECT] 
2025-06-25 21:08:57,748 [ERROR] LogOutputStream:75 - [STDERR_REDIRECT] [Fatal Error] :1:1: Premature end of file.
2025-06-25 21:08:57,748 [ERROR] LogOutputStream:75 - [STDERR_REDIRECT] 
2025-06-25 21:08:58,753 [ERROR] LogOutputStream:75 - [STDERR_REDIRECT] [Fatal Error] :1:1: Premature end of file.
2025-06-25 21:08:58,753 [ERROR] LogOutputStream:75 - [STDERR_REDIRECT] 
2025-06-25 21:08:59,763 [ERROR] LogOutputStream:75 - [STDERR_REDIRECT] [Fatal Error] :1:1: Premature end of file.
2025-06-25 21:08:59,763 [ERROR] LogOutputStream:75 - [STDERR_REDIRECT] 
2025-06-25 21:09:00,759 [ERROR] LogOutputStream:75 - [STDERR_REDIRECT] [Fatal Error] :1:1: Premature end of file.
2025-06-25 21:09:00,760 [ERROR] LogOutputStream:75 - [STDERR_REDIRECT] 
2025-06-25 21:09:01,749 [ERROR] LogOutputStream:75 - [STDERR_REDIRECT] [Fatal Error] :1:1: Premature end of file.
2025-06-25 21:09:01,749 [ERROR] LogOutputStream:75 - [STDERR_REDIRECT] 
2025-06-25 21:09:02,760 [ERROR] LogOutputStream:75 - [STDERR_REDIRECT] [Fatal Error] :1:1: Premature end of file.
2025-06-25 21:09:02,760 [ERROR] LogOutputStream:75 - [STDERR_REDIRECT] 
2025-06-25 21:09:03,751 [ERROR] LogOutputStream:75 - [STDERR_REDIRECT] [Fatal Error] :1:1: Premature end of file.
2025-06-25 21:09:03,751 [ERROR] LogOutputStream:75 - [STDERR_REDIRECT] 
2025-06-25 21:09:04,761 [ERROR] LogOutputStream:75 - [STDERR_REDIRECT] [Fatal Error] :1:1: Premature end of file.
2025-06-25 21:09:04,761 [ERROR] LogOutputStream:75 - [STDERR_REDIRECT] 
2025-06-25 21:09:05,754 [ERROR] LogOutputStream:75 - [STDERR_REDIRECT] [Fatal Error] :1:1: Premature end of file.
2025-06-25 21:09:05,754 [ERROR] LogOutputStream:75 - [STDERR_REDIRECT] 
2025-06-25 21:09:06,755 [ERROR] LogOutputStream:75 - [STDERR_REDIRECT] [Fatal Error] :1:1: Premature end of file.
2025-06-25 21:09:06,756 [ERROR] LogOutputStream:75 - [STDERR_REDIRECT] 
2025-06-25 21:09:07,750 [ERROR] LogOutputStream:75 - [STDERR_REDIRECT] [Fatal Error] :1:1: Premature end of file.
2025-06-25 21:09:07,750 [ERROR] LogOutputStream:75 - [STDERR_REDIRECT] 
2025-06-25 21:09:08,755 [ERROR] LogOutputStream:75 - [STDERR_REDIRECT] [Fatal Error] :1:1: Premature end of file.
2025-06-25 21:09:08,755 [ERROR] LogOutputStream:75 - [STDERR_REDIRECT] 
2025-06-25 21:09:09,760 [ERROR] LogOutputStream:75 - [STDERR_REDIRECT] [Fatal Error] :1:1: Premature end of file.
2025-06-25 21:09:09,761 [ERROR] LogOutputStream:75 - [STDERR_REDIRECT] 
2025-06-25 21:09:10,751 [ERROR] LogOutputStream:75 - [STDERR_REDIRECT] [Fatal Error] :1:1: Premature end of file.
2025-06-25 21:09:10,752 [ERROR] LogOutputStream:75 - [STDERR_REDIRECT] 
2025-06-25 21:09:11,763 [ERROR] LogOutputStream:75 - [STDERR_REDIRECT] [Fatal Error] :1:1: Premature end of file.
2025-06-25 21:09:11,763 [ERROR] LogOutputStream:75 - [STDERR_REDIRECT] 
2025-06-25 21:09:12,761 [ERROR] LogOutputStream:75 - [STDERR_REDIRECT] [Fatal Error] :1:1: Premature end of file.
2025-06-25 21:09:12,761 [ERROR] LogOutputStream:75 - [STDERR_REDIRECT] 
2025-06-25 21:09:13,758 [ERROR] LogOutputStream:75 - [STDERR_REDIRECT] [Fatal Error] :1:1: Premature end of file.
2025-06-25 21:09:13,758 [ERROR] LogOutputStream:75 - [STDERR_REDIRECT] 
2025-06-25 21:09:14,751 [ERROR] LogOutputStream:75 - [STDERR_REDIRECT] [Fatal Error] :1:1: Premature end of file.
2025-06-25 21:09:14,751 [ERROR] LogOutputStream:75 - [STDERR_REDIRECT] 
2025-06-25 21:09:15,759 [ERROR] LogOutputStream:75 - [STDERR_REDIRECT] [Fatal Error] :1:1: Premature end of file.
2025-06-25 21:09:15,759 [ERROR] LogOutputStream:75 - [STDERR_REDIRECT] 
2025-06-25 21:09:16,756 [ERROR] LogOutputStream:75 - [STDERR_REDIRECT] [Fatal Error] :1:1: Premature end of file.
2025-06-25 21:09:16,756 [ERROR] LogOutputStream:75 - [STDERR_REDIRECT] 
2025-06-25 21:09:17,757 [ERROR] LogOutputStream:75 - [STDERR_REDIRECT] [Fatal Error] :1:1: Premature end of file.
2025-06-25 21:09:17,757 [ERROR] LogOutputStream:75 - [STDERR_REDIRECT] 
2025-06-25 21:09:18,760 [ERROR] LogOutputStream:75 - [STDERR_REDIRECT] [Fatal Error] :1:1: Premature end of file.
2025-06-25 21:09:18,760 [ERROR] LogOutputStream:75 - [STDERR_REDIRECT] 
2025-06-25 21:09:19,759 [ERROR] LogOutputStream:75 - [STDERR_REDIRECT] [Fatal Error] :1:1: Premature end of file.
2025-06-25 21:09:19,759 [ERROR] LogOutputStream:75 - [STDERR_REDIRECT] 
2025-06-25 21:09:20,757 [ERROR] LogOutputStream:75 - [STDERR_REDIRECT] [Fatal Error] :1:1: Premature end of file.
2025-06-25 21:09:20,757 [ERROR] LogOutputStream:75 - [STDERR_REDIRECT] 
2025-06-25 21:09:21,753 [ERROR] LogOutputStream:75 - [STDERR_REDIRECT] [Fatal Error] :1:1: Premature end of file.
2025-06-25 21:09:21,753 [ERROR] LogOutputStream:75 - [STDERR_REDIRECT] 
2025-06-25 21:09:22,762 [ERROR] LogOutputStream:75 - [STDERR_REDIRECT] [Fatal Error] :1:1: Premature end of file.
2025-06-25 21:09:22,762 [ERROR] LogOutputStream:75 - [STDERR_REDIRECT] 
2025-06-25 21:09:23,760 [ERROR] LogOutputStream:75 - [STDERR_REDIRECT] [Fatal Error] :1:1: Premature end of file.
2025-06-25 21:09:23,760 [ERROR] LogOutputStream:75 - [STDERR_REDIRECT] 
2025-06-25 21:09:24,759 [ERROR] LogOutputStream:75 - [STDERR_REDIRECT] [Fatal Error] :1:1: Premature end of file.
2025-06-25 21:09:24,759 [ERROR] LogOutputStream:75 - [STDERR_REDIRECT] 
2025-06-25 21:09:25,758 [ERROR] LogOutputStream:75 - [STDERR_REDIRECT] [Fatal Error] :1:1: Premature end of file.
2025-06-25 21:09:25,758 [ERROR] LogOutputStream:75 - [STDERR_REDIRECT] 
2025-06-25 21:09:26,751 [ERROR] LogOutputStream:75 - [STDERR_REDIRECT] [Fatal Error] :1:1: Premature end of file.
2025-06-25 21:09:26,751 [ERROR] LogOutputStream:75 - [STDERR_REDIRECT] 
2025-06-25 21:09:27,759 [ERROR] LogOutputStream:75 - [STDERR_REDIRECT] [Fatal Error] :1:1: Premature end of file.
2025-06-25 21:09:27,760 [ERROR] LogOutputStream:75 - [STDERR_REDIRECT] 
2025-06-25 21:09:28,759 [ERROR] LogOutputStream:75 - [STDERR_REDIRECT] [Fatal Error] :1:1: Premature end of file.
2025-06-25 21:09:28,760 [ERROR] LogOutputStream:75 - [STDERR_REDIRECT] 
2025-06-25 21:09:29,756 [ERROR] LogOutputStream:75 - [STDERR_REDIRECT] [Fatal Error] :1:1: Premature end of file.
2025-06-25 21:09:29,756 [ERROR] LogOutputStream:75 - [STDERR_REDIRECT] 
2025-06-25 21:09:30,749 [ERROR] LogOutputStream:75 - [STDERR_REDIRECT] [Fatal Error] :1:1: Premature end of file.
2025-06-25 21:09:30,749 [ERROR] LogOutputStream:75 - [STDERR_REDIRECT] 
2025-06-25 21:09:31,748 [ERROR] LogOutputStream:75 - [STDERR_REDIRECT] [Fatal Error] :1:1: Premature end of file.
2025-06-25 21:09:31,748 [ERROR] LogOutputStream:75 - [STDERR_REDIRECT] 
2025-06-25 21:09:32,760 [ERROR] LogOutputStream:75 - [STDERR_REDIRECT] [Fatal Error] :1:1: Premature end of file.
2025-06-25 21:09:32,760 [ERROR] LogOutputStream:75 - [STDERR_REDIRECT] 
2025-06-25 21:09:33,755 [ERROR] LogOutputStream:75 - [STDERR_REDIRECT] [Fatal Error] :1:1: Premature end of file.
2025-06-25 21:09:33,755 [ERROR] LogOutputStream:75 - [STDERR_REDIRECT] 
2025-06-25 21:09:34,751 [ERROR] LogOutputStream:75 - [STDERR_REDIRECT] [Fatal Error] :1:1: Premature end of file.
2025-06-25 21:09:34,751 [ERROR] LogOutputStream:75 - [STDERR_REDIRECT] 
2025-06-25 21:09:35,760 [ERROR] LogOutputStream:75 - [STDERR_REDIRECT] [Fatal Error] :1:1: Premature end of file.
2025-06-25 21:09:35,760 [ERROR] LogOutputStream:75 - [STDERR_REDIRECT] 
2025-06-25 21:09:36,757 [ERROR] LogOutputStream:75 - [STDERR_REDIRECT] [Fatal Error] :1:1: Premature end of file.
2025-06-25 21:09:36,757 [ERROR] LogOutputStream:75 - [STDERR_REDIRECT] 
2025-06-25 21:09:37,752 [ERROR] LogOutputStream:75 - [STDERR_REDIRECT] [Fatal Error] :1:1: Premature end of file.
2025-06-25 21:09:37,752 [ERROR] LogOutputStream:75 - [STDERR_REDIRECT] 
2025-06-25 21:09:38,750 [ERROR] LogOutputStream:75 - [STDERR_REDIRECT] [Fatal Error] :1:1: Premature end of file.
2025-06-25 21:09:38,750 [ERROR] LogOutputStream:75 - [STDERR_REDIRECT] 
2025-06-25 21:09:39,756 [ERROR] LogOutputStream:75 - [STDERR_REDIRECT] [Fatal Error] :1:1: Premature end of file.
2025-06-25 21:09:39,756 [ERROR] LogOutputStream:75 - [STDERR_REDIRECT] 
2025-06-25 21:09:40,752 [ERROR] LogOutputStream:75 - [STDERR_REDIRECT] [Fatal Error] :1:1: Premature end of file.
2025-06-25 21:09:40,752 [ERROR] LogOutputStream:75 - [STDERR_REDIRECT] 
2025-06-25 21:09:41,758 [ERROR] LogOutputStream:75 - [STDERR_REDIRECT] [Fatal Error] :1:1: Premature end of file.
2025-06-25 21:09:41,759 [ERROR] LogOutputStream:75 - [STDERR_REDIRECT] 
2025-06-25 21:09:42,748 [ERROR] LogOutputStream:75 - [STDERR_REDIRECT] [Fatal Error] :1:1: Premature end of file.
2025-06-25 21:09:42,748 [ERROR] LogOutputStream:75 - [STDERR_REDIRECT] 
2025-06-25 21:09:43,760 [ERROR] LogOutputStream:75 - [STDERR_REDIRECT] [Fatal Error] :1:1: Premature end of file.
2025-06-25 21:09:43,760 [ERROR] LogOutputStream:75 - [STDERR_REDIRECT] 
2025-06-25 21:09:44,749 [ERROR] LogOutputStream:75 - [STDERR_REDIRECT] [Fatal Error] :1:1: Premature end of file.
2025-06-25 21:09:44,749 [ERROR] LogOutputStream:75 - [STDERR_REDIRECT] 
2025-06-25 21:09:45,759 [ERROR] LogOutputStream:75 - [STDERR_REDIRECT] [Fatal Error] :1:1: Premature end of file.
2025-06-25 21:09:45,759 [ERROR] LogOutputStream:75 - [STDERR_REDIRECT] 
2025-06-25 21:09:46,754 [ERROR] LogOutputStream:75 - [STDERR_REDIRECT] [Fatal Error] :1:1: Premature end of file.
2025-06-25 21:09:46,754 [ERROR] LogOutputStream:75 - [STDERR_REDIRECT] 
2025-06-25 21:09:47,747 [ERROR] LogOutputStream:75 - [STDERR_REDIRECT] [Fatal Error] :1:1: Premature end of file.
2025-06-25 21:09:47,747 [ERROR] LogOutputStream:75 - [STDERR_REDIRECT] 
2025-06-25 21:09:48,761 [ERROR] LogOutputStream:75 - [STDERR_REDIRECT] [Fatal Error] :1:1: Premature end of file.
2025-06-25 21:09:48,761 [ERROR] LogOutputStream:75 - [STDERR_REDIRECT] 
2025-06-25 21:09:49,757 [ERROR] LogOutputStream:75 - [STDERR_REDIRECT] [Fatal Error] :1:1: Premature end of file.
2025-06-25 21:09:49,757 [ERROR] LogOutputStream:75 - [STDERR_REDIRECT] 
2025-06-25 21:09:50,753 [ERROR] LogOutputStream:75 - [STDERR_REDIRECT] [Fatal Error] :1:1: Premature end of file.
2025-06-25 21:09:50,753 [ERROR] LogOutputStream:75 - [STDERR_REDIRECT] 
2025-06-25 21:09:51,758 [ERROR] LogOutputStream:75 - [STDERR_REDIRECT] [Fatal Error] :1:1: Premature end of file.
2025-06-25 21:09:51,758 [ERROR] LogOutputStream:75 - [STDERR_REDIRECT] 
2025-06-25 21:09:52,756 [ERROR] LogOutputStream:75 - [STDERR_REDIRECT] [Fatal Error] :1:1: Premature end of file.
2025-06-25 21:09:52,756 [ERROR] LogOutputStream:75 - [STDERR_REDIRECT] 
2025-06-25 21:09:53,761 [ERROR] LogOutputStream:75 - [STDERR_REDIRECT] [Fatal Error] :1:1: Premature end of file.
2025-06-25 21:09:53,761 [ERROR] LogOutputStream:75 - [STDERR_REDIRECT] 
2025-06-25 21:09:54,754 [ERROR] LogOutputStream:75 - [STDERR_REDIRECT] [Fatal Error] :1:1: Premature end of file.
2025-06-25 21:09:54,754 [ERROR] LogOutputStream:75 - [STDERR_REDIRECT] 
2025-06-25 21:09:55,749 [ERROR] LogOutputStream:75 - [STDERR_REDIRECT] [Fatal Error] :1:1: Premature end of file.
2025-06-25 21:09:55,749 [ERROR] LogOutputStream:75 - [STDERR_REDIRECT] 
2025-06-25 21:09:56,763 [ERROR] LogOutputStream:75 - [STDERR_REDIRECT] [Fatal Error] :1:1: Premature end of file.
2025-06-25 21:09:56,764 [ERROR] LogOutputStream:75 - [STDERR_REDIRECT] 
2025-06-25 21:09:57,760 [ERROR] LogOutputStream:75 - [STDERR_REDIRECT] [Fatal Error] :1:1: Premature end of file.
2025-06-25 21:09:57,760 [ERROR] LogOutputStream:75 - [STDERR_REDIRECT] 
2025-06-25 21:09:58,758 [ERROR] LogOutputStream:75 - [STDERR_REDIRECT] [Fatal Error] :1:1: Premature end of file.
2025-06-25 21:09:58,759 [ERROR] LogOutputStream:75 - [STDERR_REDIRECT] 
2025-06-25 21:09:59,749 [ERROR] LogOutputStream:75 - [STDERR_REDIRECT] [Fatal Error] :1:1: Premature end of file.
2025-06-25 21:09:59,749 [ERROR] LogOutputStream:75 - [STDERR_REDIRECT] 
2025-06-25 21:10:00,758 [ERROR] LogOutputStream:75 - [STDERR_REDIRECT] [Fatal Error] :1:1: Premature end of file.
2025-06-25 21:10:00,758 [ERROR] LogOutputStream:75 - [STDERR_REDIRECT] 
2025-06-25 21:10:01,751 [ERROR] LogOutputStream:75 - [STDERR_REDIRECT] [Fatal Error] :1:1: Premature end of file.
2025-06-25 21:10:01,751 [ERROR] LogOutputStream:75 - [STDERR_REDIRECT] 
2025-06-25 21:10:02,763 [ERROR] LogOutputStream:75 - [STDERR_REDIRECT] [Fatal Error] :1:1: Premature end of file.
2025-06-25 21:10:02,763 [ERROR] LogOutputStream:75 - [STDERR_REDIRECT] 
2025-06-25 21:10:03,758 [ERROR] LogOutputStream:75 - [STDERR_REDIRECT] [Fatal Error] :1:1: Premature end of file.
2025-06-25 21:10:03,758 [ERROR] LogOutputStream:75 - [STDERR_REDIRECT] 
2025-06-25 21:10:04,748 [ERROR] LogOutputStream:75 - [STDERR_REDIRECT] [Fatal Error] :1:1: Premature end of file.
2025-06-25 21:10:04,748 [ERROR] LogOutputStream:75 - [STDERR_REDIRECT] 
2025-06-25 21:10:05,758 [ERROR] LogOutputStream:75 - [STDERR_REDIRECT] [Fatal Error] :1:1: Premature end of file.
2025-06-25 21:10:05,758 [ERROR] LogOutputStream:75 - [STDERR_REDIRECT] 
2025-06-25 21:10:06,753 [ERROR] LogOutputStream:75 - [STDERR_REDIRECT] [Fatal Error] :1:1: Premature end of file.
2025-06-25 21:10:06,753 [ERROR] LogOutputStream:75 - [STDERR_REDIRECT] 
2025-06-25 21:10:07,752 [ERROR] LogOutputStream:75 - [STDERR_REDIRECT] [Fatal Error] :1:1: Premature end of file.
2025-06-25 21:10:07,752 [ERROR] LogOutputStream:75 - [STDERR_REDIRECT] 
2025-06-25 21:10:08,759 [ERROR] LogOutputStream:75 - [STDERR_REDIRECT] [Fatal Error] :1:1: Premature end of file.
2025-06-25 21:10:08,759 [ERROR] LogOutputStream:75 - [STDERR_REDIRECT] 
2025-06-25 21:10:09,754 [ERROR] LogOutputStream:75 - [STDERR_REDIRECT] [Fatal Error] :1:1: Premature end of file.
2025-06-25 21:10:09,754 [ERROR] LogOutputStream:75 - [STDERR_REDIRECT] 
2025-06-25 21:10:10,762 [ERROR] LogOutputStream:75 - [STDERR_REDIRECT] [Fatal Error] :1:1: Premature end of file.
2025-06-25 21:10:10,762 [ERROR] LogOutputStream:75 - [STDERR_REDIRECT] 
2025-06-25 21:10:11,762 [ERROR] LogOutputStream:75 - [STDERR_REDIRECT] [Fatal Error] :1:1: Premature end of file.
2025-06-25 21:10:11,762 [ERROR] LogOutputStream:75 - [STDERR_REDIRECT] 
2025-06-25 21:10:12,754 [ERROR] LogOutputStream:75 - [STDERR_REDIRECT] [Fatal Error] :1:1: Premature end of file.
2025-06-25 21:10:12,754 [ERROR] LogOutputStream:75 - [STDERR_REDIRECT] 
2025-06-25 21:10:13,750 [ERROR] LogOutputStream:75 - [STDERR_REDIRECT] [Fatal Error] :1:1: Premature end of file.
2025-06-25 21:10:13,750 [ERROR] LogOutputStream:75 - [STDERR_REDIRECT] 
2025-06-25 21:10:14,761 [ERROR] LogOutputStream:75 - [STDERR_REDIRECT] [Fatal Error] :1:1: Premature end of file.
2025-06-25 21:10:14,761 [ERROR] LogOutputStream:75 - [STDERR_REDIRECT] 
2025-06-25 21:10:15,756 [ERROR] LogOutputStream:75 - [STDERR_REDIRECT] [Fatal Error] :1:1: Premature end of file.
2025-06-25 21:10:15,756 [ERROR] LogOutputStream:75 - [STDERR_REDIRECT] 
2025-06-25 21:10:16,763 [ERROR] LogOutputStream:75 - [STDERR_REDIRECT] [Fatal Error] :1:1: Premature end of file.
2025-06-25 21:10:16,763 [ERROR] LogOutputStream:75 - [STDERR_REDIRECT] 
2025-06-25 21:10:17,754 [ERROR] LogOutputStream:75 - [STDERR_REDIRECT] [Fatal Error] :1:1: Premature end of file.
2025-06-25 21:10:17,754 [ERROR] LogOutputStream:75 - [STDERR_REDIRECT] 
2025-06-25 21:10:18,753 [ERROR] LogOutputStream:75 - [STDERR_REDIRECT] [Fatal Error] :1:1: Premature end of file.
2025-06-25 21:10:18,753 [ERROR] LogOutputStream:75 - [STDERR_REDIRECT] 
2025-06-25 21:10:19,763 [ERROR] LogOutputStream:75 - [STDERR_REDIRECT] [Fatal Error] :1:1: Premature end of file.
2025-06-25 21:10:19,764 [ERROR] LogOutputStream:75 - [STDERR_REDIRECT] 
2025-06-25 21:10:20,761 [ERROR] LogOutputStream:75 - [STDERR_REDIRECT] [Fatal Error] :1:1: Premature end of file.
2025-06-25 21:10:20,761 [ERROR] LogOutputStream:75 - [STDERR_REDIRECT] 
2025-06-25 21:10:21,757 [ERROR] LogOutputStream:75 - [STDERR_REDIRECT] [Fatal Error] :1:1: Premature end of file.
2025-06-25 21:10:21,758 [ERROR] LogOutputStream:75 - [STDERR_REDIRECT] 
2025-06-25 21:10:22,755 [ERROR] LogOutputStream:75 - [STDERR_REDIRECT] [Fatal Error] :1:1: Premature end of file.
2025-06-25 21:10:22,755 [ERROR] LogOutputStream:75 - [STDERR_REDIRECT] 
2025-06-25 21:10:23,750 [ERROR] LogOutputStream:75 - [STDERR_REDIRECT] [Fatal Error] :1:1: Premature end of file.
2025-06-25 21:10:23,750 [ERROR] LogOutputStream:75 - [STDERR_REDIRECT] 
2025-06-25 21:10:24,762 [ERROR] LogOutputStream:75 - [STDERR_REDIRECT] [Fatal Error] :1:1: Premature end of file.
2025-06-25 21:10:24,762 [ERROR] LogOutputStream:75 - [STDERR_REDIRECT] 
2025-06-25 21:10:25,754 [ERROR] LogOutputStream:75 - [STDERR_REDIRECT] [Fatal Error] :1:1: Premature end of file.
2025-06-25 21:10:25,754 [ERROR] LogOutputStream:75 - [STDERR_REDIRECT] 
2025-06-25 21:10:26,751 [ERROR] LogOutputStream:75 - [STDERR_REDIRECT] [Fatal Error] :1:1: Premature end of file.
2025-06-25 21:10:26,752 [ERROR] LogOutputStream:75 - [STDERR_REDIRECT] 
2025-06-25 21:10:27,757 [ERROR] LogOutputStream:75 - [STDERR_REDIRECT] [Fatal Error] :1:1: Premature end of file.
2025-06-25 21:10:27,757 [ERROR] LogOutputStream:75 - [STDERR_REDIRECT] 
2025-06-25 21:10:28,750 [ERROR] LogOutputStream:75 - [STDERR_REDIRECT] [Fatal Error] :1:1: Premature end of file.
2025-06-25 21:10:28,750 [ERROR] LogOutputStream:75 - [STDERR_REDIRECT] 
2025-06-25 21:10:29,756 [ERROR] LogOutputStream:75 - [STDERR_REDIRECT] [Fatal Error] :1:1: Premature end of file.
2025-06-25 21:10:29,756 [ERROR] LogOutputStream:75 - [STDERR_REDIRECT] 
2025-06-25 21:10:30,753 [ERROR] LogOutputStream:75 - [STDERR_REDIRECT] [Fatal Error] :1:1: Premature end of file.
2025-06-25 21:10:30,753 [ERROR] LogOutputStream:75 - [STDERR_REDIRECT] 
2025-06-25 21:10:31,763 [ERROR] LogOutputStream:75 - [STDERR_REDIRECT] [Fatal Error] :1:1: Premature end of file.
2025-06-25 21:10:31,763 [ERROR] LogOutputStream:75 - [STDERR_REDIRECT] 
2025-06-25 21:10:32,748 [ERROR] LogOutputStream:75 - [STDERR_REDIRECT] [Fatal Error] :1:1: Premature end of file.
2025-06-25 21:10:32,749 [ERROR] LogOutputStream:75 - [STDERR_REDIRECT] 
2025-06-25 21:10:33,748 [ERROR] LogOutputStream:75 - [STDERR_REDIRECT] [Fatal Error] :1:1: Premature end of file.
2025-06-25 21:10:33,748 [ERROR] LogOutputStream:75 - [STDERR_REDIRECT] 
2025-06-25 21:10:34,750 [ERROR] LogOutputStream:75 - [STDERR_REDIRECT] [Fatal Error] :1:1: Premature end of file.
2025-06-25 21:10:34,751 [ERROR] LogOutputStream:75 - [STDERR_REDIRECT] 
2025-06-25 21:10:35,761 [ERROR] LogOutputStream:75 - [STDERR_REDIRECT] [Fatal Error] :1:1: Premature end of file.
2025-06-25 21:10:35,763 [ERROR] LogOutputStream:75 - [STDERR_REDIRECT] 
2025-06-25 21:10:36,759 [ERROR] LogOutputStream:75 - [STDERR_REDIRECT] [Fatal Error] :1:1: Premature end of file.
2025-06-25 21:10:36,759 [ERROR] LogOutputStream:75 - [STDERR_REDIRECT] 
2025-06-25 21:10:37,752 [ERROR] LogOutputStream:75 - [STDERR_REDIRECT] [Fatal Error] :1:1: Premature end of file.
2025-06-25 21:10:37,753 [ERROR] LogOutputStream:75 - [STDERR_REDIRECT] 
2025-06-25 21:10:38,759 [ERROR] LogOutputStream:75 - [STDERR_REDIRECT] [Fatal Error] :1:1: Premature end of file.
2025-06-25 21:10:38,759 [ERROR] LogOutputStream:75 - [STDERR_REDIRECT] 
2025-06-25 21:10:39,752 [ERROR] LogOutputStream:75 - [STDERR_REDIRECT] [Fatal Error] :1:1: Premature end of file.
2025-06-25 21:10:39,752 [ERROR] LogOutputStream:75 - [STDERR_REDIRECT] 
2025-06-25 21:10:40,752 [ERROR] LogOutputStream:75 - [STDERR_REDIRECT] [Fatal Error] :1:1: Premature end of file.
2025-06-25 21:10:40,752 [ERROR] LogOutputStream:75 - [STDERR_REDIRECT] 
2025-06-25 21:10:41,750 [ERROR] LogOutputStream:75 - [STDERR_REDIRECT] [Fatal Error] :1:1: Premature end of file.
2025-06-25 21:10:41,750 [ERROR] LogOutputStream:75 - [STDERR_REDIRECT] 
2025-06-25 21:10:42,757 [ERROR] LogOutputStream:75 - [STDERR_REDIRECT] [Fatal Error] :1:1: Premature end of file.
2025-06-25 21:10:42,757 [ERROR] LogOutputStream:75 - [STDERR_REDIRECT] 
2025-06-25 21:10:43,753 [ERROR] LogOutputStream:75 - [STDERR_REDIRECT] [Fatal Error] :1:1: Premature end of file.
2025-06-25 21:10:43,754 [ERROR] LogOutputStream:75 - [STDERR_REDIRECT] 
2025-06-25 21:10:44,759 [ERROR] LogOutputStream:75 - [STDERR_REDIRECT] [Fatal Error] :1:1: Premature end of file.
2025-06-25 21:10:44,759 [ERROR] LogOutputStream:75 - [STDERR_REDIRECT] 
2025-06-25 21:10:45,754 [ERROR] LogOutputStream:75 - [STDERR_REDIRECT] [Fatal Error] :1:1: Premature end of file.
2025-06-25 21:10:45,754 [ERROR] LogOutputStream:75 - [STDERR_REDIRECT] 
2025-06-25 21:10:46,751 [ERROR] LogOutputStream:75 - [STDERR_REDIRECT] [Fatal Error] :1:1: Premature end of file.
2025-06-25 21:10:46,751 [ERROR] LogOutputStream:75 - [STDERR_REDIRECT] 
2025-06-25 21:10:47,760 [ERROR] LogOutputStream:75 - [STDERR_REDIRECT] [Fatal Error] :1:1: Premature end of file.
2025-06-25 21:10:47,760 [ERROR] LogOutputStream:75 - [STDERR_REDIRECT] 
2025-06-25 21:10:48,756 [ERROR] LogOutputStream:75 - [STDERR_REDIRECT] [Fatal Error] :1:1: Premature end of file.
2025-06-25 21:10:48,756 [ERROR] LogOutputStream:75 - [STDERR_REDIRECT] 
2025-06-25 21:10:49,752 [ERROR] LogOutputStream:75 - [STDERR_REDIRECT] [Fatal Error] :1:1: Premature end of file.
2025-06-25 21:10:49,752 [ERROR] LogOutputStream:75 - [STDERR_REDIRECT] 
2025-06-25 21:10:50,749 [ERROR] LogOutputStream:75 - [STDERR_REDIRECT] [Fatal Error] :1:1: Premature end of file.
2025-06-25 21:10:50,749 [ERROR] LogOutputStream:75 - [STDERR_REDIRECT] 
2025-06-25 21:10:51,760 [ERROR] LogOutputStream:75 - [STDERR_REDIRECT] [Fatal Error] :1:1: Premature end of file.
2025-06-25 21:10:51,760 [ERROR] LogOutputStream:75 - [STDERR_REDIRECT] 
2025-06-25 21:10:52,751 [ERROR] LogOutputStream:75 - [STDERR_REDIRECT] [Fatal Error] :1:1: Premature end of file.
2025-06-25 21:10:52,751 [ERROR] LogOutputStream:75 - [STDERR_REDIRECT] 
2025-06-25 21:10:53,761 [ERROR] LogOutputStream:75 - [STDERR_REDIRECT] [Fatal Error] :1:1: Premature end of file.
2025-06-25 21:10:53,761 [ERROR] LogOutputStream:75 - [STDERR_REDIRECT] 
2025-06-25 21:10:54,754 [ERROR] LogOutputStream:75 - [STDERR_REDIRECT] [Fatal Error] :1:1: Premature end of file.
2025-06-25 21:10:54,754 [ERROR] LogOutputStream:75 - [STDERR_REDIRECT] 
2025-06-25 21:10:55,758 [ERROR] LogOutputStream:75 - [STDERR_REDIRECT] [Fatal Error] :1:1: Premature end of file.
2025-06-25 21:10:55,759 [ERROR] LogOutputStream:75 - [STDERR_REDIRECT] 
2025-06-25 21:10:56,758 [ERROR] LogOutputStream:75 - [STDERR_REDIRECT] [Fatal Error] :1:1: Premature end of file.
2025-06-25 21:10:56,758 [ERROR] LogOutputStream:75 - [STDERR_REDIRECT] 
2025-06-25 21:10:57,760 [ERROR] LogOutputStream:75 - [STDERR_REDIRECT] [Fatal Error] :1:1: Premature end of file.
2025-06-25 21:10:57,760 [ERROR] LogOutputStream:75 - [STDERR_REDIRECT] 
2025-06-25 21:10:58,760 [ERROR] LogOutputStream:75 - [STDERR_REDIRECT] [Fatal Error] :1:1: Premature end of file.
2025-06-25 21:10:58,760 [ERROR] LogOutputStream:75 - [STDERR_REDIRECT] 
2025-06-25 21:10:59,751 [ERROR] LogOutputStream:75 - [STDERR_REDIRECT] [Fatal Error] :1:1: Premature end of file.
2025-06-25 21:10:59,751 [ERROR] LogOutputStream:75 - [STDERR_REDIRECT] 
2025-06-25 21:11:00,748 [ERROR] LogOutputStream:75 - [STDERR_REDIRECT] [Fatal Error] :1:1: Premature end of file.
2025-06-25 21:11:00,748 [ERROR] LogOutputStream:75 - [STDERR_REDIRECT] 
2025-06-25 21:11:01,762 [ERROR] LogOutputStream:75 - [STDERR_REDIRECT] [Fatal Error] :1:1: Premature end of file.
2025-06-25 21:11:01,762 [ERROR] LogOutputStream:75 - [STDERR_REDIRECT] 
2025-06-25 21:11:02,754 [ERROR] LogOutputStream:75 - [STDERR_REDIRECT] [Fatal Error] :1:1: Premature end of file.
2025-06-25 21:11:02,754 [ERROR] LogOutputStream:75 - [STDERR_REDIRECT] 
2025-06-25 21:11:03,757 [ERROR] LogOutputStream:75 - [STDERR_REDIRECT] [Fatal Error] :1:1: Premature end of file.
2025-06-25 21:11:03,757 [ERROR] LogOutputStream:75 - [STDERR_REDIRECT] 
2025-06-25 21:11:04,751 [ERROR] LogOutputStream:75 - [STDERR_REDIRECT] [Fatal Error] :1:1: Premature end of file.
2025-06-25 21:11:04,751 [ERROR] LogOutputStream:75 - [STDERR_REDIRECT] 
2025-06-25 21:11:05,760 [ERROR] LogOutputStream:75 - [STDERR_REDIRECT] [Fatal Error] :1:1: Premature end of file.
2025-06-25 21:11:05,760 [ERROR] LogOutputStream:75 - [STDERR_REDIRECT] 
2025-06-25 21:11:06,756 [ERROR] LogOutputStream:75 - [STDERR_REDIRECT] [Fatal Error] :1:1: Premature end of file.
2025-06-25 21:11:06,756 [ERROR] LogOutputStream:75 - [STDERR_REDIRECT] 
2025-06-25 21:11:07,753 [ERROR] LogOutputStream:75 - [STDERR_REDIRECT] [Fatal Error] :1:1: Premature end of file.
2025-06-25 21:11:07,753 [ERROR] LogOutputStream:75 - [STDERR_REDIRECT] 
2025-06-25 21:11:08,760 [ERROR] LogOutputStream:75 - [STDERR_REDIRECT] [Fatal Error] :1:1: Premature end of file.
2025-06-25 21:11:08,760 [ERROR] LogOutputStream:75 - [STDERR_REDIRECT] 
2025-06-25 21:11:09,751 [ERROR] LogOutputStream:75 - [STDERR_REDIRECT] [Fatal Error] :1:1: Premature end of file.
2025-06-25 21:11:09,751 [ERROR] LogOutputStream:75 - [STDERR_REDIRECT] 
2025-06-25 21:11:10,747 [ERROR] LogOutputStream:75 - [STDERR_REDIRECT] [Fatal Error] :1:1: Premature end of file.
2025-06-25 21:11:10,747 [ERROR] LogOutputStream:75 - [STDERR_REDIRECT] 
2025-06-25 21:11:11,760 [ERROR] LogOutputStream:75 - [STDERR_REDIRECT] [Fatal Error] :1:1: Premature end of file.
2025-06-25 21:11:11,762 [ERROR] LogOutputStream:75 - [STDERR_REDIRECT] 
2025-06-25 21:11:12,758 [ERROR] LogOutputStream:75 - [STDERR_REDIRECT] [Fatal Error] :1:1: Premature end of file.
2025-06-25 21:11:12,758 [ERROR] LogOutputStream:75 - [STDERR_REDIRECT] 
2025-06-25 21:11:13,751 [ERROR] LogOutputStream:75 - [STDERR_REDIRECT] [Fatal Error] :1:1: Premature end of file.
2025-06-25 21:11:13,751 [ERROR] LogOutputStream:75 - [STDERR_REDIRECT] 
2025-06-25 21:11:14,763 [ERROR] LogOutputStream:75 - [STDERR_REDIRECT] [Fatal Error] :1:1: Premature end of file.
2025-06-25 21:11:14,763 [ERROR] LogOutputStream:75 - [STDERR_REDIRECT] 
2025-06-25 21:11:15,749 [ERROR] LogOutputStream:75 - [STDERR_REDIRECT] [Fatal Error] :1:1: Premature end of file.
2025-06-25 21:11:15,749 [ERROR] LogOutputStream:75 - [STDERR_REDIRECT] 
2025-06-25 21:11:16,755 [ERROR] LogOutputStream:75 - [STDERR_REDIRECT] [Fatal Error] :1:1: Premature end of file.
2025-06-25 21:11:16,755 [ERROR] LogOutputStream:75 - [STDERR_REDIRECT] 
2025-06-25 21:11:17,751 [ERROR] LogOutputStream:75 - [STDERR_REDIRECT] [Fatal Error] :1:1: Premature end of file.
2025-06-25 21:11:17,751 [ERROR] LogOutputStream:75 - [STDERR_REDIRECT] 
2025-06-25 21:11:18,760 [ERROR] LogOutputStream:75 - [STDERR_REDIRECT] [Fatal Error] :1:1: Premature end of file.
2025-06-25 21:11:18,760 [ERROR] LogOutputStream:75 - [STDERR_REDIRECT] 
2025-06-25 21:11:19,753 [ERROR] LogOutputStream:75 - [STDERR_REDIRECT] [Fatal Error] :1:1: Premature end of file.
2025-06-25 21:11:19,753 [ERROR] LogOutputStream:75 - [STDERR_REDIRECT] 
2025-06-25 21:11:20,761 [ERROR] LogOutputStream:75 - [STDERR_REDIRECT] [Fatal Error] :1:1: Premature end of file.
2025-06-25 21:11:20,761 [ERROR] LogOutputStream:75 - [STDERR_REDIRECT] 
2025-06-25 21:11:21,756 [ERROR] LogOutputStream:75 - [STDERR_REDIRECT] [Fatal Error] :1:1: Premature end of file.
2025-06-25 21:11:21,756 [ERROR] LogOutputStream:75 - [STDERR_REDIRECT] 
2025-06-25 21:11:22,751 [ERROR] LogOutputStream:75 - [STDERR_REDIRECT] [Fatal Error] :1:1: Premature end of file.
2025-06-25 21:11:22,751 [ERROR] LogOutputStream:75 - [STDERR_REDIRECT] 
2025-06-25 21:11:23,760 [ERROR] LogOutputStream:75 - [STDERR_REDIRECT] [Fatal Error] :1:1: Premature end of file.
2025-06-25 21:11:23,760 [ERROR] LogOutputStream:75 - [STDERR_REDIRECT] 
2025-06-25 21:11:24,751 [ERROR] LogOutputStream:75 - [STDERR_REDIRECT] [Fatal Error] :1:1: Premature end of file.
2025-06-25 21:11:24,752 [ERROR] LogOutputStream:75 - [STDERR_REDIRECT] 
2025-06-25 21:11:25,760 [ERROR] LogOutputStream:75 - [STDERR_REDIRECT] [Fatal Error] :1:1: Premature end of file.
2025-06-25 21:11:25,760 [ERROR] LogOutputStream:75 - [STDERR_REDIRECT] 
2025-06-25 21:11:26,761 [ERROR] LogOutputStream:75 - [STDERR_REDIRECT] [Fatal Error] :1:1: Premature end of file.
2025-06-25 21:11:26,762 [ERROR] LogOutputStream:75 - [STDERR_REDIRECT] 
2025-06-25 21:11:27,760 [ERROR] LogOutputStream:75 - [STDERR_REDIRECT] [Fatal Error] :1:1: Premature end of file.
2025-06-25 21:11:27,760 [ERROR] LogOutputStream:75 - [STDERR_REDIRECT] 
2025-06-25 21:11:28,756 [ERROR] LogOutputStream:75 - [STDERR_REDIRECT] [Fatal Error] :1:1: Premature end of file.
2025-06-25 21:11:28,756 [ERROR] LogOutputStream:75 - [STDERR_REDIRECT] 
2025-06-25 21:11:29,749 [ERROR] LogOutputStream:75 - [STDERR_REDIRECT] [Fatal Error] :1:1: Premature end of file.
2025-06-25 21:11:29,749 [ERROR] LogOutputStream:75 - [STDERR_REDIRECT] 
2025-06-25 21:11:30,758 [ERROR] LogOutputStream:75 - [STDERR_REDIRECT] [Fatal Error] :1:1: Premature end of file.
2025-06-25 21:11:30,758 [ERROR] LogOutputStream:75 - [STDERR_REDIRECT] 
2025-06-25 21:11:31,761 [ERROR] LogOutputStream:75 - [STDERR_REDIRECT] [Fatal Error] :1:1: Premature end of file.
2025-06-25 21:11:31,761 [ERROR] LogOutputStream:75 - [STDERR_REDIRECT] 
2025-06-25 21:11:32,760 [ERROR] LogOutputStream:75 - [STDERR_REDIRECT] [Fatal Error] :1:1: Premature end of file.
2025-06-25 21:11:32,760 [ERROR] LogOutputStream:75 - [STDERR_REDIRECT] 
2025-06-25 21:11:33,758 [ERROR] LogOutputStream:75 - [STDERR_REDIRECT] [Fatal Error] :1:1: Premature end of file.
2025-06-25 21:11:33,758 [ERROR] LogOutputStream:75 - [STDERR_REDIRECT] 
2025-06-25 21:11:34,750 [ERROR] LogOutputStream:75 - [STDERR_REDIRECT] [Fatal Error] :1:1: Premature end of file.
2025-06-25 21:11:34,750 [ERROR] LogOutputStream:75 - [STDERR_REDIRECT] 
2025-06-25 21:11:35,761 [ERROR] LogOutputStream:75 - [STDERR_REDIRECT] [Fatal Error] :1:1: Premature end of file.
2025-06-25 21:11:35,762 [ERROR] LogOutputStream:75 - [STDERR_REDIRECT] 
2025-06-25 21:11:36,757 [ERROR] LogOutputStream:75 - [STDERR_REDIRECT] [Fatal Error] :1:1: Premature end of file.
2025-06-25 21:11:36,757 [ERROR] LogOutputStream:75 - [STDERR_REDIRECT] 
2025-06-25 21:11:37,760 [ERROR] LogOutputStream:75 - [STDERR_REDIRECT] [Fatal Error] :1:1: Premature end of file.
2025-06-25 21:11:37,760 [ERROR] LogOutputStream:75 - [STDERR_REDIRECT] 
2025-06-25 21:11:38,754 [ERROR] LogOutputStream:75 - [STDERR_REDIRECT] [Fatal Error] :1:1: Premature end of file.
2025-06-25 21:11:38,754 [ERROR] LogOutputStream:75 - [STDERR_REDIRECT] 
2025-06-25 21:11:39,762 [ERROR] LogOutputStream:75 - [STDERR_REDIRECT] [Fatal Error] :1:1: Premature end of file.
2025-06-25 21:11:39,763 [ERROR] LogOutputStream:75 - [STDERR_REDIRECT] 
2025-06-25 21:11:40,762 [ERROR] LogOutputStream:75 - [STDERR_REDIRECT] [Fatal Error] :1:1: Premature end of file.
2025-06-25 21:11:40,762 [ERROR] LogOutputStream:75 - [STDERR_REDIRECT] 
2025-06-25 21:11:41,756 [ERROR] LogOutputStream:75 - [STDERR_REDIRECT] [Fatal Error] :1:1: Premature end of file.
2025-06-25 21:11:41,756 [ERROR] LogOutputStream:75 - [STDERR_REDIRECT] 
2025-06-25 21:11:42,749 [ERROR] LogOutputStream:75 - [STDERR_REDIRECT] [Fatal Error] :1:1: Premature end of file.
2025-06-25 21:11:42,749 [ERROR] LogOutputStream:75 - [STDERR_REDIRECT] 
2025-06-25 21:11:43,762 [ERROR] LogOutputStream:75 - [STDERR_REDIRECT] [Fatal Error] :1:1: Premature end of file.
2025-06-25 21:11:43,762 [ERROR] LogOutputStream:75 - [STDERR_REDIRECT] 
2025-06-25 21:11:44,757 [ERROR] LogOutputStream:75 - [STDERR_REDIRECT] [Fatal Error] :1:1: Premature end of file.
2025-06-25 21:11:44,757 [ERROR] LogOutputStream:75 - [STDERR_REDIRECT] 
2025-06-25 21:11:45,751 [ERROR] LogOutputStream:75 - [STDERR_REDIRECT] [Fatal Error] :1:1: Premature end of file.
2025-06-25 21:11:45,751 [ERROR] LogOutputStream:75 - [STDERR_REDIRECT] 
2025-06-25 21:11:46,761 [ERROR] LogOutputStream:75 - [STDERR_REDIRECT] [Fatal Error] :1:1: Premature end of file.
2025-06-25 21:11:46,761 [ERROR] LogOutputStream:75 - [STDERR_REDIRECT] 
2025-06-25 21:11:47,761 [ERROR] LogOutputStream:75 - [STDERR_REDIRECT] [Fatal Error] :1:1: Premature end of file.
2025-06-25 21:11:47,761 [ERROR] LogOutputStream:75 - [STDERR_REDIRECT] 
2025-06-25 21:11:48,753 [ERROR] LogOutputStream:75 - [STDERR_REDIRECT] [Fatal Error] :1:1: Premature end of file.
2025-06-25 21:11:48,753 [ERROR] LogOutputStream:75 - [STDERR_REDIRECT] 
2025-06-25 21:11:49,756 [ERROR] LogOutputStream:75 - [STDERR_REDIRECT] [Fatal Error] :1:1: Premature end of file.
2025-06-25 21:11:49,756 [ERROR] LogOutputStream:75 - [STDERR_REDIRECT] 
2025-06-25 21:11:50,759 [ERROR] LogOutputStream:75 - [STDERR_REDIRECT] [Fatal Error] :1:1: Premature end of file.
2025-06-25 21:11:50,759 [ERROR] LogOutputStream:75 - [STDERR_REDIRECT] 
2025-06-25 21:11:51,759 [ERROR] LogOutputStream:75 - [STDERR_REDIRECT] [Fatal Error] :1:1: Premature end of file.
2025-06-25 21:11:51,760 [ERROR] LogOutputStream:75 - [STDERR_REDIRECT] 
2025-06-25 21:11:52,755 [ERROR] LogOutputStream:75 - [STDERR_REDIRECT] [Fatal Error] :1:1: Premature end of file.
2025-06-25 21:11:52,755 [ERROR] LogOutputStream:75 - [STDERR_REDIRECT] 
2025-06-25 21:11:53,749 [ERROR] LogOutputStream:75 - [STDERR_REDIRECT] [Fatal Error] :1:1: Premature end of file.
2025-06-25 21:11:53,749 [ERROR] LogOutputStream:75 - [STDERR_REDIRECT] 
2025-06-25 21:11:54,748 [ERROR] LogOutputStream:75 - [STDERR_REDIRECT] [Fatal Error] :1:1: Premature end of file.
2025-06-25 21:11:54,749 [ERROR] LogOutputStream:75 - [STDERR_REDIRECT] 
2025-06-25 21:11:55,757 [ERROR] LogOutputStream:75 - [STDERR_REDIRECT] [Fatal Error] :1:1: Premature end of file.
2025-06-25 21:11:55,757 [ERROR] LogOutputStream:75 - [STDERR_REDIRECT] 
2025-06-25 21:11:56,752 [ERROR] LogOutputStream:75 - [STDERR_REDIRECT] [Fatal Error] :1:1: Premature end of file.
2025-06-25 21:11:56,752 [ERROR] LogOutputStream:75 - [STDERR_REDIRECT] 
2025-06-25 21:11:57,761 [ERROR] LogOutputStream:75 - [STDERR_REDIRECT] [Fatal Error] :1:1: Premature end of file.
2025-06-25 21:11:57,761 [ERROR] LogOutputStream:75 - [STDERR_REDIRECT] 
2025-06-25 21:11:58,759 [ERROR] LogOutputStream:75 - [STDERR_REDIRECT] [Fatal Error] :1:1: Premature end of file.
2025-06-25 21:11:58,759 [ERROR] LogOutputStream:75 - [STDERR_REDIRECT] 
2025-06-25 21:11:59,757 [ERROR] LogOutputStream:75 - [STDERR_REDIRECT] [Fatal Error] :1:1: Premature end of file.
2025-06-25 21:11:59,757 [ERROR] LogOutputStream:75 - [STDERR_REDIRECT] 
2025-06-25 21:12:00,755 [ERROR] LogOutputStream:75 - [STDERR_REDIRECT] [Fatal Error] :1:1: Premature end of file.
2025-06-25 21:12:00,755 [ERROR] LogOutputStream:75 - [STDERR_REDIRECT] 
2025-06-25 21:12:01,754 [ERROR] LogOutputStream:75 - [STDERR_REDIRECT] [Fatal Error] :1:1: Premature end of file.
2025-06-25 21:12:01,754 [ERROR] LogOutputStream:75 - [STDERR_REDIRECT] 
2025-06-25 21:12:02,750 [ERROR] LogOutputStream:75 - [STDERR_REDIRECT] [Fatal Error] :1:1: Premature end of file.
2025-06-25 21:12:02,750 [ERROR] LogOutputStream:75 - [STDERR_REDIRECT] 
2025-06-25 21:12:03,763 [ERROR] LogOutputStream:75 - [STDERR_REDIRECT] [Fatal Error] :1:1: Premature end of file.
2025-06-25 21:12:03,763 [ERROR] LogOutputStream:75 - [STDERR_REDIRECT] 
2025-06-25 21:12:04,757 [ERROR] LogOutputStream:75 - [STDERR_REDIRECT] [Fatal Error] :1:1: Premature end of file.
2025-06-25 21:12:04,757 [ERROR] LogOutputStream:75 - [STDERR_REDIRECT] 
2025-06-25 21:12:05,750 [ERROR] LogOutputStream:75 - [STDERR_REDIRECT] [Fatal Error] :1:1: Premature end of file.
2025-06-25 21:12:05,750 [ERROR] LogOutputStream:75 - [STDERR_REDIRECT] 
2025-06-25 21:12:06,760 [ERROR] LogOutputStream:75 - [STDERR_REDIRECT] [Fatal Error] :1:1: Premature end of file.
2025-06-25 21:12:06,760 [ERROR] LogOutputStream:75 - [STDERR_REDIRECT] 
2025-06-25 21:12:07,757 [ERROR] LogOutputStream:75 - [STDERR_REDIRECT] [Fatal Error] :1:1: Premature end of file.
2025-06-25 21:12:07,758 [ERROR] LogOutputStream:75 - [STDERR_REDIRECT] 
2025-06-25 21:12:08,749 [ERROR] LogOutputStream:75 - [STDERR_REDIRECT] [Fatal Error] :1:1: Premature end of file.
2025-06-25 21:12:08,749 [ERROR] LogOutputStream:75 - [STDERR_REDIRECT] 
2025-06-25 21:12:09,755 [ERROR] LogOutputStream:75 - [STDERR_REDIRECT] [Fatal Error] :1:1: Premature end of file.
2025-06-25 21:12:09,755 [ERROR] LogOutputStream:75 - [STDERR_REDIRECT] 
2025-06-25 21:12:10,749 [ERROR] LogOutputStream:75 - [STDERR_REDIRECT] [Fatal Error] :1:1: Premature end of file.
2025-06-25 21:12:10,749 [ERROR] LogOutputStream:75 - [STDERR_REDIRECT] 
2025-06-25 21:12:11,761 [ERROR] LogOutputStream:75 - [STDERR_REDIRECT] [Fatal Error] :1:1: Premature end of file.
2025-06-25 21:12:11,762 [ERROR] LogOutputStream:75 - [STDERR_REDIRECT] 
2025-06-25 21:12:12,759 [ERROR] LogOutputStream:75 - [STDERR_REDIRECT] [Fatal Error] :1:1: Premature end of file.
2025-06-25 21:12:12,759 [ERROR] LogOutputStream:75 - [STDERR_REDIRECT] 
2025-06-25 21:12:13,759 [ERROR] LogOutputStream:75 - [STDERR_REDIRECT] [Fatal Error] :1:1: Premature end of file.
2025-06-25 21:12:13,759 [ERROR] LogOutputStream:75 - [STDERR_REDIRECT] 
2025-06-25 21:12:14,763 [ERROR] LogOutputStream:75 - [STDERR_REDIRECT] [Fatal Error] :1:1: Premature end of file.
2025-06-25 21:12:14,763 [ERROR] LogOutputStream:75 - [STDERR_REDIRECT] 
2025-06-25 21:12:15,757 [ERROR] LogOutputStream:75 - [STDERR_REDIRECT] [Fatal Error] :1:1: Premature end of file.
2025-06-25 21:12:15,757 [ERROR] LogOutputStream:75 - [STDERR_REDIRECT] 
2025-06-25 21:12:16,748 [ERROR] LogOutputStream:75 - [STDERR_REDIRECT] [Fatal Error] :1:1: Premature end of file.
2025-06-25 21:12:16,748 [ERROR] LogOutputStream:75 - [STDERR_REDIRECT] 
2025-06-25 21:12:17,763 [ERROR] LogOutputStream:75 - [STDERR_REDIRECT] [Fatal Error] :1:1: Premature end of file.
2025-06-25 21:12:17,764 [ERROR] LogOutputStream:75 - [STDERR_REDIRECT] 
2025-06-25 21:12:18,761 [ERROR] LogOutputStream:75 - [STDERR_REDIRECT] [Fatal Error] :1:1: Premature end of file.
2025-06-25 21:12:18,761 [ERROR] LogOutputStream:75 - [STDERR_REDIRECT] 
2025-06-25 21:12:19,760 [ERROR] LogOutputStream:75 - [STDERR_REDIRECT] [Fatal Error] :1:1: Premature end of file.
2025-06-25 21:12:19,760 [ERROR] LogOutputStream:75 - [STDERR_REDIRECT] 
2025-06-25 21:12:20,756 [ERROR] LogOutputStream:75 - [STDERR_REDIRECT] [Fatal Error] :1:1: Premature end of file.
2025-06-25 21:12:20,756 [ERROR] LogOutputStream:75 - [STDERR_REDIRECT] 
2025-06-25 21:12:21,750 [ERROR] LogOutputStream:75 - [STDERR_REDIRECT] [Fatal Error] :1:1: Premature end of file.
2025-06-25 21:12:21,750 [ERROR] LogOutputStream:75 - [STDERR_REDIRECT] 
2025-06-25 21:12:22,759 [ERROR] LogOutputStream:75 - [STDERR_REDIRECT] [Fatal Error] :1:1: Premature end of file.
2025-06-25 21:12:22,759 [ERROR] LogOutputStream:75 - [STDERR_REDIRECT] 
2025-06-25 21:12:23,757 [ERROR] LogOutputStream:75 - [STDERR_REDIRECT] [Fatal Error] :1:1: Premature end of file.
2025-06-25 21:12:23,757 [ERROR] LogOutputStream:75 - [STDERR_REDIRECT] 
2025-06-25 21:12:24,750 [ERROR] LogOutputStream:75 - [STDERR_REDIRECT] [Fatal Error] :1:1: Premature end of file.
2025-06-25 21:12:24,750 [ERROR] LogOutputStream:75 - [STDERR_REDIRECT] 
2025-06-25 21:12:25,755 [ERROR] LogOutputStream:75 - [STDERR_REDIRECT] [Fatal Error] :1:1: Premature end of file.
2025-06-25 21:12:25,755 [ERROR] LogOutputStream:75 - [STDERR_REDIRECT] 
2025-06-25 21:12:26,750 [ERROR] LogOutputStream:75 - [STDERR_REDIRECT] [Fatal Error] :1:1: Premature end of file.
2025-06-25 21:12:26,750 [ERROR] LogOutputStream:75 - [STDERR_REDIRECT] 
2025-06-25 21:12:27,766 [ERROR] LogOutputStream:75 - [STDERR_REDIRECT] [Fatal Error] :1:1: Premature end of file.
2025-06-25 21:12:27,767 [ERROR] LogOutputStream:75 - [STDERR_REDIRECT] 
2025-06-25 21:12:28,752 [ERROR] LogOutputStream:75 - [STDERR_REDIRECT] [Fatal Error] :1:1: Premature end of file.
2025-06-25 21:12:28,752 [ERROR] LogOutputStream:75 - [STDERR_REDIRECT] 
2025-06-25 21:12:29,761 [ERROR] LogOutputStream:75 - [STDERR_REDIRECT] [Fatal Error] :1:1: Premature end of file.
2025-06-25 21:12:29,761 [ERROR] LogOutputStream:75 - [STDERR_REDIRECT] 
2025-06-25 21:12:30,757 [ERROR] LogOutputStream:75 - [STDERR_REDIRECT] [Fatal Error] :1:1: Premature end of file.
2025-06-25 21:12:30,757 [ERROR] LogOutputStream:75 - [STDERR_REDIRECT] 
2025-06-25 21:12:31,755 [ERROR] LogOutputStream:75 - [STDERR_REDIRECT] [Fatal Error] :1:1: Premature end of file.
2025-06-25 21:12:31,755 [ERROR] LogOutputStream:75 - [STDERR_REDIRECT] 
2025-06-25 21:12:32,750 [ERROR] LogOutputStream:75 - [STDERR_REDIRECT] [Fatal Error] :1:1: Premature end of file.
2025-06-25 21:12:32,751 [ERROR] LogOutputStream:75 - [STDERR_REDIRECT] 
2025-06-25 21:12:33,762 [ERROR] LogOutputStream:75 - [STDERR_REDIRECT] [Fatal Error] :1:1: Premature end of file.
2025-06-25 21:12:33,762 [ERROR] LogOutputStream:75 - [STDERR_REDIRECT] 
2025-06-25 21:12:34,754 [ERROR] LogOutputStream:75 - [STDERR_REDIRECT] [Fatal Error] :1:1: Premature end of file.
2025-06-25 21:12:34,754 [ERROR] LogOutputStream:75 - [STDERR_REDIRECT] 
2025-06-25 21:12:35,748 [ERROR] LogOutputStream:75 - [STDERR_REDIRECT] [Fatal Error] :1:1: Premature end of file.
2025-06-25 21:12:35,748 [ERROR] LogOutputStream:75 - [STDERR_REDIRECT] 
2025-06-25 21:12:36,750 [ERROR] LogOutputStream:75 - [STDERR_REDIRECT] [Fatal Error] :1:1: Premature end of file.
2025-06-25 21:12:36,750 [ERROR] LogOutputStream:75 - [STDERR_REDIRECT] 
2025-06-25 21:12:37,760 [ERROR] LogOutputStream:75 - [STDERR_REDIRECT] [Fatal Error] :1:1: Premature end of file.
2025-06-25 21:12:37,760 [ERROR] LogOutputStream:75 - [STDERR_REDIRECT] 
2025-06-25 21:12:38,759 [ERROR] LogOutputStream:75 - [STDERR_REDIRECT] [Fatal Error] :1:1: Premature end of file.
2025-06-25 21:12:38,759 [ERROR] LogOutputStream:75 - [STDERR_REDIRECT] 
2025-06-25 21:12:39,751 [ERROR] LogOutputStream:75 - [STDERR_REDIRECT] [Fatal Error] :1:1: Premature end of file.
2025-06-25 21:12:39,751 [ERROR] LogOutputStream:75 - [STDERR_REDIRECT] 
2025-06-25 21:12:40,759 [ERROR] LogOutputStream:75 - [STDERR_REDIRECT] [Fatal Error] :1:1: Premature end of file.
2025-06-25 21:12:40,759 [ERROR] LogOutputStream:75 - [STDERR_REDIRECT] 
2025-06-25 21:12:41,751 [ERROR] LogOutputStream:75 - [STDERR_REDIRECT] [Fatal Error] :1:1: Premature end of file.
2025-06-25 21:12:41,751 [ERROR] LogOutputStream:75 - [STDERR_REDIRECT] 
2025-06-25 21:12:42,762 [ERROR] LogOutputStream:75 - [STDERR_REDIRECT] [Fatal Error] :1:1: Premature end of file.
2025-06-25 21:12:42,763 [ERROR] LogOutputStream:75 - [STDERR_REDIRECT] 
2025-06-25 21:12:43,751 [ERROR] LogOutputStream:75 - [STDERR_REDIRECT] [Fatal Error] :1:1: Premature end of file.
2025-06-25 21:12:43,751 [ERROR] LogOutputStream:75 - [STDERR_REDIRECT] 
2025-06-25 21:12:44,754 [ERROR] LogOutputStream:75 - [STDERR_REDIRECT] [Fatal Error] :1:1: Premature end of file.
2025-06-25 21:12:44,754 [ERROR] LogOutputStream:75 - [STDERR_REDIRECT] 
2025-06-25 21:12:45,749 [ERROR] LogOutputStream:75 - [STDERR_REDIRECT] [Fatal Error] :1:1: Premature end of file.
2025-06-25 21:12:45,749 [ERROR] LogOutputStream:75 - [STDERR_REDIRECT] 
2025-06-25 21:12:46,759 [ERROR] LogOutputStream:75 - [STDERR_REDIRECT] [Fatal Error] :1:1: Premature end of file.
2025-06-25 21:12:46,759 [ERROR] LogOutputStream:75 - [STDERR_REDIRECT] 
2025-06-25 21:12:47,763 [ERROR] LogOutputStream:75 - [STDERR_REDIRECT] [Fatal Error] :1:1: Premature end of file.
2025-06-25 21:12:47,763 [ERROR] LogOutputStream:75 - [STDERR_REDIRECT] 
2025-06-25 21:12:48,758 [ERROR] LogOutputStream:75 - [STDERR_REDIRECT] [Fatal Error] :1:1: Premature end of file.
2025-06-25 21:12:48,758 [ERROR] LogOutputStream:75 - [STDERR_REDIRECT] 
2025-06-25 21:12:49,756 [ERROR] LogOutputStream:75 - [STDERR_REDIRECT] [Fatal Error] :1:1: Premature end of file.
2025-06-25 21:12:49,756 [ERROR] LogOutputStream:75 - [STDERR_REDIRECT] 
2025-06-25 21:12:50,749 [ERROR] LogOutputStream:75 - [STDERR_REDIRECT] [Fatal Error] :1:1: Premature end of file.
2025-06-25 21:12:50,749 [ERROR] LogOutputStream:75 - [STDERR_REDIRECT] 
2025-06-25 21:12:51,755 [ERROR] LogOutputStream:75 - [STDERR_REDIRECT] [Fatal Error] :1:1: Premature end of file.
2025-06-25 21:12:51,755 [ERROR] LogOutputStream:75 - [STDERR_REDIRECT] 
2025-06-25 21:12:52,749 [ERROR] LogOutputStream:75 - [STDERR_REDIRECT] [Fatal Error] :1:1: Premature end of file.
2025-06-25 21:12:52,750 [ERROR] LogOutputStream:75 - [STDERR_REDIRECT] 
2025-06-25 21:12:53,756 [ERROR] LogOutputStream:75 - [STDERR_REDIRECT] [Fatal Error] :1:1: Premature end of file.
2025-06-25 21:12:53,757 [ERROR] LogOutputStream:75 - [STDERR_REDIRECT] 
2025-06-25 21:12:54,763 [ERROR] LogOutputStream:75 - [STDERR_REDIRECT] [Fatal Error] :1:1: Premature end of file.
2025-06-25 21:12:54,763 [ERROR] LogOutputStream:75 - [STDERR_REDIRECT] 
2025-06-25 21:12:55,759 [ERROR] LogOutputStream:75 - [STDERR_REDIRECT] [Fatal Error] :1:1: Premature end of file.
2025-06-25 21:12:55,759 [ERROR] LogOutputStream:75 - [STDERR_REDIRECT] 
2025-06-25 21:12:56,756 [ERROR] LogOutputStream:75 - [STDERR_REDIRECT] [Fatal Error] :1:1: Premature end of file.
2025-06-25 21:12:56,756 [ERROR] LogOutputStream:75 - [STDERR_REDIRECT] 
2025-06-25 21:12:57,748 [ERROR] LogOutputStream:75 - [STDERR_REDIRECT] [Fatal Error] :1:1: Premature end of file.
2025-06-25 21:12:57,748 [ERROR] LogOutputStream:75 - [STDERR_REDIRECT] 
2025-06-25 21:12:58,755 [ERROR] LogOutputStream:75 - [STDERR_REDIRECT] [Fatal Error] :1:1: Premature end of file.
2025-06-25 21:12:58,755 [ERROR] LogOutputStream:75 - [STDERR_REDIRECT] 
2025-06-25 21:12:59,761 [ERROR] LogOutputStream:75 - [STDERR_REDIRECT] [Fatal Error] :1:1: Premature end of file.
2025-06-25 21:12:59,761 [ERROR] LogOutputStream:75 - [STDERR_REDIRECT] 
2025-06-25 21:13:00,755 [ERROR] LogOutputStream:75 - [STDERR_REDIRECT] [Fatal Error] :1:1: Premature end of file.
2025-06-25 21:13:00,755 [ERROR] LogOutputStream:75 - [STDERR_REDIRECT] 
2025-06-25 21:13:01,755 [ERROR] LogOutputStream:75 - [STDERR_REDIRECT] [Fatal Error] :1:1: Premature end of file.
2025-06-25 21:13:01,755 [ERROR] LogOutputStream:75 - [STDERR_REDIRECT] 
2025-06-25 21:13:02,751 [ERROR] LogOutputStream:75 - [STDERR_REDIRECT] [Fatal Error] :1:1: Premature end of file.
2025-06-25 21:13:02,751 [ERROR] LogOutputStream:75 - [STDERR_REDIRECT] 
2025-06-25 21:13:03,748 [ERROR] LogOutputStream:75 - [STDERR_REDIRECT] [Fatal Error] :1:1: Premature end of file.
2025-06-25 21:13:03,748 [ERROR] LogOutputStream:75 - [STDERR_REDIRECT] 
2025-06-25 21:13:04,755 [ERROR] LogOutputStream:75 - [STDERR_REDIRECT] [Fatal Error] :1:1: Premature end of file.
2025-06-25 21:13:04,755 [ERROR] LogOutputStream:75 - [STDERR_REDIRECT] 
2025-06-25 21:13:05,763 [ERROR] LogOutputStream:75 - [STDERR_REDIRECT] [Fatal Error] :1:1: Premature end of file.
2025-06-25 21:13:05,763 [ERROR] LogOutputStream:75 - [STDERR_REDIRECT] 
2025-06-25 21:13:06,759 [ERROR] LogOutputStream:75 - [STDERR_REDIRECT] [Fatal Error] :1:1: Premature end of file.
2025-06-25 21:13:06,759 [ERROR] LogOutputStream:75 - [STDERR_REDIRECT] 
2025-06-25 21:13:07,750 [ERROR] LogOutputStream:75 - [STDERR_REDIRECT] [Fatal Error] :1:1: Premature end of file.
2025-06-25 21:13:07,750 [ERROR] LogOutputStream:75 - [STDERR_REDIRECT] 
2025-06-25 21:13:08,749 [ERROR] LogOutputStream:75 - [STDERR_REDIRECT] [Fatal Error] :1:1: Premature end of file.
2025-06-25 21:13:08,749 [ERROR] LogOutputStream:75 - [STDERR_REDIRECT] 
2025-06-25 21:13:09,757 [ERROR] LogOutputStream:75 - [STDERR_REDIRECT] [Fatal Error] :1:1: Premature end of file.
2025-06-25 21:13:09,757 [ERROR] LogOutputStream:75 - [STDERR_REDIRECT] 
2025-06-25 21:13:10,755 [ERROR] LogOutputStream:75 - [STDERR_REDIRECT] [Fatal Error] :1:1: Premature end of file.
2025-06-25 21:13:10,755 [ERROR] LogOutputStream:75 - [STDERR_REDIRECT] 
2025-06-25 21:13:11,761 [ERROR] LogOutputStream:75 - [STDERR_REDIRECT] [Fatal Error] :1:1: Premature end of file.
2025-06-25 21:13:11,761 [ERROR] LogOutputStream:75 - [STDERR_REDIRECT] 
2025-06-25 21:13:12,754 [ERROR] LogOutputStream:75 - [STDERR_REDIRECT] [Fatal Error] :1:1: Premature end of file.
2025-06-25 21:13:12,755 [ERROR] LogOutputStream:75 - [STDERR_REDIRECT] 
2025-06-25 21:13:13,750 [ERROR] LogOutputStream:75 - [STDERR_REDIRECT] [Fatal Error] :1:1: Premature end of file.
2025-06-25 21:13:13,750 [ERROR] LogOutputStream:75 - [STDERR_REDIRECT] 
2025-06-25 21:13:14,761 [ERROR] LogOutputStream:75 - [STDERR_REDIRECT] [Fatal Error] :1:1: Premature end of file.
2025-06-25 21:13:14,761 [ERROR] LogOutputStream:75 - [STDERR_REDIRECT] 
2025-06-25 21:13:15,761 [ERROR] LogOutputStream:75 - [STDERR_REDIRECT] [Fatal Error] :1:1: Premature end of file.
2025-06-25 21:13:15,761 [ERROR] LogOutputStream:75 - [STDERR_REDIRECT] 
2025-06-25 21:13:16,755 [ERROR] LogOutputStream:75 - [STDERR_REDIRECT] [Fatal Error] :1:1: Premature end of file.
2025-06-25 21:13:16,755 [ERROR] LogOutputStream:75 - [STDERR_REDIRECT] 
2025-06-25 21:13:17,752 [ERROR] LogOutputStream:75 - [STDERR_REDIRECT] [Fatal Error] :1:1: Premature end of file.
2025-06-25 21:13:17,752 [ERROR] LogOutputStream:75 - [STDERR_REDIRECT] 
2025-06-25 21:13:18,759 [ERROR] LogOutputStream:75 - [STDERR_REDIRECT] [Fatal Error] :1:1: Premature end of file.
2025-06-25 21:13:18,760 [ERROR] LogOutputStream:75 - [STDERR_REDIRECT] 
2025-06-25 21:13:19,763 [ERROR] LogOutputStream:75 - [STDERR_REDIRECT] [Fatal Error] :1:1: Premature end of file.
2025-06-25 21:13:19,763 [ERROR] LogOutputStream:75 - [STDERR_REDIRECT] 
2025-06-25 21:13:20,756 [ERROR] LogOutputStream:75 - [STDERR_REDIRECT] [Fatal Error] :1:1: Premature end of file.
2025-06-25 21:13:20,756 [ERROR] LogOutputStream:75 - [STDERR_REDIRECT] 
2025-06-25 21:13:21,752 [ERROR] LogOutputStream:75 - [STDERR_REDIRECT] [Fatal Error] :1:1: Premature end of file.
2025-06-25 21:13:21,752 [ERROR] LogOutputStream:75 - [STDERR_REDIRECT] 
2025-06-25 21:13:22,750 [ERROR] LogOutputStream:75 - [STDERR_REDIRECT] [Fatal Error] :1:1: Premature end of file.
2025-06-25 21:13:22,750 [ERROR] LogOutputStream:75 - [STDERR_REDIRECT] 
2025-06-25 21:13:23,763 [ERROR] LogOutputStream:75 - [STDERR_REDIRECT] [Fatal Error] :1:1: Premature end of file.
2025-06-25 21:13:23,763 [ERROR] LogOutputStream:75 - [STDERR_REDIRECT] 
2025-06-25 21:13:24,754 [ERROR] LogOutputStream:75 - [STDERR_REDIRECT] [Fatal Error] :1:1: Premature end of file.
2025-06-25 21:13:24,754 [ERROR] LogOutputStream:75 - [STDERR_REDIRECT] 
2025-06-25 21:13:25,758 [ERROR] LogOutputStream:75 - [STDERR_REDIRECT] [Fatal Error] :1:1: Premature end of file.
2025-06-25 21:13:25,758 [ERROR] LogOutputStream:75 - [STDERR_REDIRECT] 
2025-06-25 21:13:26,756 [ERROR] LogOutputStream:75 - [STDERR_REDIRECT] [Fatal Error] :1:1: Premature end of file.
2025-06-25 21:13:26,756 [ERROR] LogOutputStream:75 - [STDERR_REDIRECT] 
2025-06-25 21:13:27,751 [ERROR] LogOutputStream:75 - [STDERR_REDIRECT] [Fatal Error] :1:1: Premature end of file.
2025-06-25 21:13:27,751 [ERROR] LogOutputStream:75 - [STDERR_REDIRECT] 
2025-06-25 21:13:28,759 [ERROR] LogOutputStream:75 - [STDERR_REDIRECT] [Fatal Error] :1:1: Premature end of file.
2025-06-25 21:13:28,759 [ERROR] LogOutputStream:75 - [STDERR_REDIRECT] 
2025-06-25 21:13:29,753 [ERROR] LogOutputStream:75 - [STDERR_REDIRECT] [Fatal Error] :1:1: Premature end of file.
2025-06-25 21:13:29,753 [ERROR] LogOutputStream:75 - [STDERR_REDIRECT] 
2025-06-25 21:13:30,751 [ERROR] LogOutputStream:75 - [STDERR_REDIRECT] [Fatal Error] :1:1: Premature end of file.
2025-06-25 21:13:30,751 [ERROR] LogOutputStream:75 - [STDERR_REDIRECT] 
2025-06-25 21:13:31,760 [ERROR] LogOutputStream:75 - [STDERR_REDIRECT] [Fatal Error] :1:1: Premature end of file.
2025-06-25 21:13:31,760 [ERROR] LogOutputStream:75 - [STDERR_REDIRECT] 
2025-06-25 21:13:32,761 [ERROR] LogOutputStream:75 - [STDERR_REDIRECT] [Fatal Error] :1:1: Premature end of file.
2025-06-25 21:13:32,761 [ERROR] LogOutputStream:75 - [STDERR_REDIRECT] 
2025-06-25 21:13:33,756 [ERROR] LogOutputStream:75 - [STDERR_REDIRECT] [Fatal Error] :1:1: Premature end of file.
2025-06-25 21:13:33,756 [ERROR] LogOutputStream:75 - [STDERR_REDIRECT] 
2025-06-25 21:13:34,761 [ERROR] LogOutputStream:75 - [STDERR_REDIRECT] [Fatal Error] :1:1: Premature end of file.
2025-06-25 21:13:34,761 [ERROR] LogOutputStream:75 - [STDERR_REDIRECT] 
2025-06-25 21:13:35,756 [ERROR] LogOutputStream:75 - [STDERR_REDIRECT] [Fatal Error] :1:1: Premature end of file.
2025-06-25 21:13:35,756 [ERROR] LogOutputStream:75 - [STDERR_REDIRECT] 
2025-06-25 21:13:36,749 [ERROR] LogOutputStream:75 - [STDERR_REDIRECT] [Fatal Error] :1:1: Premature end of file.
2025-06-25 21:13:36,749 [ERROR] LogOutputStream:75 - [STDERR_REDIRECT] 
2025-06-25 21:13:37,751 [ERROR] LogOutputStream:75 - [STDERR_REDIRECT] [Fatal Error] :1:1: Premature end of file.
2025-06-25 21:13:37,751 [ERROR] LogOutputStream:75 - [STDERR_REDIRECT] 
2025-06-25 21:13:38,760 [ERROR] LogOutputStream:75 - [STDERR_REDIRECT] [Fatal Error] :1:1: Premature end of file.
2025-06-25 21:13:38,760 [ERROR] LogOutputStream:75 - [STDERR_REDIRECT] 
2025-06-25 21:13:39,763 [ERROR] LogOutputStream:75 - [STDERR_REDIRECT] [Fatal Error] :1:1: Premature end of file.
2025-06-25 21:13:39,763 [ERROR] LogOutputStream:75 - [STDERR_REDIRECT] 
2025-06-25 21:13:40,754 [ERROR] LogOutputStream:75 - [STDERR_REDIRECT] [Fatal Error] :1:1: Premature end of file.
2025-06-25 21:13:40,754 [ERROR] LogOutputStream:75 - [STDERR_REDIRECT] 
2025-06-25 21:13:41,751 [ERROR] LogOutputStream:75 - [STDERR_REDIRECT] [Fatal Error] :1:1: Premature end of file.
2025-06-25 21:13:41,751 [ERROR] LogOutputStream:75 - [STDERR_REDIRECT] 
2025-06-25 21:13:42,748 [ERROR] LogOutputStream:75 - [STDERR_REDIRECT] [Fatal Error] :1:1: Premature end of file.
2025-06-25 21:13:42,750 [ERROR] LogOutputStream:75 - [STDERR_REDIRECT] 
2025-06-25 21:13:43,757 [ERROR] LogOutputStream:75 - [STDERR_REDIRECT] [Fatal Error] :1:1: Premature end of file.
2025-06-25 21:13:43,757 [ERROR] LogOutputStream:75 - [STDERR_REDIRECT] 
2025-06-25 21:13:44,764 [ERROR] LogOutputStream:75 - [STDERR_REDIRECT] [Fatal Error] :1:1: Premature end of file.
2025-06-25 21:13:44,764 [ERROR] LogOutputStream:75 - [STDERR_REDIRECT] 
2025-06-25 21:13:45,760 [ERROR] LogOutputStream:75 - [STDERR_REDIRECT] [Fatal Error] :1:1: Premature end of file.
2025-06-25 21:13:45,761 [ERROR] LogOutputStream:75 - [STDERR_REDIRECT] 
2025-06-25 21:13:46,757 [ERROR] LogOutputStream:75 - [STDERR_REDIRECT] [Fatal Error] :1:1: Premature end of file.
2025-06-25 21:13:46,757 [ERROR] LogOutputStream:75 - [STDERR_REDIRECT] 
2025-06-25 21:13:47,753 [ERROR] LogOutputStream:75 - [STDERR_REDIRECT] [Fatal Error] :1:1: Premature end of file.
2025-06-25 21:13:47,753 [ERROR] LogOutputStream:75 - [STDERR_REDIRECT] 
2025-06-25 21:13:48,747 [ERROR] LogOutputStream:75 - [STDERR_REDIRECT] [Fatal Error] :1:1: Premature end of file.
2025-06-25 21:13:48,747 [ERROR] LogOutputStream:75 - [STDERR_REDIRECT] 
2025-06-25 21:13:49,757 [ERROR] LogOutputStream:75 - [STDERR_REDIRECT] [Fatal Error] :1:1: Premature end of file.
2025-06-25 21:13:49,757 [ERROR] LogOutputStream:75 - [STDERR_REDIRECT] 
2025-06-25 21:13:50,749 [ERROR] LogOutputStream:75 - [STDERR_REDIRECT] [Fatal Error] :1:1: Premature end of file.
2025-06-25 21:13:50,749 [ERROR] LogOutputStream:75 - [STDERR_REDIRECT] 
2025-06-25 21:13:51,751 [ERROR] LogOutputStream:75 - [STDERR_REDIRECT] [Fatal Error] :1:1: Premature end of file.
2025-06-25 21:13:51,751 [ERROR] LogOutputStream:75 - [STDERR_REDIRECT] 
2025-06-25 21:13:52,758 [ERROR] LogOutputStream:75 - [STDERR_REDIRECT] [Fatal Error] :1:1: Premature end of file.
2025-06-25 21:13:52,758 [ERROR] LogOutputStream:75 - [STDERR_REDIRECT] 
2025-06-25 21:13:53,748 [ERROR] LogOutputStream:75 - [STDERR_REDIRECT] [Fatal Error] :1:1: Premature end of file.
2025-06-25 21:13:53,749 [ERROR] LogOutputStream:75 - [STDERR_REDIRECT] 
2025-06-25 21:13:54,761 [ERROR] LogOutputStream:75 - [STDERR_REDIRECT] [Fatal Error] :1:1: Premature end of file.
2025-06-25 21:13:54,761 [ERROR] LogOutputStream:75 - [STDERR_REDIRECT] 
2025-06-25 21:13:55,757 [ERROR] LogOutputStream:75 - [STDERR_REDIRECT] [Fatal Error] :1:1: Premature end of file.
2025-06-25 21:13:55,757 [ERROR] LogOutputStream:75 - [STDERR_REDIRECT] 
2025-06-25 21:13:56,759 [ERROR] LogOutputStream:75 - [STDERR_REDIRECT] [Fatal Error] :1:1: Premature end of file.
2025-06-25 21:13:56,759 [ERROR] LogOutputStream:75 - [STDERR_REDIRECT] 
2025-06-25 21:13:57,754 [ERROR] LogOutputStream:75 - [STDERR_REDIRECT] [Fatal Error] :1:1: Premature end of file.
2025-06-25 21:13:57,755 [ERROR] LogOutputStream:75 - [STDERR_REDIRECT] 
2025-06-25 21:13:58,750 [ERROR] LogOutputStream:75 - [STDERR_REDIRECT] [Fatal Error] :1:1: Premature end of file.
2025-06-25 21:13:58,750 [ERROR] LogOutputStream:75 - [STDERR_REDIRECT] 
2025-06-25 21:13:59,750 [ERROR] LogOutputStream:75 - [STDERR_REDIRECT] [Fatal Error] :1:1: Premature end of file.
2025-06-25 21:13:59,750 [ERROR] LogOutputStream:75 - [STDERR_REDIRECT] 
2025-06-25 21:14:00,761 [ERROR] LogOutputStream:75 - [STDERR_REDIRECT] [Fatal Error] :1:1: Premature end of file.
2025-06-25 21:14:00,762 [ERROR] LogOutputStream:75 - [STDERR_REDIRECT] 
2025-06-25 21:14:01,753 [ERROR] LogOutputStream:75 - [STDERR_REDIRECT] [Fatal Error] :1:1: Premature end of file.
2025-06-25 21:14:01,755 [ERROR] LogOutputStream:75 - [STDERR_REDIRECT] 
2025-06-25 21:14:02,758 [ERROR] LogOutputStream:75 - [STDERR_REDIRECT] [Fatal Error] :1:1: Premature end of file.
2025-06-25 21:14:02,758 [ERROR] LogOutputStream:75 - [STDERR_REDIRECT] 
2025-06-25 21:14:03,749 [ERROR] LogOutputStream:75 - [STDERR_REDIRECT] [Fatal Error] :1:1: Premature end of file.
2025-06-25 21:14:03,751 [ERROR] LogOutputStream:75 - [STDERR_REDIRECT] 
2025-06-25 21:14:04,761 [ERROR] LogOutputStream:75 - [STDERR_REDIRECT] [Fatal Error] :1:1: Premature end of file.
2025-06-25 21:14:04,761 [ERROR] LogOutputStream:75 - [STDERR_REDIRECT] 
2025-06-25 21:14:05,761 [ERROR] LogOutputStream:75 - [STDERR_REDIRECT] [Fatal Error] :1:1: Premature end of file.
2025-06-25 21:14:05,762 [ERROR] LogOutputStream:75 - [STDERR_REDIRECT] 
2025-06-25 21:14:06,757 [ERROR] LogOutputStream:75 - [STDERR_REDIRECT] [Fatal Error] :1:1: Premature end of file.
2025-06-25 21:14:06,757 [ERROR] LogOutputStream:75 - [STDERR_REDIRECT] 
2025-06-25 21:14:07,753 [ERROR] LogOutputStream:75 - [STDERR_REDIRECT] [Fatal Error] :1:1: Premature end of file.
2025-06-25 21:14:07,753 [ERROR] LogOutputStream:75 - [STDERR_REDIRECT] 
2025-06-25 21:14:08,758 [ERROR] LogOutputStream:75 - [STDERR_REDIRECT] [Fatal Error] :1:1: Premature end of file.
2025-06-25 21:14:08,758 [ERROR] LogOutputStream:75 - [STDERR_REDIRECT] 
2025-06-25 21:14:09,749 [ERROR] LogOutputStream:75 - [STDERR_REDIRECT] [Fatal Error] :1:1: Premature end of file.
2025-06-25 21:14:09,749 [ERROR] LogOutputStream:75 - [STDERR_REDIRECT] 
2025-06-25 21:14:10,748 [ERROR] LogOutputStream:75 - [STDERR_REDIRECT] [Fatal Error] :1:1: Premature end of file.
2025-06-25 21:14:10,749 [ERROR] LogOutputStream:75 - [STDERR_REDIRECT] 
2025-06-25 21:14:11,758 [ERROR] LogOutputStream:75 - [STDERR_REDIRECT] [Fatal Error] :1:1: Premature end of file.
2025-06-25 21:14:11,758 [ERROR] LogOutputStream:75 - [STDERR_REDIRECT] 
2025-06-25 21:14:12,749 [ERROR] LogOutputStream:75 - [STDERR_REDIRECT] [Fatal Error] :1:1: Premature end of file.
2025-06-25 21:14:12,749 [ERROR] LogOutputStream:75 - [STDERR_REDIRECT] 
2025-06-25 21:14:13,758 [ERROR] LogOutputStream:75 - [STDERR_REDIRECT] [Fatal Error] :1:1: Premature end of file.
2025-06-25 21:14:13,758 [ERROR] LogOutputStream:75 - [STDERR_REDIRECT] 
2025-06-25 21:14:14,755 [ERROR] LogOutputStream:75 - [STDERR_REDIRECT] [Fatal Error] :1:1: Premature end of file.
2025-06-25 21:14:14,755 [ERROR] LogOutputStream:75 - [STDERR_REDIRECT] 
2025-06-25 21:14:15,751 [ERROR] LogOutputStream:75 - [STDERR_REDIRECT] [Fatal Error] :1:1: Premature end of file.
2025-06-25 21:14:15,751 [ERROR] LogOutputStream:75 - [STDERR_REDIRECT] 
2025-06-25 21:14:16,751 [ERROR] LogOutputStream:75 - [STDERR_REDIRECT] [Fatal Error] :1:1: Premature end of file.
2025-06-25 21:14:16,751 [ERROR] LogOutputStream:75 - [STDERR_REDIRECT] 
2025-06-25 21:14:17,756 [ERROR] LogOutputStream:75 - [STDERR_REDIRECT] [Fatal Error] :1:1: Premature end of file.
2025-06-25 21:14:17,757 [ERROR] LogOutputStream:75 - [STDERR_REDIRECT] 
2025-06-25 21:14:18,753 [ERROR] LogOutputStream:75 - [STDERR_REDIRECT] [Fatal Error] :1:1: Premature end of file.
2025-06-25 21:14:18,753 [ERROR] LogOutputStream:75 - [STDERR_REDIRECT] 
2025-06-25 21:14:19,761 [ERROR] LogOutputStream:75 - [STDERR_REDIRECT] [Fatal Error] :1:1: Premature end of file.
2025-06-25 21:14:19,762 [ERROR] LogOutputStream:75 - [STDERR_REDIRECT] 
2025-06-25 21:14:20,759 [ERROR] LogOutputStream:75 - [STDERR_REDIRECT] [Fatal Error] :1:1: Premature end of file.
2025-06-25 21:14:20,759 [ERROR] LogOutputStream:75 - [STDERR_REDIRECT] 
2025-06-25 21:14:21,752 [ERROR] LogOutputStream:75 - [STDERR_REDIRECT] [Fatal Error] :1:1: Premature end of file.
2025-06-25 21:14:21,752 [ERROR] LogOutputStream:75 - [STDERR_REDIRECT] 
2025-06-25 21:14:22,760 [ERROR] LogOutputStream:75 - [STDERR_REDIRECT] [Fatal Error] :1:1: Premature end of file.
2025-06-25 21:14:22,761 [ERROR] LogOutputStream:75 - [STDERR_REDIRECT] 
2025-06-25 21:14:23,747 [ERROR] LogOutputStream:75 - [STDERR_REDIRECT] [Fatal Error] :1:1: Premature end of file.
2025-06-25 21:14:23,747 [ERROR] LogOutputStream:75 - [STDERR_REDIRECT] 
2025-06-25 21:14:24,758 [ERROR] LogOutputStream:75 - [STDERR_REDIRECT] [Fatal Error] :1:1: Premature end of file.
2025-06-25 21:14:24,759 [ERROR] LogOutputStream:75 - [STDERR_REDIRECT] 
2025-06-25 21:14:25,761 [ERROR] LogOutputStream:75 - [STDERR_REDIRECT] [Fatal Error] :1:1: Premature end of file.
2025-06-25 21:14:25,761 [ERROR] LogOutputStream:75 - [STDERR_REDIRECT] 
2025-06-25 21:14:26,760 [ERROR] LogOutputStream:75 - [STDERR_REDIRECT] [Fatal Error] :1:1: Premature end of file.
2025-06-25 21:14:26,760 [ERROR] LogOutputStream:75 - [STDERR_REDIRECT] 
2025-06-25 21:14:27,755 [ERROR] LogOutputStream:75 - [STDERR_REDIRECT] [Fatal Error] :1:1: Premature end of file.
2025-06-25 21:14:27,755 [ERROR] LogOutputStream:75 - [STDERR_REDIRECT] 
2025-06-25 21:14:28,750 [ERROR] LogOutputStream:75 - [STDERR_REDIRECT] [Fatal Error] :1:1: Premature end of file.
2025-06-25 21:14:28,750 [ERROR] LogOutputStream:75 - [STDERR_REDIRECT] 
2025-06-25 21:14:29,756 [ERROR] LogOutputStream:75 - [STDERR_REDIRECT] [Fatal Error] :1:1: Premature end of file.
2025-06-25 21:14:29,756 [ERROR] LogOutputStream:75 - [STDERR_REDIRECT] 
2025-06-25 21:14:30,756 [ERROR] LogOutputStream:75 - [STDERR_REDIRECT] [Fatal Error] :1:1: Premature end of file.
2025-06-25 21:14:30,756 [ERROR] LogOutputStream:75 - [STDERR_REDIRECT] 
2025-06-25 21:14:31,753 [ERROR] LogOutputStream:75 - [STDERR_REDIRECT] [Fatal Error] :1:1: Premature end of file.
2025-06-25 21:14:31,753 [ERROR] LogOutputStream:75 - [STDERR_REDIRECT] 
2025-06-25 21:14:32,751 [ERROR] LogOutputStream:75 - [STDERR_REDIRECT] [Fatal Error] :1:1: Premature end of file.
2025-06-25 21:14:32,751 [ERROR] LogOutputStream:75 - [STDERR_REDIRECT] 
2025-06-25 21:14:33,762 [ERROR] LogOutputStream:75 - [STDERR_REDIRECT] [Fatal Error] :1:1: Premature end of file.
2025-06-25 21:14:33,763 [ERROR] LogOutputStream:75 - [STDERR_REDIRECT] 
2025-06-25 21:14:34,758 [ERROR] LogOutputStream:75 - [STDERR_REDIRECT] [Fatal Error] :1:1: Premature end of file.
2025-06-25 21:14:34,759 [ERROR] LogOutputStream:75 - [STDERR_REDIRECT] 
2025-06-25 21:14:35,756 [ERROR] LogOutputStream:75 - [STDERR_REDIRECT] [Fatal Error] :1:1: Premature end of file.
2025-06-25 21:14:35,756 [ERROR] LogOutputStream:75 - [STDERR_REDIRECT] 
2025-06-25 21:14:36,754 [ERROR] LogOutputStream:75 - [STDERR_REDIRECT] [Fatal Error] :1:1: Premature end of file.
2025-06-25 21:14:36,754 [ERROR] LogOutputStream:75 - [STDERR_REDIRECT] 
2025-06-25 21:14:37,751 [ERROR] LogOutputStream:75 - [STDERR_REDIRECT] [Fatal Error] :1:1: Premature end of file.
2025-06-25 21:14:37,752 [ERROR] LogOutputStream:75 - [STDERR_REDIRECT] 
2025-06-25 21:14:38,754 [ERROR] LogOutputStream:75 - [STDERR_REDIRECT] [Fatal Error] :1:1: Premature end of file.
2025-06-25 21:14:38,754 [ERROR] LogOutputStream:75 - [STDERR_REDIRECT] 
2025-06-25 21:14:39,760 [ERROR] LogOutputStream:75 - [STDERR_REDIRECT] [Fatal Error] :1:1: Premature end of file.
2025-06-25 21:14:39,760 [ERROR] LogOutputStream:75 - [STDERR_REDIRECT] 
2025-06-25 21:14:40,751 [ERROR] LogOutputStream:75 - [STDERR_REDIRECT] [Fatal Error] :1:1: Premature end of file.
2025-06-25 21:14:40,751 [ERROR] LogOutputStream:75 - [STDERR_REDIRECT] 
2025-06-25 21:14:41,755 [ERROR] LogOutputStream:75 - [STDERR_REDIRECT] [Fatal Error] :1:1: Premature end of file.
2025-06-25 21:14:41,756 [ERROR] LogOutputStream:75 - [STDERR_REDIRECT] 
2025-06-25 21:14:42,752 [ERROR] LogOutputStream:75 - [STDERR_REDIRECT] [Fatal Error] :1:1: Premature end of file.
2025-06-25 21:14:42,752 [ERROR] LogOutputStream:75 - [STDERR_REDIRECT] 
2025-06-25 21:14:43,759 [ERROR] LogOutputStream:75 - [STDERR_REDIRECT] [Fatal Error] :1:1: Premature end of file.
2025-06-25 21:14:43,759 [ERROR] LogOutputStream:75 - [STDERR_REDIRECT] 
2025-06-25 21:14:44,750 [ERROR] LogOutputStream:75 - [STDERR_REDIRECT] [Fatal Error] :1:1: Premature end of file.
2025-06-25 21:14:44,750 [ERROR] LogOutputStream:75 - [STDERR_REDIRECT] 
2025-06-25 21:14:45,763 [ERROR] LogOutputStream:75 - [STDERR_REDIRECT] [Fatal Error] :1:1: Premature end of file.
2025-06-25 21:14:45,763 [ERROR] LogOutputStream:75 - [STDERR_REDIRECT] 
2025-06-25 21:14:46,751 [ERROR] LogOutputStream:75 - [STDERR_REDIRECT] [Fatal Error] :1:1: Premature end of file.
2025-06-25 21:14:46,751 [ERROR] LogOutputStream:75 - [STDERR_REDIRECT] 
2025-06-25 21:14:47,762 [ERROR] LogOutputStream:75 - [STDERR_REDIRECT] [Fatal Error] :1:1: Premature end of file.
2025-06-25 21:14:47,764 [ERROR] LogOutputStream:75 - [STDERR_REDIRECT] 
2025-06-25 21:14:48,760 [ERROR] LogOutputStream:75 - [STDERR_REDIRECT] [Fatal Error] :1:1: Premature end of file.
2025-06-25 21:14:48,760 [ERROR] LogOutputStream:75 - [STDERR_REDIRECT] 
2025-06-25 21:14:49,751 [ERROR] LogOutputStream:75 - [STDERR_REDIRECT] [Fatal Error] :1:1: Premature end of file.
2025-06-25 21:14:49,751 [ERROR] LogOutputStream:75 - [STDERR_REDIRECT] 
2025-06-25 21:14:50,754 [ERROR] LogOutputStream:75 - [STDERR_REDIRECT] [Fatal Error] :1:1: Premature end of file.
2025-06-25 21:14:50,754 [ERROR] LogOutputStream:75 - [STDERR_REDIRECT] 
2025-06-25 21:14:51,761 [ERROR] LogOutputStream:75 - [STDERR_REDIRECT] [Fatal Error] :1:1: Premature end of file.
2025-06-25 21:14:51,761 [ERROR] LogOutputStream:75 - [STDERR_REDIRECT] 
2025-06-25 21:14:52,757 [ERROR] LogOutputStream:75 - [STDERR_REDIRECT] [Fatal Error] :1:1: Premature end of file.
2025-06-25 21:14:52,757 [ERROR] LogOutputStream:75 - [STDERR_REDIRECT] 
2025-06-25 21:14:53,750 [ERROR] LogOutputStream:75 - [STDERR_REDIRECT] [Fatal Error] :1:1: Premature end of file.
2025-06-25 21:14:53,750 [ERROR] LogOutputStream:75 - [STDERR_REDIRECT] 
2025-06-25 21:14:54,760 [ERROR] LogOutputStream:75 - [STDERR_REDIRECT] [Fatal Error] :1:1: Premature end of file.
2025-06-25 21:14:54,760 [ERROR] LogOutputStream:75 - [STDERR_REDIRECT] 
2025-06-25 21:14:55,756 [ERROR] LogOutputStream:75 - [STDERR_REDIRECT] [Fatal Error] :1:1: Premature end of file.
2025-06-25 21:14:55,756 [ERROR] LogOutputStream:75 - [STDERR_REDIRECT] 
2025-06-25 21:14:56,762 [ERROR] LogOutputStream:75 - [STDERR_REDIRECT] [Fatal Error] :1:1: Premature end of file.
2025-06-25 21:14:56,762 [ERROR] LogOutputStream:75 - [STDERR_REDIRECT] 
2025-06-25 21:14:57,761 [ERROR] LogOutputStream:75 - [STDERR_REDIRECT] [Fatal Error] :1:1: Premature end of file.
2025-06-25 21:14:57,761 [ERROR] LogOutputStream:75 - [STDERR_REDIRECT] 
2025-06-25 21:14:58,753 [ERROR] LogOutputStream:75 - [STDERR_REDIRECT] [Fatal Error] :1:1: Premature end of file.
2025-06-25 21:14:58,753 [ERROR] LogOutputStream:75 - [STDERR_REDIRECT] 
2025-06-25 21:14:59,750 [ERROR] LogOutputStream:75 - [STDERR_REDIRECT] [Fatal Error] :1:1: Premature end of file.
2025-06-25 21:14:59,750 [ERROR] LogOutputStream:75 - [STDERR_REDIRECT] 
2025-06-25 21:15:00,749 [ERROR] LogOutputStream:75 - [STDERR_REDIRECT] [Fatal Error] :1:1: Premature end of file.
2025-06-25 21:15:00,750 [ERROR] LogOutputStream:75 - [STDERR_REDIRECT] 
2025-06-25 21:15:01,751 [ERROR] LogOutputStream:75 - [STDERR_REDIRECT] [Fatal Error] :1:1: Premature end of file.
2025-06-25 21:15:01,751 [ERROR] LogOutputStream:75 - [STDERR_REDIRECT] 
2025-06-25 21:15:02,760 [ERROR] LogOutputStream:75 - [STDERR_REDIRECT] [Fatal Error] :1:1: Premature end of file.
2025-06-25 21:15:02,760 [ERROR] LogOutputStream:75 - [STDERR_REDIRECT] 
2025-06-25 21:15:03,758 [ERROR] LogOutputStream:75 - [STDERR_REDIRECT] [Fatal Error] :1:1: Premature end of file.
2025-06-25 21:15:03,759 [ERROR] LogOutputStream:75 - [STDERR_REDIRECT] 
2025-06-25 21:15:04,750 [ERROR] LogOutputStream:75 - [STDERR_REDIRECT] [Fatal Error] :1:1: Premature end of file.
2025-06-25 21:15:04,750 [ERROR] LogOutputStream:75 - [STDERR_REDIRECT] 
2025-06-25 21:15:05,761 [ERROR] LogOutputStream:75 - [STDERR_REDIRECT] [Fatal Error] :1:1: Premature end of file.
2025-06-25 21:15:05,762 [ERROR] LogOutputStream:75 - [STDERR_REDIRECT] 
2025-06-25 21:15:06,754 [ERROR] LogOutputStream:75 - [STDERR_REDIRECT] [Fatal Error] :1:1: Premature end of file.
2025-06-25 21:15:06,754 [ERROR] LogOutputStream:75 - [STDERR_REDIRECT] 
2025-06-25 21:15:07,761 [ERROR] LogOutputStream:75 - [STDERR_REDIRECT] [Fatal Error] :1:1: Premature end of file.
2025-06-25 21:15:07,761 [ERROR] LogOutputStream:75 - [STDERR_REDIRECT] 
2025-06-25 21:15:08,759 [ERROR] LogOutputStream:75 - [STDERR_REDIRECT] [Fatal Error] :1:1: Premature end of file.
2025-06-25 21:15:08,759 [ERROR] LogOutputStream:75 - [STDERR_REDIRECT] 
2025-06-25 21:15:09,750 [ERROR] LogOutputStream:75 - [STDERR_REDIRECT] [Fatal Error] :1:1: Premature end of file.
2025-06-25 21:15:09,750 [ERROR] LogOutputStream:75 - [STDERR_REDIRECT] 
2025-06-25 21:15:10,755 [ERROR] LogOutputStream:75 - [STDERR_REDIRECT] [Fatal Error] :1:1: Premature end of file.
2025-06-25 21:15:10,755 [ERROR] LogOutputStream:75 - [STDERR_REDIRECT] 
2025-06-25 21:15:11,747 [ERROR] LogOutputStream:75 - [STDERR_REDIRECT] [Fatal Error] :1:1: Premature end of file.
2025-06-25 21:15:11,747 [ERROR] LogOutputStream:75 - [STDERR_REDIRECT] 
2025-06-25 21:15:12,756 [ERROR] LogOutputStream:75 - [STDERR_REDIRECT] [Fatal Error] :1:1: Premature end of file.
2025-06-25 21:15:12,757 [ERROR] LogOutputStream:75 - [STDERR_REDIRECT] 
2025-06-25 21:15:13,752 [ERROR] LogOutputStream:75 - [STDERR_REDIRECT] [Fatal Error] :1:1: Premature end of file.
2025-06-25 21:15:13,752 [ERROR] LogOutputStream:75 - [STDERR_REDIRECT] 
2025-06-25 21:15:14,754 [ERROR] LogOutputStream:75 - [STDERR_REDIRECT] [Fatal Error] :1:1: Premature end of file.
2025-06-25 21:15:14,754 [ERROR] LogOutputStream:75 - [STDERR_REDIRECT] 
2025-06-25 21:15:15,750 [ERROR] LogOutputStream:75 - [STDERR_REDIRECT] [Fatal Error] :1:1: Premature end of file.
2025-06-25 21:15:15,750 [ERROR] LogOutputStream:75 - [STDERR_REDIRECT] 
2025-06-25 21:15:16,753 [ERROR] LogOutputStream:75 - [STDERR_REDIRECT] [Fatal Error] :1:1: Premature end of file.
2025-06-25 21:15:16,753 [ERROR] LogOutputStream:75 - [STDERR_REDIRECT] 
2025-06-25 21:15:17,749 [ERROR] LogOutputStream:75 - [STDERR_REDIRECT] [Fatal Error] :1:1: Premature end of file.
2025-06-25 21:15:17,749 [ERROR] LogOutputStream:75 - [STDERR_REDIRECT] 
2025-06-25 21:15:18,757 [ERROR] LogOutputStream:75 - [STDERR_REDIRECT] [Fatal Error] :1:1: Premature end of file.
2025-06-25 21:15:18,757 [ERROR] LogOutputStream:75 - [STDERR_REDIRECT] 
2025-06-25 21:15:19,763 [ERROR] LogOutputStream:75 - [STDERR_REDIRECT] [Fatal Error] :1:1: Premature end of file.
2025-06-25 21:15:19,763 [ERROR] LogOutputStream:75 - [STDERR_REDIRECT] 
2025-06-25 21:15:20,756 [ERROR] LogOutputStream:75 - [STDERR_REDIRECT] [Fatal Error] :1:1: Premature end of file.
2025-06-25 21:15:20,756 [ERROR] LogOutputStream:75 - [STDERR_REDIRECT] 
2025-06-25 21:15:21,750 [ERROR] LogOutputStream:75 - [STDERR_REDIRECT] [Fatal Error] :1:1: Premature end of file.
2025-06-25 21:15:21,750 [ERROR] LogOutputStream:75 - [STDERR_REDIRECT] 
2025-06-25 21:15:22,756 [ERROR] LogOutputStream:75 - [STDERR_REDIRECT] [Fatal Error] :1:1: Premature end of file.
2025-06-25 21:15:22,757 [ERROR] LogOutputStream:75 - [STDERR_REDIRECT] 
2025-06-25 21:15:23,749 [ERROR] LogOutputStream:75 - [STDERR_REDIRECT] [Fatal Error] :1:1: Premature end of file.
2025-06-25 21:15:23,749 [ERROR] LogOutputStream:75 - [STDERR_REDIRECT] 
2025-06-25 21:15:24,762 [ERROR] LogOutputStream:75 - [STDERR_REDIRECT] [Fatal Error] :1:1: Premature end of file.
2025-06-25 21:15:24,763 [ERROR] LogOutputStream:75 - [STDERR_REDIRECT] 
2025-06-25 21:15:25,752 [ERROR] LogOutputStream:75 - [STDERR_REDIRECT] [Fatal Error] :1:1: Premature end of file.
2025-06-25 21:15:25,752 [ERROR] LogOutputStream:75 - [STDERR_REDIRECT] 
2025-06-25 21:15:26,763 [ERROR] LogOutputStream:75 - [STDERR_REDIRECT] [Fatal Error] :1:1: Premature end of file.
2025-06-25 21:15:26,763 [ERROR] LogOutputStream:75 - [STDERR_REDIRECT] 
2025-06-25 21:15:27,759 [ERROR] LogOutputStream:75 - [STDERR_REDIRECT] [Fatal Error] :1:1: Premature end of file.
2025-06-25 21:15:27,759 [ERROR] LogOutputStream:75 - [STDERR_REDIRECT] 
2025-06-25 21:15:28,755 [ERROR] LogOutputStream:75 - [STDERR_REDIRECT] [Fatal Error] :1:1: Premature end of file.
2025-06-25 21:15:28,756 [ERROR] LogOutputStream:75 - [STDERR_REDIRECT] 
2025-06-25 21:15:29,761 [ERROR] LogOutputStream:75 - [STDERR_REDIRECT] [Fatal Error] :1:1: Premature end of file.
2025-06-25 21:15:29,761 [ERROR] LogOutputStream:75 - [STDERR_REDIRECT] 
2025-06-25 21:15:30,757 [ERROR] LogOutputStream:75 - [STDERR_REDIRECT] [Fatal Error] :1:1: Premature end of file.
2025-06-25 21:15:30,757 [ERROR] LogOutputStream:75 - [STDERR_REDIRECT] 
2025-06-25 21:15:31,763 [ERROR] LogOutputStream:75 - [STDERR_REDIRECT] [Fatal Error] :1:1: Premature end of file.
2025-06-25 21:15:31,763 [ERROR] LogOutputStream:75 - [STDERR_REDIRECT] 
2025-06-25 21:15:32,751 [ERROR] LogOutputStream:75 - [STDERR_REDIRECT] [Fatal Error] :1:1: Premature end of file.
2025-06-25 21:15:32,751 [ERROR] LogOutputStream:75 - [STDERR_REDIRECT] 
2025-06-25 21:15:33,760 [ERROR] LogOutputStream:75 - [STDERR_REDIRECT] [Fatal Error] :1:1: Premature end of file.
2025-06-25 21:15:33,760 [ERROR] LogOutputStream:75 - [STDERR_REDIRECT] 
2025-06-25 21:15:34,752 [ERROR] LogOutputStream:75 - [STDERR_REDIRECT] [Fatal Error] :1:1: Premature end of file.
2025-06-25 21:15:34,752 [ERROR] LogOutputStream:75 - [STDERR_REDIRECT] 
2025-06-25 21:15:35,762 [ERROR] LogOutputStream:75 - [STDERR_REDIRECT] [Fatal Error] :1:1: Premature end of file.
2025-06-25 21:15:35,762 [ERROR] LogOutputStream:75 - [STDERR_REDIRECT] 
2025-06-25 21:15:36,761 [ERROR] LogOutputStream:75 - [STDERR_REDIRECT] [Fatal Error] :1:1: Premature end of file.
2025-06-25 21:15:36,761 [ERROR] LogOutputStream:75 - [STDERR_REDIRECT] 
2025-06-25 21:15:37,757 [ERROR] LogOutputStream:75 - [STDERR_REDIRECT] [Fatal Error] :1:1: Premature end of file.
2025-06-25 21:15:37,757 [ERROR] LogOutputStream:75 - [STDERR_REDIRECT] 
2025-06-25 21:15:38,761 [ERROR] LogOutputStream:75 - [STDERR_REDIRECT] [Fatal Error] :1:1: Premature end of file.
2025-06-25 21:15:38,761 [ERROR] LogOutputStream:75 - [STDERR_REDIRECT] 
2025-06-25 21:15:39,753 [ERROR] LogOutputStream:75 - [STDERR_REDIRECT] [Fatal Error] :1:1: Premature end of file.
2025-06-25 21:15:39,753 [ERROR] LogOutputStream:75 - [STDERR_REDIRECT] 
2025-06-25 21:15:40,762 [ERROR] LogOutputStream:75 - [STDERR_REDIRECT] [Fatal Error] :1:1: Premature end of file.
2025-06-25 21:15:40,762 [ERROR] LogOutputStream:75 - [STDERR_REDIRECT] 
2025-06-25 21:15:41,757 [ERROR] LogOutputStream:75 - [STDERR_REDIRECT] [Fatal Error] :1:1: Premature end of file.
2025-06-25 21:15:41,757 [ERROR] LogOutputStream:75 - [STDERR_REDIRECT] 
2025-06-25 21:15:42,749 [ERROR] LogOutputStream:75 - [STDERR_REDIRECT] [Fatal Error] :1:1: Premature end of file.
2025-06-25 21:15:42,749 [ERROR] LogOutputStream:75 - [STDERR_REDIRECT] 
2025-06-25 21:15:43,762 [ERROR] LogOutputStream:75 - [STDERR_REDIRECT] [Fatal Error] :1:1: Premature end of file.
2025-06-25 21:15:43,762 [ERROR] LogOutputStream:75 - [STDERR_REDIRECT] 
2025-06-25 21:15:44,752 [ERROR] LogOutputStream:75 - [STDERR_REDIRECT] [Fatal Error] :1:1: Premature end of file.
2025-06-25 21:15:44,752 [ERROR] LogOutputStream:75 - [STDERR_REDIRECT] 
2025-06-25 21:15:45,760 [ERROR] LogOutputStream:75 - [STDERR_REDIRECT] [Fatal Error] :1:1: Premature end of file.
2025-06-25 21:15:45,760 [ERROR] LogOutputStream:75 - [STDERR_REDIRECT] 
2025-06-25 21:15:46,754 [ERROR] LogOutputStream:75 - [STDERR_REDIRECT] [Fatal Error] :1:1: Premature end of file.
2025-06-25 21:15:46,754 [ERROR] LogOutputStream:75 - [STDERR_REDIRECT] 
2025-06-25 21:15:47,751 [ERROR] LogOutputStream:75 - [STDERR_REDIRECT] [Fatal Error] :1:1: Premature end of file.
2025-06-25 21:15:47,752 [ERROR] LogOutputStream:75 - [STDERR_REDIRECT] 
2025-06-25 21:15:48,747 [ERROR] LogOutputStream:75 - [STDERR_REDIRECT] [Fatal Error] :1:1: Premature end of file.
2025-06-25 21:15:48,748 [ERROR] LogOutputStream:75 - [STDERR_REDIRECT] 
2025-06-25 21:15:49,752 [ERROR] LogOutputStream:75 - [STDERR_REDIRECT] [Fatal Error] :1:1: Premature end of file.
2025-06-25 21:15:49,752 [ERROR] LogOutputStream:75 - [STDERR_REDIRECT] 
2025-06-25 21:15:50,761 [ERROR] LogOutputStream:75 - [STDERR_REDIRECT] [Fatal Error] :1:1: Premature end of file.
2025-06-25 21:15:50,761 [ERROR] LogOutputStream:75 - [STDERR_REDIRECT] 
2025-06-25 21:15:51,760 [ERROR] LogOutputStream:75 - [STDERR_REDIRECT] [Fatal Error] :1:1: Premature end of file.
2025-06-25 21:15:51,760 [ERROR] LogOutputStream:75 - [STDERR_REDIRECT] 
2025-06-25 21:15:52,757 [ERROR] LogOutputStream:75 - [STDERR_REDIRECT] [Fatal Error] :1:1: Premature end of file.
2025-06-25 21:15:52,757 [ERROR] LogOutputStream:75 - [STDERR_REDIRECT] 
2025-06-25 21:15:53,756 [ERROR] LogOutputStream:75 - [STDERR_REDIRECT] [Fatal Error] :1:1: Premature end of file.
2025-06-25 21:15:53,758 [ERROR] LogOutputStream:75 - [STDERR_REDIRECT] 
2025-06-25 21:15:54,754 [ERROR] LogOutputStream:75 - [STDERR_REDIRECT] [Fatal Error] :1:1: Premature end of file.
2025-06-25 21:15:54,754 [ERROR] LogOutputStream:75 - [STDERR_REDIRECT] 
2025-06-25 21:15:55,762 [ERROR] LogOutputStream:75 - [STDERR_REDIRECT] [Fatal Error] :1:1: Premature end of file.
2025-06-25 21:15:55,762 [ERROR] LogOutputStream:75 - [STDERR_REDIRECT] 
2025-06-25 21:15:56,755 [ERROR] LogOutputStream:75 - [STDERR_REDIRECT] [Fatal Error] :1:1: Premature end of file.
2025-06-25 21:15:56,755 [ERROR] LogOutputStream:75 - [STDERR_REDIRECT] 
2025-06-25 21:15:57,762 [ERROR] LogOutputStream:75 - [STDERR_REDIRECT] [Fatal Error] :1:1: Premature end of file.
2025-06-25 21:15:57,763 [ERROR] LogOutputStream:75 - [STDERR_REDIRECT] 
2025-06-25 21:15:58,754 [ERROR] LogOutputStream:75 - [STDERR_REDIRECT] [Fatal Error] :1:1: Premature end of file.
2025-06-25 21:15:58,754 [ERROR] LogOutputStream:75 - [STDERR_REDIRECT] 
2025-06-25 21:15:59,752 [ERROR] LogOutputStream:75 - [STDERR_REDIRECT] [Fatal Error] :1:1: Premature end of file.
2025-06-25 21:15:59,752 [ERROR] LogOutputStream:75 - [STDERR_REDIRECT] 
2025-06-25 21:16:00,760 [ERROR] LogOutputStream:75 - [STDERR_REDIRECT] [Fatal Error] :1:1: Premature end of file.
2025-06-25 21:16:00,760 [ERROR] LogOutputStream:75 - [STDERR_REDIRECT] 
2025-06-25 21:16:01,752 [ERROR] LogOutputStream:75 - [STDERR_REDIRECT] [Fatal Error] :1:1: Premature end of file.
2025-06-25 21:16:01,752 [ERROR] LogOutputStream:75 - [STDERR_REDIRECT] 
2025-06-25 21:16:02,760 [ERROR] LogOutputStream:75 - [STDERR_REDIRECT] [Fatal Error] :1:1: Premature end of file.
2025-06-25 21:16:02,760 [ERROR] LogOutputStream:75 - [STDERR_REDIRECT] 
2025-06-25 21:16:03,751 [ERROR] LogOutputStream:75 - [STDERR_REDIRECT] [Fatal Error] :1:1: Premature end of file.
2025-06-25 21:16:03,751 [ERROR] LogOutputStream:75 - [STDERR_REDIRECT] 
2025-06-25 21:16:04,764 [ERROR] LogOutputStream:75 - [STDERR_REDIRECT] [Fatal Error] :1:1: Premature end of file.
2025-06-25 21:16:04,764 [ERROR] LogOutputStream:75 - [STDERR_REDIRECT] 
2025-06-25 21:16:05,755 [ERROR] LogOutputStream:75 - [STDERR_REDIRECT] [Fatal Error] :1:1: Premature end of file.
2025-06-25 21:16:05,755 [ERROR] LogOutputStream:75 - [STDERR_REDIRECT] 
2025-06-25 21:16:06,753 [ERROR] LogOutputStream:75 - [STDERR_REDIRECT] [Fatal Error] :1:1: Premature end of file.
2025-06-25 21:16:06,753 [ERROR] LogOutputStream:75 - [STDERR_REDIRECT] 
2025-06-25 21:16:07,758 [ERROR] LogOutputStream:75 - [STDERR_REDIRECT] [Fatal Error] :1:1: Premature end of file.
2025-06-25 21:16:07,758 [ERROR] LogOutputStream:75 - [STDERR_REDIRECT] 
2025-06-25 21:16:08,755 [ERROR] LogOutputStream:75 - [STDERR_REDIRECT] [Fatal Error] :1:1: Premature end of file.
2025-06-25 21:16:08,756 [ERROR] LogOutputStream:75 - [STDERR_REDIRECT] 
2025-06-25 21:16:09,760 [ERROR] LogOutputStream:75 - [STDERR_REDIRECT] [Fatal Error] :1:1: Premature end of file.
2025-06-25 21:16:09,760 [ERROR] LogOutputStream:75 - [STDERR_REDIRECT] 
2025-06-25 21:16:10,752 [ERROR] LogOutputStream:75 - [STDERR_REDIRECT] [Fatal Error] :1:1: Premature end of file.
2025-06-25 21:16:10,752 [ERROR] LogOutputStream:75 - [STDERR_REDIRECT] 
2025-06-25 21:16:11,762 [ERROR] LogOutputStream:75 - [STDERR_REDIRECT] [Fatal Error] :1:1: Premature end of file.
2025-06-25 21:16:11,762 [ERROR] LogOutputStream:75 - [STDERR_REDIRECT] 
2025-06-25 21:16:12,758 [ERROR] LogOutputStream:75 - [STDERR_REDIRECT] [Fatal Error] :1:1: Premature end of file.
2025-06-25 21:16:12,758 [ERROR] LogOutputStream:75 - [STDERR_REDIRECT] 
2025-06-25 21:16:13,756 [ERROR] LogOutputStream:75 - [STDERR_REDIRECT] [Fatal Error] :1:1: Premature end of file.
2025-06-25 21:16:13,756 [ERROR] LogOutputStream:75 - [STDERR_REDIRECT] 
2025-06-25 21:16:14,755 [ERROR] LogOutputStream:75 - [STDERR_REDIRECT] [Fatal Error] :1:1: Premature end of file.
2025-06-25 21:16:14,755 [ERROR] LogOutputStream:75 - [STDERR_REDIRECT] 
2025-06-25 21:16:15,749 [ERROR] LogOutputStream:75 - [STDERR_REDIRECT] [Fatal Error] :1:1: Premature end of file.
2025-06-25 21:16:15,750 [ERROR] LogOutputStream:75 - [STDERR_REDIRECT] 
2025-06-25 21:16:16,748 [ERROR] LogOutputStream:75 - [STDERR_REDIRECT] [Fatal Error] :1:1: Premature end of file.
2025-06-25 21:16:16,748 [ERROR] LogOutputStream:75 - [STDERR_REDIRECT] 
2025-06-25 21:16:17,761 [ERROR] LogOutputStream:75 - [STDERR_REDIRECT] [Fatal Error] :1:1: Premature end of file.
2025-06-25 21:16:17,761 [ERROR] LogOutputStream:75 - [STDERR_REDIRECT] 
2025-06-25 21:16:18,746 [ERROR] LogOutputStream:75 - [STDERR_REDIRECT] [Fatal Error] :1:1: Premature end of file.
2025-06-25 21:16:18,746 [ERROR] LogOutputStream:75 - [STDERR_REDIRECT] 
2025-06-25 21:16:19,747 [ERROR] LogOutputStream:75 - [STDERR_REDIRECT] [Fatal Error] :1:1: Premature end of file.
2025-06-25 21:16:19,747 [ERROR] LogOutputStream:75 - [STDERR_REDIRECT] 
2025-06-25 21:16:20,746 [ERROR] LogOutputStream:75 - [STDERR_REDIRECT] [Fatal Error] :1:1: Premature end of file.
2025-06-25 21:16:20,746 [ERROR] LogOutputStream:75 - [STDERR_REDIRECT] 
2025-06-25 21:16:21,748 [ERROR] LogOutputStream:75 - [STDERR_REDIRECT] [Fatal Error] :1:1: Premature end of file.
2025-06-25 21:16:21,748 [ERROR] LogOutputStream:75 - [STDERR_REDIRECT] 
2025-06-25 21:16:22,747 [ERROR] LogOutputStream:75 - [STDERR_REDIRECT] [Fatal Error] :1:1: Premature end of file.
2025-06-25 21:16:22,747 [ERROR] LogOutputStream:75 - [STDERR_REDIRECT] 
2025-06-25 21:16:23,757 [ERROR] LogOutputStream:75 - [STDERR_REDIRECT] [Fatal Error] :1:1: Premature end of file.
2025-06-25 21:16:23,757 [ERROR] LogOutputStream:75 - [STDERR_REDIRECT] 
2025-06-25 21:16:24,757 [ERROR] LogOutputStream:75 - [STDERR_REDIRECT] [Fatal Error] :1:1: Premature end of file.
2025-06-25 21:16:24,758 [ERROR] LogOutputStream:75 - [STDERR_REDIRECT] 
2025-06-25 21:16:25,751 [ERROR] LogOutputStream:75 - [STDERR_REDIRECT] [Fatal Error] :1:1: Premature end of file.
2025-06-25 21:16:25,751 [ERROR] LogOutputStream:75 - [STDERR_REDIRECT] 
2025-06-25 21:16:26,747 [ERROR] LogOutputStream:75 - [STDERR_REDIRECT] [Fatal Error] :1:1: Premature end of file.
2025-06-25 21:16:26,748 [ERROR] LogOutputStream:75 - [STDERR_REDIRECT] 
2025-06-25 21:16:27,760 [ERROR] LogOutputStream:75 - [STDERR_REDIRECT] [Fatal Error] :1:1: Premature end of file.
2025-06-25 21:16:27,760 [ERROR] LogOutputStream:75 - [STDERR_REDIRECT] 
2025-06-25 21:16:28,748 [ERROR] LogOutputStream:75 - [STDERR_REDIRECT] [Fatal Error] :1:1: Premature end of file.
2025-06-25 21:16:28,748 [ERROR] LogOutputStream:75 - [STDERR_REDIRECT] 
2025-06-25 21:16:29,752 [ERROR] LogOutputStream:75 - [STDERR_REDIRECT] [Fatal Error] :1:1: Premature end of file.
2025-06-25 21:16:29,752 [ERROR] LogOutputStream:75 - [STDERR_REDIRECT] 
2025-06-25 21:16:30,747 [ERROR] LogOutputStream:75 - [STDERR_REDIRECT] [Fatal Error] :1:1: Premature end of file.
2025-06-25 21:16:30,747 [ERROR] LogOutputStream:75 - [STDERR_REDIRECT] 
2025-06-25 21:16:31,749 [ERROR] LogOutputStream:75 - [STDERR_REDIRECT] [Fatal Error] :1:1: Premature end of file.
2025-06-25 21:16:31,749 [ERROR] LogOutputStream:75 - [STDERR_REDIRECT] 
2025-06-25 21:16:32,746 [ERROR] LogOutputStream:75 - [STDERR_REDIRECT] [Fatal Error] :1:1: Premature end of file.
2025-06-25 21:16:32,748 [ERROR] LogOutputStream:75 - [STDERR_REDIRECT] 
2025-06-25 21:16:33,748 [ERROR] LogOutputStream:75 - [STDERR_REDIRECT] [Fatal Error] :1:1: Premature end of file.
2025-06-25 21:16:33,748 [ERROR] LogOutputStream:75 - [STDERR_REDIRECT] 
2025-06-25 21:16:34,753 [ERROR] LogOutputStream:75 - [STDERR_REDIRECT] [Fatal Error] :1:1: Premature end of file.
2025-06-25 21:16:34,753 [ERROR] LogOutputStream:75 - [STDERR_REDIRECT] 
2025-06-25 21:16:35,746 [ERROR] LogOutputStream:75 - [STDERR_REDIRECT] [Fatal Error] :1:1: Premature end of file.
2025-06-25 21:16:35,746 [ERROR] LogOutputStream:75 - [STDERR_REDIRECT] 
2025-06-25 21:16:36,748 [ERROR] LogOutputStream:75 - [STDERR_REDIRECT] [Fatal Error] :1:1: Premature end of file.
2025-06-25 21:16:36,748 [ERROR] LogOutputStream:75 - [STDERR_REDIRECT] 
2025-06-25 21:16:37,751 [ERROR] LogOutputStream:75 - [STDERR_REDIRECT] [Fatal Error] :1:1: Premature end of file.
2025-06-25 21:16:37,751 [ERROR] LogOutputStream:75 - [STDERR_REDIRECT] 
2025-06-25 21:16:38,748 [ERROR] LogOutputStream:75 - [STDERR_REDIRECT] [Fatal Error] :1:1: Premature end of file.
2025-06-25 21:16:38,748 [ERROR] LogOutputStream:75 - [STDERR_REDIRECT] 
2025-06-25 21:16:39,754 [ERROR] LogOutputStream:75 - [STDERR_REDIRECT] [Fatal Error] :1:1: Premature end of file.
2025-06-25 21:16:39,754 [ERROR] LogOutputStream:75 - [STDERR_REDIRECT] 
2025-06-25 21:16:40,747 [ERROR] LogOutputStream:75 - [STDERR_REDIRECT] [Fatal Error] :1:1: Premature end of file.
2025-06-25 21:16:40,747 [ERROR] LogOutputStream:75 - [STDERR_REDIRECT] 
2025-06-25 21:16:41,748 [ERROR] LogOutputStream:75 - [STDERR_REDIRECT] [Fatal Error] :1:1: Premature end of file.
2025-06-25 21:16:41,748 [ERROR] LogOutputStream:75 - [STDERR_REDIRECT] 
2025-06-25 21:16:42,746 [ERROR] LogOutputStream:75 - [STDERR_REDIRECT] [Fatal Error] :1:1: Premature end of file.
2025-06-25 21:16:42,746 [ERROR] LogOutputStream:75 - [STDERR_REDIRECT] 
2025-06-25 21:16:43,747 [ERROR] LogOutputStream:75 - [STDERR_REDIRECT] [Fatal Error] :1:1: Premature end of file.
2025-06-25 21:16:43,747 [ERROR] LogOutputStream:75 - [STDERR_REDIRECT] 
2025-06-25 21:16:44,754 [ERROR] LogOutputStream:75 - [STDERR_REDIRECT] [Fatal Error] :1:1: Premature end of file.
2025-06-25 21:16:44,754 [ERROR] LogOutputStream:75 - [STDERR_REDIRECT] 
2025-06-25 21:16:45,747 [ERROR] LogOutputStream:75 - [STDERR_REDIRECT] [Fatal Error] :1:1: Premature end of file.
2025-06-25 21:16:45,747 [ERROR] LogOutputStream:75 - [STDERR_REDIRECT] 
2025-06-25 21:16:46,752 [ERROR] LogOutputStream:75 - [STDERR_REDIRECT] [Fatal Error] :1:1: Premature end of file.
2025-06-25 21:16:46,752 [ERROR] LogOutputStream:75 - [STDERR_REDIRECT] 
2025-06-25 21:16:47,747 [ERROR] LogOutputStream:75 - [STDERR_REDIRECT] [Fatal Error] :1:1: Premature end of file.
2025-06-25 21:16:47,747 [ERROR] LogOutputStream:75 - [STDERR_REDIRECT] 
2025-06-25 21:16:48,747 [ERROR] LogOutputStream:75 - [STDERR_REDIRECT] [Fatal Error] :1:1: Premature end of file.
2025-06-25 21:16:48,747 [ERROR] LogOutputStream:75 - [STDERR_REDIRECT] 
2025-06-25 21:16:49,759 [ERROR] LogOutputStream:75 - [STDERR_REDIRECT] [Fatal Error] :1:1: Premature end of file.
2025-06-25 21:16:49,759 [ERROR] LogOutputStream:75 - [STDERR_REDIRECT] 
2025-06-25 21:16:50,748 [ERROR] LogOutputStream:75 - [STDERR_REDIRECT] [Fatal Error] :1:1: Premature end of file.
2025-06-25 21:16:50,748 [ERROR] LogOutputStream:75 - [STDERR_REDIRECT] 
2025-06-25 21:16:51,749 [ERROR] LogOutputStream:75 - [STDERR_REDIRECT] [Fatal Error] :1:1: Premature end of file.
2025-06-25 21:16:51,749 [ERROR] LogOutputStream:75 - [STDERR_REDIRECT] 
2025-06-25 21:16:52,758 [ERROR] LogOutputStream:75 - [STDERR_REDIRECT] [Fatal Error] :1:1: Premature end of file.
2025-06-25 21:16:52,758 [ERROR] LogOutputStream:75 - [STDERR_REDIRECT] 
2025-06-25 21:16:53,748 [ERROR] LogOutputStream:75 - [STDERR_REDIRECT] [Fatal Error] :1:1: Premature end of file.
2025-06-25 21:16:53,748 [ERROR] LogOutputStream:75 - [STDERR_REDIRECT] 
2025-06-25 21:16:54,758 [ERROR] LogOutputStream:75 - [STDERR_REDIRECT] [Fatal Error] :1:1: Premature end of file.
2025-06-25 21:16:54,758 [ERROR] LogOutputStream:75 - [STDERR_REDIRECT] 
2025-06-25 21:16:55,748 [ERROR] LogOutputStream:75 - [STDERR_REDIRECT] [Fatal Error] :1:1: Premature end of file.
2025-06-25 21:16:55,748 [ERROR] LogOutputStream:75 - [STDERR_REDIRECT] 
2025-06-25 21:16:56,751 [ERROR] LogOutputStream:75 - [STDERR_REDIRECT] [Fatal Error] :1:1: Premature end of file.
2025-06-25 21:16:56,751 [ERROR] LogOutputStream:75 - [STDERR_REDIRECT] 
2025-06-25 21:16:57,758 [ERROR] LogOutputStream:75 - [STDERR_REDIRECT] [Fatal Error] :1:1: Premature end of file.
2025-06-25 21:16:57,758 [ERROR] LogOutputStream:75 - [STDERR_REDIRECT] 
2025-06-25 21:16:58,751 [ERROR] LogOutputStream:75 - [STDERR_REDIRECT] [Fatal Error] :1:1: Premature end of file.
2025-06-25 21:16:58,751 [ERROR] LogOutputStream:75 - [STDERR_REDIRECT] 
2025-06-25 21:16:59,756 [ERROR] LogOutputStream:75 - [STDERR_REDIRECT] [Fatal Error] :1:1: Premature end of file.
2025-06-25 21:16:59,757 [ERROR] LogOutputStream:75 - [STDERR_REDIRECT] 
2025-06-25 21:17:00,747 [ERROR] LogOutputStream:75 - [STDERR_REDIRECT] [Fatal Error] :1:1: Premature end of file.
2025-06-25 21:17:00,747 [ERROR] LogOutputStream:75 - [STDERR_REDIRECT] 
2025-06-25 21:17:01,753 [ERROR] LogOutputStream:75 - [STDERR_REDIRECT] [Fatal Error] :1:1: Premature end of file.
2025-06-25 21:17:01,753 [ERROR] LogOutputStream:75 - [STDERR_REDIRECT] 
2025-06-25 21:17:02,748 [ERROR] LogOutputStream:75 - [STDERR_REDIRECT] [Fatal Error] :1:1: Premature end of file.
2025-06-25 21:17:02,748 [ERROR] LogOutputStream:75 - [STDERR_REDIRECT] 
2025-06-25 21:17:03,753 [ERROR] LogOutputStream:75 - [STDERR_REDIRECT] [Fatal Error] :1:1: Premature end of file.
2025-06-25 21:17:03,753 [ERROR] LogOutputStream:75 - [STDERR_REDIRECT] 
2025-06-25 21:17:04,763 [ERROR] LogOutputStream:75 - [STDERR_REDIRECT] [Fatal Error] :1:1: Premature end of file.
2025-06-25 21:17:04,763 [ERROR] LogOutputStream:75 - [STDERR_REDIRECT] 
2025-06-25 21:17:05,757 [ERROR] LogOutputStream:75 - [STDERR_REDIRECT] [Fatal Error] :1:1: Premature end of file.
2025-06-25 21:17:05,757 [ERROR] LogOutputStream:75 - [STDERR_REDIRECT] 
2025-06-25 21:17:06,754 [ERROR] LogOutputStream:75 - [STDERR_REDIRECT] [Fatal Error] :1:1: Premature end of file.
2025-06-25 21:17:06,754 [ERROR] LogOutputStream:75 - [STDERR_REDIRECT] 
2025-06-25 21:17:07,749 [ERROR] LogOutputStream:75 - [STDERR_REDIRECT] [Fatal Error] :1:1: Premature end of file.
2025-06-25 21:17:07,749 [ERROR] LogOutputStream:75 - [STDERR_REDIRECT] 
2025-06-25 21:17:08,760 [ERROR] LogOutputStream:75 - [STDERR_REDIRECT] [Fatal Error] :1:1: Premature end of file.
2025-06-25 21:17:08,760 [ERROR] LogOutputStream:75 - [STDERR_REDIRECT] 
2025-06-25 21:17:09,750 [ERROR] LogOutputStream:75 - [STDERR_REDIRECT] [Fatal Error] :1:1: Premature end of file.
2025-06-25 21:17:09,750 [ERROR] LogOutputStream:75 - [STDERR_REDIRECT] 
2025-06-25 21:17:10,757 [ERROR] LogOutputStream:75 - [STDERR_REDIRECT] [Fatal Error] :1:1: Premature end of file.
2025-06-25 21:17:10,757 [ERROR] LogOutputStream:75 - [STDERR_REDIRECT] 
2025-06-25 21:17:11,757 [ERROR] LogOutputStream:75 - [STDERR_REDIRECT] [Fatal Error] :1:1: Premature end of file.
2025-06-25 21:17:11,757 [ERROR] LogOutputStream:75 - [STDERR_REDIRECT] 
2025-06-25 21:17:12,752 [ERROR] LogOutputStream:75 - [STDERR_REDIRECT] [Fatal Error] :1:1: Premature end of file.
2025-06-25 21:17:12,752 [ERROR] LogOutputStream:75 - [STDERR_REDIRECT] 
2025-06-25 21:17:13,748 [ERROR] LogOutputStream:75 - [STDERR_REDIRECT] [Fatal Error] :1:1: Premature end of file.
2025-06-25 21:17:13,748 [ERROR] LogOutputStream:75 - [STDERR_REDIRECT] 
2025-06-25 21:17:14,761 [ERROR] LogOutputStream:75 - [STDERR_REDIRECT] [Fatal Error] :1:1: Premature end of file.
2025-06-25 21:17:14,761 [ERROR] LogOutputStream:75 - [STDERR_REDIRECT] 
2025-06-25 21:17:15,746 [ERROR] LogOutputStream:75 - [STDERR_REDIRECT] [Fatal Error] :1:1: Premature end of file.
2025-06-25 21:17:15,746 [ERROR] LogOutputStream:75 - [STDERR_REDIRECT] 
2025-06-25 21:17:16,750 [ERROR] LogOutputStream:75 - [STDERR_REDIRECT] [Fatal Error] :1:1: Premature end of file.
2025-06-25 21:17:16,750 [ERROR] LogOutputStream:75 - [STDERR_REDIRECT] 
2025-06-25 21:17:17,746 [ERROR] LogOutputStream:75 - [STDERR_REDIRECT] [Fatal Error] :1:1: Premature end of file.
2025-06-25 21:17:17,746 [ERROR] LogOutputStream:75 - [STDERR_REDIRECT] 
2025-06-25 21:17:18,748 [ERROR] LogOutputStream:75 - [STDERR_REDIRECT] [Fatal Error] :1:1: Premature end of file.
2025-06-25 21:17:18,748 [ERROR] LogOutputStream:75 - [STDERR_REDIRECT] 
2025-06-25 21:17:19,749 [ERROR] LogOutputStream:75 - [STDERR_REDIRECT] [Fatal Error] :1:1: Premature end of file.
2025-06-25 21:17:19,749 [ERROR] LogOutputStream:75 - [STDERR_REDIRECT] 
2025-06-25 21:17:20,747 [ERROR] LogOutputStream:75 - [STDERR_REDIRECT] [Fatal Error] :1:1: Premature end of file.
2025-06-25 21:17:20,747 [ERROR] LogOutputStream:75 - [STDERR_REDIRECT] 
2025-06-25 21:17:21,748 [ERROR] LogOutputStream:75 - [STDERR_REDIRECT] [Fatal Error] :1:1: Premature end of file.
2025-06-25 21:17:21,748 [ERROR] LogOutputStream:75 - [STDERR_REDIRECT] 
2025-06-25 21:17:22,748 [ERROR] LogOutputStream:75 - [STDERR_REDIRECT] [Fatal Error] :1:1: Premature end of file.
2025-06-25 21:17:22,748 [ERROR] LogOutputStream:75 - [STDERR_REDIRECT] 
2025-06-25 21:17:23,753 [ERROR] LogOutputStream:75 - [STDERR_REDIRECT] [Fatal Error] :1:1: Premature end of file.
2025-06-25 21:17:23,753 [ERROR] LogOutputStream:75 - [STDERR_REDIRECT] 
2025-06-25 21:17:24,748 [ERROR] LogOutputStream:75 - [STDERR_REDIRECT] [Fatal Error] :1:1: Premature end of file.
2025-06-25 21:17:24,748 [ERROR] LogOutputStream:75 - [STDERR_REDIRECT] 
2025-06-25 21:17:25,747 [ERROR] LogOutputStream:75 - [STDERR_REDIRECT] [Fatal Error] :1:1: Premature end of file.
2025-06-25 21:17:25,747 [ERROR] LogOutputStream:75 - [STDERR_REDIRECT] 
2025-06-25 21:17:26,747 [ERROR] LogOutputStream:75 - [STDERR_REDIRECT] [Fatal Error] :1:1: Premature end of file.
2025-06-25 21:17:26,748 [ERROR] LogOutputStream:75 - [STDERR_REDIRECT] 
2025-06-25 21:17:27,759 [ERROR] LogOutputStream:75 - [STDERR_REDIRECT] [Fatal Error] :1:1: Premature end of file.
2025-06-25 21:17:27,759 [ERROR] LogOutputStream:75 - [STDERR_REDIRECT] 
2025-06-25 21:17:28,747 [ERROR] LogOutputStream:75 - [STDERR_REDIRECT] [Fatal Error] :1:1: Premature end of file.
2025-06-25 21:17:28,747 [ERROR] LogOutputStream:75 - [STDERR_REDIRECT] 
2025-06-25 21:17:29,748 [ERROR] LogOutputStream:75 - [STDERR_REDIRECT] [Fatal Error] :1:1: Premature end of file.
2025-06-25 21:17:29,748 [ERROR] LogOutputStream:75 - [STDERR_REDIRECT] 
2025-06-25 21:17:30,754 [ERROR] LogOutputStream:75 - [STDERR_REDIRECT] [Fatal Error] :1:1: Premature end of file.
2025-06-25 21:17:30,755 [ERROR] LogOutputStream:75 - [STDERR_REDIRECT] 
2025-06-25 21:17:31,748 [ERROR] LogOutputStream:75 - [STDERR_REDIRECT] [Fatal Error] :1:1: Premature end of file.
2025-06-25 21:17:31,748 [ERROR] LogOutputStream:75 - [STDERR_REDIRECT] 
2025-06-25 21:17:32,763 [ERROR] LogOutputStream:75 - [STDERR_REDIRECT] [Fatal Error] :1:1: Premature end of file.
2025-06-25 21:17:32,763 [ERROR] LogOutputStream:75 - [STDERR_REDIRECT] 
2025-06-25 21:17:33,747 [ERROR] LogOutputStream:75 - [STDERR_REDIRECT] [Fatal Error] :1:1: Premature end of file.
2025-06-25 21:17:33,747 [ERROR] LogOutputStream:75 - [STDERR_REDIRECT] 
2025-06-25 21:17:34,747 [ERROR] LogOutputStream:75 - [STDERR_REDIRECT] [Fatal Error] :1:1: Premature end of file.
2025-06-25 21:17:34,747 [ERROR] LogOutputStream:75 - [STDERR_REDIRECT] 
2025-06-25 21:17:35,760 [ERROR] LogOutputStream:75 - [STDERR_REDIRECT] [Fatal Error] :1:1: Premature end of file.
2025-06-25 21:17:35,760 [ERROR] LogOutputStream:75 - [STDERR_REDIRECT] 
2025-06-25 21:17:36,747 [ERROR] LogOutputStream:75 - [STDERR_REDIRECT] [Fatal Error] :1:1: Premature end of file.
2025-06-25 21:17:36,747 [ERROR] LogOutputStream:75 - [STDERR_REDIRECT] 
2025-06-25 21:17:37,747 [ERROR] LogOutputStream:75 - [STDERR_REDIRECT] [Fatal Error] :1:1: Premature end of file.
2025-06-25 21:17:37,747 [ERROR] LogOutputStream:75 - [STDERR_REDIRECT] 
2025-06-25 21:17:38,749 [ERROR] LogOutputStream:75 - [STDERR_REDIRECT] [Fatal Error] :1:1: Premature end of file.
2025-06-25 21:17:38,749 [ERROR] LogOutputStream:75 - [STDERR_REDIRECT] 
2025-06-25 21:17:39,748 [ERROR] LogOutputStream:75 - [STDERR_REDIRECT] [Fatal Error] :1:1: Premature end of file.
2025-06-25 21:17:39,748 [ERROR] LogOutputStream:75 - [STDERR_REDIRECT] 
2025-06-25 21:17:40,752 [ERROR] LogOutputStream:75 - [STDERR_REDIRECT] [Fatal Error] :1:1: Premature end of file.
2025-06-25 21:17:40,752 [ERROR] LogOutputStream:75 - [STDERR_REDIRECT] 
2025-06-25 21:17:41,748 [ERROR] LogOutputStream:75 - [STDERR_REDIRECT] [Fatal Error] :1:1: Premature end of file.
2025-06-25 21:17:41,748 [ERROR] LogOutputStream:75 - [STDERR_REDIRECT] 
2025-06-25 21:17:42,756 [ERROR] LogOutputStream:75 - [STDERR_REDIRECT] [Fatal Error] :1:1: Premature end of file.
2025-06-25 21:17:42,756 [ERROR] LogOutputStream:75 - [STDERR_REDIRECT] 
2025-06-25 21:17:43,748 [ERROR] LogOutputStream:75 - [STDERR_REDIRECT] [Fatal Error] :1:1: Premature end of file.
2025-06-25 21:17:43,748 [ERROR] LogOutputStream:75 - [STDERR_REDIRECT] 
2025-06-25 21:17:44,749 [ERROR] LogOutputStream:75 - [STDERR_REDIRECT] [Fatal Error] :1:1: Premature end of file.
2025-06-25 21:17:44,749 [ERROR] LogOutputStream:75 - [STDERR_REDIRECT] 
2025-06-25 21:17:45,747 [ERROR] LogOutputStream:75 - [STDERR_REDIRECT] [Fatal Error] :1:1: Premature end of file.
2025-06-25 21:17:45,747 [ERROR] LogOutputStream:75 - [STDERR_REDIRECT] 
2025-06-25 21:17:46,748 [ERROR] LogOutputStream:75 - [STDERR_REDIRECT] [Fatal Error] :1:1: Premature end of file.
2025-06-25 21:17:46,748 [ERROR] LogOutputStream:75 - [STDERR_REDIRECT] 
2025-06-25 21:17:47,746 [ERROR] LogOutputStream:75 - [STDERR_REDIRECT] [Fatal Error] :1:1: Premature end of file.
2025-06-25 21:17:47,746 [ERROR] LogOutputStream:75 - [STDERR_REDIRECT] 
2025-06-25 21:17:48,747 [ERROR] LogOutputStream:75 - [STDERR_REDIRECT] [Fatal Error] :1:1: Premature end of file.
2025-06-25 21:17:48,747 [ERROR] LogOutputStream:75 - [STDERR_REDIRECT] 
2025-06-25 21:17:49,747 [ERROR] LogOutputStream:75 - [STDERR_REDIRECT] [Fatal Error] :1:1: Premature end of file.
2025-06-25 21:17:49,747 [ERROR] LogOutputStream:75 - [STDERR_REDIRECT] 
2025-06-25 21:17:50,753 [ERROR] LogOutputStream:75 - [STDERR_REDIRECT] [Fatal Error] :1:1: Premature end of file.
2025-06-25 21:17:50,753 [ERROR] LogOutputStream:75 - [STDERR_REDIRECT] 
2025-06-25 21:17:51,746 [ERROR] LogOutputStream:75 - [STDERR_REDIRECT] [Fatal Error] :1:1: Premature end of file.
2025-06-25 21:17:51,746 [ERROR] LogOutputStream:75 - [STDERR_REDIRECT] 
2025-06-25 21:17:52,747 [ERROR] LogOutputStream:75 - [STDERR_REDIRECT] [Fatal Error] :1:1: Premature end of file.
2025-06-25 21:17:52,747 [ERROR] LogOutputStream:75 - [STDERR_REDIRECT] 
2025-06-25 21:17:53,746 [ERROR] LogOutputStream:75 - [STDERR_REDIRECT] [Fatal Error] :1:1: Premature end of file.
2025-06-25 21:17:53,746 [ERROR] LogOutputStream:75 - [STDERR_REDIRECT] 
2025-06-25 21:17:54,748 [ERROR] LogOutputStream:75 - [STDERR_REDIRECT] [Fatal Error] :1:1: Premature end of file.
2025-06-25 21:17:54,748 [ERROR] LogOutputStream:75 - [STDERR_REDIRECT] 
2025-06-25 21:17:55,748 [ERROR] LogOutputStream:75 - [STDERR_REDIRECT] [Fatal Error] :1:1: Premature end of file.
2025-06-25 21:17:55,748 [ERROR] LogOutputStream:75 - [STDERR_REDIRECT] 
2025-06-25 21:17:56,747 [ERROR] LogOutputStream:75 - [STDERR_REDIRECT] [Fatal Error] :1:1: Premature end of file.
2025-06-25 21:17:56,747 [ERROR] LogOutputStream:75 - [STDERR_REDIRECT] 
2025-06-25 21:17:57,749 [ERROR] LogOutputStream:75 - [STDERR_REDIRECT] [Fatal Error] :1:1: Premature end of file.
2025-06-25 21:17:57,749 [ERROR] LogOutputStream:75 - [STDERR_REDIRECT] 
2025-06-25 21:17:58,747 [ERROR] LogOutputStream:75 - [STDERR_REDIRECT] [Fatal Error] :1:1: Premature end of file.
2025-06-25 21:17:58,747 [ERROR] LogOutputStream:75 - [STDERR_REDIRECT] 
2025-06-25 21:17:59,746 [ERROR] LogOutputStream:75 - [STDERR_REDIRECT] [Fatal Error] :1:1: Premature end of file.
2025-06-25 21:17:59,746 [ERROR] LogOutputStream:75 - [STDERR_REDIRECT] 
2025-06-25 21:18:00,746 [ERROR] LogOutputStream:75 - [STDERR_REDIRECT] [Fatal Error] :1:1: Premature end of file.
2025-06-25 21:18:00,747 [ERROR] LogOutputStream:75 - [STDERR_REDIRECT] 
2025-06-25 21:18:01,749 [ERROR] LogOutputStream:75 - [STDERR_REDIRECT] [Fatal Error] :1:1: Premature end of file.
2025-06-25 21:18:01,749 [ERROR] LogOutputStream:75 - [STDERR_REDIRECT] 
2025-06-25 21:18:02,747 [ERROR] LogOutputStream:75 - [STDERR_REDIRECT] [Fatal Error] :1:1: Premature end of file.
2025-06-25 21:18:02,747 [ERROR] LogOutputStream:75 - [STDERR_REDIRECT] 
2025-06-25 21:18:03,746 [ERROR] LogOutputStream:75 - [STDERR_REDIRECT] [Fatal Error] :1:1: Premature end of file.
2025-06-25 21:18:03,746 [ERROR] LogOutputStream:75 - [STDERR_REDIRECT] 
2025-06-25 21:18:04,747 [ERROR] LogOutputStream:75 - [STDERR_REDIRECT] [Fatal Error] :1:1: Premature end of file.
2025-06-25 21:18:04,747 [ERROR] LogOutputStream:75 - [STDERR_REDIRECT] 
2025-06-25 21:18:05,749 [ERROR] LogOutputStream:75 - [STDERR_REDIRECT] [Fatal Error] :1:1: Premature end of file.
2025-06-25 21:18:05,749 [ERROR] LogOutputStream:75 - [STDERR_REDIRECT] 
2025-06-25 21:18:06,747 [ERROR] LogOutputStream:75 - [STDERR_REDIRECT] [Fatal Error] :1:1: Premature end of file.
2025-06-25 21:18:06,747 [ERROR] LogOutputStream:75 - [STDERR_REDIRECT] 
2025-06-25 21:18:07,748 [ERROR] LogOutputStream:75 - [STDERR_REDIRECT] [Fatal Error] :1:1: Premature end of file.
2025-06-25 21:18:07,748 [ERROR] LogOutputStream:75 - [STDERR_REDIRECT] 
2025-06-25 21:18:08,747 [ERROR] LogOutputStream:75 - [STDERR_REDIRECT] [Fatal Error] :1:1: Premature end of file.
2025-06-25 21:18:08,747 [ERROR] LogOutputStream:75 - [STDERR_REDIRECT] 
2025-06-25 21:18:09,751 [ERROR] LogOutputStream:75 - [STDERR_REDIRECT] [Fatal Error] :1:1: Premature end of file.
2025-06-25 21:18:09,751 [ERROR] LogOutputStream:75 - [STDERR_REDIRECT] 
2025-06-25 21:18:10,748 [ERROR] LogOutputStream:75 - [STDERR_REDIRECT] [Fatal Error] :1:1: Premature end of file.
2025-06-25 21:18:10,748 [ERROR] LogOutputStream:75 - [STDERR_REDIRECT] 
2025-06-25 21:18:11,746 [ERROR] LogOutputStream:75 - [STDERR_REDIRECT] [Fatal Error] :1:1: Premature end of file.
2025-06-25 21:18:11,746 [ERROR] LogOutputStream:75 - [STDERR_REDIRECT] 
2025-06-25 21:18:12,746 [ERROR] LogOutputStream:75 - [STDERR_REDIRECT] [Fatal Error] :1:1: Premature end of file.
2025-06-25 21:18:12,746 [ERROR] LogOutputStream:75 - [STDERR_REDIRECT] 
2025-06-25 21:18:13,748 [ERROR] LogOutputStream:75 - [STDERR_REDIRECT] [Fatal Error] :1:1: Premature end of file.
2025-06-25 21:18:13,748 [ERROR] LogOutputStream:75 - [STDERR_REDIRECT] 
2025-06-25 21:18:14,756 [ERROR] LogOutputStream:75 - [STDERR_REDIRECT] [Fatal Error] :1:1: Premature end of file.
2025-06-25 21:18:14,756 [ERROR] LogOutputStream:75 - [STDERR_REDIRECT] 
2025-06-25 21:18:15,749 [ERROR] LogOutputStream:75 - [STDERR_REDIRECT] [Fatal Error] :1:1: Premature end of file.
2025-06-25 21:18:15,749 [ERROR] LogOutputStream:75 - [STDERR_REDIRECT] 
2025-06-25 21:18:16,759 [ERROR] LogOutputStream:75 - [STDERR_REDIRECT] [Fatal Error] :1:1: Premature end of file.
2025-06-25 21:18:16,759 [ERROR] LogOutputStream:75 - [STDERR_REDIRECT] 
2025-06-25 21:18:17,757 [ERROR] LogOutputStream:75 - [STDERR_REDIRECT] [Fatal Error] :1:1: Premature end of file.
2025-06-25 21:18:17,757 [ERROR] LogOutputStream:75 - [STDERR_REDIRECT] 
2025-06-25 21:18:18,756 [ERROR] LogOutputStream:75 - [STDERR_REDIRECT] [Fatal Error] :1:1: Premature end of file.
2025-06-25 21:18:18,756 [ERROR] LogOutputStream:75 - [STDERR_REDIRECT] 
2025-06-25 21:18:19,750 [ERROR] LogOutputStream:75 - [STDERR_REDIRECT] [Fatal Error] :1:1: Premature end of file.
2025-06-25 21:18:19,750 [ERROR] LogOutputStream:75 - [STDERR_REDIRECT] 
2025-06-25 21:18:20,761 [ERROR] LogOutputStream:75 - [STDERR_REDIRECT] [Fatal Error] :1:1: Premature end of file.
2025-06-25 21:18:20,761 [ERROR] LogOutputStream:75 - [STDERR_REDIRECT] 
2025-06-25 21:18:21,756 [ERROR] LogOutputStream:75 - [STDERR_REDIRECT] [Fatal Error] :1:1: Premature end of file.
2025-06-25 21:18:21,757 [ERROR] LogOutputStream:75 - [STDERR_REDIRECT] 
2025-06-25 21:18:22,751 [ERROR] LogOutputStream:75 - [STDERR_REDIRECT] [Fatal Error] :1:1: Premature end of file.
2025-06-25 21:18:22,752 [ERROR] LogOutputStream:75 - [STDERR_REDIRECT] 
2025-06-25 21:18:23,762 [ERROR] LogOutputStream:75 - [STDERR_REDIRECT] [Fatal Error] :1:1: Premature end of file.
2025-06-25 21:18:23,762 [ERROR] LogOutputStream:75 - [STDERR_REDIRECT] 
2025-06-25 21:18:24,755 [ERROR] LogOutputStream:75 - [STDERR_REDIRECT] [Fatal Error] :1:1: Premature end of file.
2025-06-25 21:18:24,755 [ERROR] LogOutputStream:75 - [STDERR_REDIRECT] 
2025-06-25 21:18:25,763 [ERROR] LogOutputStream:75 - [STDERR_REDIRECT] [Fatal Error] :1:1: Premature end of file.
2025-06-25 21:18:25,764 [ERROR] LogOutputStream:75 - [STDERR_REDIRECT] 
2025-06-25 21:18:26,749 [ERROR] LogOutputStream:75 - [STDERR_REDIRECT] [Fatal Error] :1:1: Premature end of file.
2025-06-25 21:18:26,749 [ERROR] LogOutputStream:75 - [STDERR_REDIRECT] 
2025-06-25 21:18:27,747 [ERROR] LogOutputStream:75 - [STDERR_REDIRECT] [Fatal Error] :1:1: Premature end of file.
2025-06-25 21:18:27,747 [ERROR] LogOutputStream:75 - [STDERR_REDIRECT] 
2025-06-25 21:18:28,760 [ERROR] LogOutputStream:75 - [STDERR_REDIRECT] [Fatal Error] :1:1: Premature end of file.
2025-06-25 21:18:28,760 [ERROR] LogOutputStream:75 - [STDERR_REDIRECT] 
2025-06-25 21:18:29,753 [ERROR] LogOutputStream:75 - [STDERR_REDIRECT] [Fatal Error] :1:1: Premature end of file.
2025-06-25 21:18:29,753 [ERROR] LogOutputStream:75 - [STDERR_REDIRECT] 
2025-06-25 21:18:30,759 [ERROR] LogOutputStream:75 - [STDERR_REDIRECT] [Fatal Error] :1:1: Premature end of file.
2025-06-25 21:18:30,761 [ERROR] LogOutputStream:75 - [STDERR_REDIRECT] 
2025-06-25 21:18:31,750 [ERROR] LogOutputStream:75 - [STDERR_REDIRECT] [Fatal Error] :1:1: Premature end of file.
2025-06-25 21:18:31,750 [ERROR] LogOutputStream:75 - [STDERR_REDIRECT] 
2025-06-25 21:18:32,759 [ERROR] LogOutputStream:75 - [STDERR_REDIRECT] [Fatal Error] :1:1: Premature end of file.
2025-06-25 21:18:32,759 [ERROR] LogOutputStream:75 - [STDERR_REDIRECT] 
2025-06-25 21:18:33,763 [ERROR] LogOutputStream:75 - [STDERR_REDIRECT] [Fatal Error] :1:1: Premature end of file.
2025-06-25 21:18:33,763 [ERROR] LogOutputStream:75 - [STDERR_REDIRECT] 
2025-06-25 21:18:34,757 [ERROR] LogOutputStream:75 - [STDERR_REDIRECT] [Fatal Error] :1:1: Premature end of file.
2025-06-25 21:18:34,757 [ERROR] LogOutputStream:75 - [STDERR_REDIRECT] 
2025-06-25 21:18:35,751 [ERROR] LogOutputStream:75 - [STDERR_REDIRECT] [Fatal Error] :1:1: Premature end of file.
2025-06-25 21:18:35,751 [ERROR] LogOutputStream:75 - [STDERR_REDIRECT] 
2025-06-25 21:18:36,760 [ERROR] LogOutputStream:75 - [STDERR_REDIRECT] [Fatal Error] :1:1: Premature end of file.
2025-06-25 21:18:36,760 [ERROR] LogOutputStream:75 - [STDERR_REDIRECT] 
2025-06-25 21:18:37,753 [ERROR] LogOutputStream:75 - [STDERR_REDIRECT] [Fatal Error] :1:1: Premature end of file.
2025-06-25 21:18:37,753 [ERROR] LogOutputStream:75 - [STDERR_REDIRECT] 
2025-06-25 21:18:38,762 [ERROR] LogOutputStream:75 - [STDERR_REDIRECT] [Fatal Error] :1:1: Premature end of file.
2025-06-25 21:18:38,762 [ERROR] LogOutputStream:75 - [STDERR_REDIRECT] 
2025-06-25 21:18:39,758 [ERROR] LogOutputStream:75 - [STDERR_REDIRECT] [Fatal Error] :1:1: Premature end of file.
2025-06-25 21:18:39,758 [ERROR] LogOutputStream:75 - [STDERR_REDIRECT] 
2025-06-25 21:18:40,753 [ERROR] LogOutputStream:75 - [STDERR_REDIRECT] [Fatal Error] :1:1: Premature end of file.
2025-06-25 21:18:40,753 [ERROR] LogOutputStream:75 - [STDERR_REDIRECT] 
2025-06-25 21:18:41,760 [ERROR] LogOutputStream:75 - [STDERR_REDIRECT] [Fatal Error] :1:1: Premature end of file.
2025-06-25 21:18:41,760 [ERROR] LogOutputStream:75 - [STDERR_REDIRECT] 
2025-06-25 21:18:42,761 [ERROR] LogOutputStream:75 - [STDERR_REDIRECT] [Fatal Error] :1:1: Premature end of file.
2025-06-25 21:18:42,761 [ERROR] LogOutputStream:75 - [STDERR_REDIRECT] 
2025-06-25 21:18:43,752 [ERROR] LogOutputStream:75 - [STDERR_REDIRECT] [Fatal Error] :1:1: Premature end of file.
2025-06-25 21:18:43,752 [ERROR] LogOutputStream:75 - [STDERR_REDIRECT] 
2025-06-25 21:18:44,759 [ERROR] LogOutputStream:75 - [STDERR_REDIRECT] [Fatal Error] :1:1: Premature end of file.
2025-06-25 21:18:44,759 [ERROR] LogOutputStream:75 - [STDERR_REDIRECT] 
2025-06-25 21:18:45,755 [ERROR] LogOutputStream:75 - [STDERR_REDIRECT] [Fatal Error] :1:1: Premature end of file.
2025-06-25 21:18:45,756 [ERROR] LogOutputStream:75 - [STDERR_REDIRECT] 
2025-06-25 21:18:46,758 [ERROR] LogOutputStream:75 - [STDERR_REDIRECT] [Fatal Error] :1:1: Premature end of file.
2025-06-25 21:18:46,758 [ERROR] LogOutputStream:75 - [STDERR_REDIRECT] 
2025-06-25 21:18:47,750 [ERROR] LogOutputStream:75 - [STDERR_REDIRECT] [Fatal Error] :1:1: Premature end of file.
2025-06-25 21:18:47,750 [ERROR] LogOutputStream:75 - [STDERR_REDIRECT] 
2025-06-25 21:18:48,761 [ERROR] LogOutputStream:75 - [STDERR_REDIRECT] [Fatal Error] :1:1: Premature end of file.
2025-06-25 21:18:48,762 [ERROR] LogOutputStream:75 - [STDERR_REDIRECT] 
2025-06-25 21:18:49,752 [ERROR] LogOutputStream:75 - [STDERR_REDIRECT] [Fatal Error] :1:1: Premature end of file.
2025-06-25 21:18:49,753 [ERROR] LogOutputStream:75 - [STDERR_REDIRECT] 
2025-06-25 21:18:50,762 [ERROR] LogOutputStream:75 - [STDERR_REDIRECT] [Fatal Error] :1:1: Premature end of file.
2025-06-25 21:18:50,762 [ERROR] LogOutputStream:75 - [STDERR_REDIRECT] 
2025-06-25 21:18:51,758 [ERROR] LogOutputStream:75 - [STDERR_REDIRECT] [Fatal Error] :1:1: Premature end of file.
2025-06-25 21:18:51,758 [ERROR] LogOutputStream:75 - [STDERR_REDIRECT] 
2025-06-25 21:18:52,762 [ERROR] LogOutputStream:75 - [STDERR_REDIRECT] [Fatal Error] :1:1: Premature end of file.
2025-06-25 21:18:52,762 [ERROR] LogOutputStream:75 - [STDERR_REDIRECT] 
2025-06-25 21:18:53,760 [ERROR] LogOutputStream:75 - [STDERR_REDIRECT] [Fatal Error] :1:1: Premature end of file.
2025-06-25 21:18:53,760 [ERROR] LogOutputStream:75 - [STDERR_REDIRECT] 
2025-06-25 21:18:54,747 [ERROR] LogOutputStream:75 - [STDERR_REDIRECT] [Fatal Error] :1:1: Premature end of file.
2025-06-25 21:18:54,747 [ERROR] LogOutputStream:75 - [STDERR_REDIRECT] 
2025-06-25 21:18:55,758 [ERROR] LogOutputStream:75 - [STDERR_REDIRECT] [Fatal Error] :1:1: Premature end of file.
2025-06-25 21:18:55,758 [ERROR] LogOutputStream:75 - [STDERR_REDIRECT] 
2025-06-25 21:18:56,752 [ERROR] LogOutputStream:75 - [STDERR_REDIRECT] [Fatal Error] :1:1: Premature end of file.
2025-06-25 21:18:56,752 [ERROR] LogOutputStream:75 - [STDERR_REDIRECT] 
2025-06-25 21:18:57,748 [ERROR] LogOutputStream:75 - [STDERR_REDIRECT] [Fatal Error] :1:1: Premature end of file.
2025-06-25 21:18:57,748 [ERROR] LogOutputStream:75 - [STDERR_REDIRECT] 
2025-06-25 21:18:58,754 [ERROR] LogOutputStream:75 - [STDERR_REDIRECT] [Fatal Error] :1:1: Premature end of file.
2025-06-25 21:18:58,754 [ERROR] LogOutputStream:75 - [STDERR_REDIRECT] 
2025-06-25 21:18:59,753 [ERROR] LogOutputStream:75 - [STDERR_REDIRECT] [Fatal Error] :1:1: Premature end of file.
2025-06-25 21:18:59,753 [ERROR] LogOutputStream:75 - [STDERR_REDIRECT] 
2025-06-25 21:19:00,746 [ERROR] LogOutputStream:75 - [STDERR_REDIRECT] [Fatal Error] :1:1: Premature end of file.
2025-06-25 21:19:00,746 [ERROR] LogOutputStream:75 - [STDERR_REDIRECT] 
2025-06-25 21:19:01,746 [ERROR] LogOutputStream:75 - [STDERR_REDIRECT] [Fatal Error] :1:1: Premature end of file.
2025-06-25 21:19:01,746 [ERROR] LogOutputStream:75 - [STDERR_REDIRECT] 
2025-06-25 21:19:02,748 [ERROR] LogOutputStream:75 - [STDERR_REDIRECT] [Fatal Error] :1:1: Premature end of file.
2025-06-25 21:19:02,748 [ERROR] LogOutputStream:75 - [STDERR_REDIRECT] 
2025-06-25 21:19:03,753 [ERROR] LogOutputStream:75 - [STDERR_REDIRECT] [Fatal Error] :1:1: Premature end of file.
2025-06-25 21:19:03,753 [ERROR] LogOutputStream:75 - [STDERR_REDIRECT] 
2025-06-25 21:19:04,747 [ERROR] LogOutputStream:75 - [STDERR_REDIRECT] [Fatal Error] :1:1: Premature end of file.
2025-06-25 21:19:04,747 [ERROR] LogOutputStream:75 - [STDERR_REDIRECT] 
2025-06-25 21:19:05,747 [ERROR] LogOutputStream:75 - [STDERR_REDIRECT] [Fatal Error] :1:1: Premature end of file.
2025-06-25 21:19:05,747 [ERROR] LogOutputStream:75 - [STDERR_REDIRECT] 
2025-06-25 21:19:06,747 [ERROR] LogOutputStream:75 - [STDERR_REDIRECT] [Fatal Error] :1:1: Premature end of file.
2025-06-25 21:19:06,747 [ERROR] LogOutputStream:75 - [STDERR_REDIRECT] 
2025-06-25 21:19:07,750 [ERROR] LogOutputStream:75 - [STDERR_REDIRECT] [Fatal Error] :1:1: Premature end of file.
2025-06-25 21:19:07,750 [ERROR] LogOutputStream:75 - [STDERR_REDIRECT] 
2025-06-25 21:19:08,747 [ERROR] LogOutputStream:75 - [STDERR_REDIRECT] [Fatal Error] :1:1: Premature end of file.
2025-06-25 21:19:08,747 [ERROR] LogOutputStream:75 - [STDERR_REDIRECT] 
2025-06-25 21:19:09,766 [ERROR] LogOutputStream:75 - [STDERR_REDIRECT] [Fatal Error] :1:1: Premature end of file.
2025-06-25 21:19:09,766 [ERROR] LogOutputStream:75 - [STDERR_REDIRECT] 
2025-06-25 21:19:10,748 [ERROR] LogOutputStream:75 - [STDERR_REDIRECT] [Fatal Error] :1:1: Premature end of file.
2025-06-25 21:19:10,748 [ERROR] LogOutputStream:75 - [STDERR_REDIRECT] 
2025-06-25 21:19:11,764 [ERROR] LogOutputStream:75 - [STDERR_REDIRECT] [Fatal Error] :1:1: Premature end of file.
2025-06-25 21:19:11,764 [ERROR] LogOutputStream:75 - [STDERR_REDIRECT] 
2025-06-25 21:19:12,756 [ERROR] LogOutputStream:75 - [STDERR_REDIRECT] [Fatal Error] :1:1: Premature end of file.
2025-06-25 21:19:12,756 [ERROR] LogOutputStream:75 - [STDERR_REDIRECT] 
2025-06-25 21:19:13,759 [ERROR] LogOutputStream:75 - [STDERR_REDIRECT] [Fatal Error] :1:1: Premature end of file.
2025-06-25 21:19:13,759 [ERROR] LogOutputStream:75 - [STDERR_REDIRECT] 
2025-06-25 21:19:14,753 [ERROR] LogOutputStream:75 - [STDERR_REDIRECT] [Fatal Error] :1:1: Premature end of file.
2025-06-25 21:19:14,753 [ERROR] LogOutputStream:75 - [STDERR_REDIRECT] 
2025-06-25 21:19:15,750 [ERROR] LogOutputStream:75 - [STDERR_REDIRECT] [Fatal Error] :1:1: Premature end of file.
2025-06-25 21:19:15,750 [ERROR] LogOutputStream:75 - [STDERR_REDIRECT] 
2025-06-25 21:19:16,756 [ERROR] LogOutputStream:75 - [STDERR_REDIRECT] [Fatal Error] :1:1: Premature end of file.
2025-06-25 21:19:16,756 [ERROR] LogOutputStream:75 - [STDERR_REDIRECT] 
2025-06-25 21:19:17,763 [ERROR] LogOutputStream:75 - [STDERR_REDIRECT] [Fatal Error] :1:1: Premature end of file.
2025-06-25 21:19:17,763 [ERROR] LogOutputStream:75 - [STDERR_REDIRECT] 
2025-06-25 21:19:18,758 [ERROR] LogOutputStream:75 - [STDERR_REDIRECT] [Fatal Error] :1:1: Premature end of file.
2025-06-25 21:19:18,758 [ERROR] LogOutputStream:75 - [STDERR_REDIRECT] 
2025-06-25 21:19:19,755 [ERROR] LogOutputStream:75 - [STDERR_REDIRECT] [Fatal Error] :1:1: Premature end of file.
2025-06-25 21:19:19,755 [ERROR] LogOutputStream:75 - [STDERR_REDIRECT] 
2025-06-25 21:19:20,755 [ERROR] LogOutputStream:75 - [STDERR_REDIRECT] [Fatal Error] :1:1: Premature end of file.
2025-06-25 21:19:20,755 [ERROR] LogOutputStream:75 - [STDERR_REDIRECT] 
2025-06-25 21:19:21,748 [ERROR] LogOutputStream:75 - [STDERR_REDIRECT] [Fatal Error] :1:1: Premature end of file.
2025-06-25 21:19:21,748 [ERROR] LogOutputStream:75 - [STDERR_REDIRECT] 
2025-06-25 21:19:22,758 [ERROR] LogOutputStream:75 - [STDERR_REDIRECT] [Fatal Error] :1:1: Premature end of file.
2025-06-25 21:19:22,758 [ERROR] LogOutputStream:75 - [STDERR_REDIRECT] 
2025-06-25 21:19:23,753 [ERROR] LogOutputStream:75 - [STDERR_REDIRECT] [Fatal Error] :1:1: Premature end of file.
2025-06-25 21:19:23,753 [ERROR] LogOutputStream:75 - [STDERR_REDIRECT] 
2025-06-25 21:19:24,748 [ERROR] LogOutputStream:75 - [STDERR_REDIRECT] [Fatal Error] :1:1: Premature end of file.
2025-06-25 21:19:24,748 [ERROR] LogOutputStream:75 - [STDERR_REDIRECT] 
2025-06-25 21:19:25,754 [ERROR] LogOutputStream:75 - [STDERR_REDIRECT] [Fatal Error] :1:1: Premature end of file.
2025-06-25 21:19:25,754 [ERROR] LogOutputStream:75 - [STDERR_REDIRECT] 
2025-06-25 21:19:26,752 [ERROR] LogOutputStream:75 - [STDERR_REDIRECT] [Fatal Error] :1:1: Premature end of file.
2025-06-25 21:19:26,752 [ERROR] LogOutputStream:75 - [STDERR_REDIRECT] 
2025-06-25 21:19:27,760 [ERROR] LogOutputStream:75 - [STDERR_REDIRECT] [Fatal Error] :1:1: Premature end of file.
2025-06-25 21:19:27,760 [ERROR] LogOutputStream:75 - [STDERR_REDIRECT] 
2025-06-25 21:19:28,754 [ERROR] LogOutputStream:75 - [STDERR_REDIRECT] [Fatal Error] :1:1: Premature end of file.
2025-06-25 21:19:28,755 [ERROR] LogOutputStream:75 - [STDERR_REDIRECT] 
2025-06-25 21:19:29,748 [ERROR] LogOutputStream:75 - [STDERR_REDIRECT] [Fatal Error] :1:1: Premature end of file.
2025-06-25 21:19:29,748 [ERROR] LogOutputStream:75 - [STDERR_REDIRECT] 
2025-06-25 21:19:30,758 [ERROR] LogOutputStream:75 - [STDERR_REDIRECT] [Fatal Error] :1:1: Premature end of file.
2025-06-25 21:19:30,758 [ERROR] LogOutputStream:75 - [STDERR_REDIRECT] 
2025-06-25 21:19:31,752 [ERROR] LogOutputStream:75 - [STDERR_REDIRECT] [Fatal Error] :1:1: Premature end of file.
2025-06-25 21:19:31,752 [ERROR] LogOutputStream:75 - [STDERR_REDIRECT] 
2025-06-25 21:19:32,748 [ERROR] LogOutputStream:75 - [STDERR_REDIRECT] [Fatal Error] :1:1: Premature end of file.
2025-06-25 21:19:32,748 [ERROR] LogOutputStream:75 - [STDERR_REDIRECT] 
2025-06-25 21:19:33,754 [ERROR] LogOutputStream:75 - [STDERR_REDIRECT] [Fatal Error] :1:1: Premature end of file.
2025-06-25 21:19:33,754 [ERROR] LogOutputStream:75 - [STDERR_REDIRECT] 
2025-06-25 21:19:34,750 [ERROR] LogOutputStream:75 - [STDERR_REDIRECT] [Fatal Error] :1:1: Premature end of file.
2025-06-25 21:19:34,750 [ERROR] LogOutputStream:75 - [STDERR_REDIRECT] 
2025-06-25 21:19:35,762 [ERROR] LogOutputStream:75 - [STDERR_REDIRECT] [Fatal Error] :1:1: Premature end of file.
2025-06-25 21:19:35,762 [ERROR] LogOutputStream:75 - [STDERR_REDIRECT] 
2025-06-25 21:19:36,755 [ERROR] LogOutputStream:75 - [STDERR_REDIRECT] [Fatal Error] :1:1: Premature end of file.
2025-06-25 21:19:36,755 [ERROR] LogOutputStream:75 - [STDERR_REDIRECT] 
2025-06-25 21:19:37,748 [ERROR] LogOutputStream:75 - [STDERR_REDIRECT] [Fatal Error] :1:1: Premature end of file.
2025-06-25 21:19:37,748 [ERROR] LogOutputStream:75 - [STDERR_REDIRECT] 
2025-06-25 21:19:38,762 [ERROR] LogOutputStream:75 - [STDERR_REDIRECT] [Fatal Error] :1:1: Premature end of file.
2025-06-25 21:19:38,762 [ERROR] LogOutputStream:75 - [STDERR_REDIRECT] 
2025-06-25 21:19:39,750 [ERROR] LogOutputStream:75 - [STDERR_REDIRECT] [Fatal Error] :1:1: Premature end of file.
2025-06-25 21:19:39,750 [ERROR] LogOutputStream:75 - [STDERR_REDIRECT] 
2025-06-25 21:19:40,761 [ERROR] LogOutputStream:75 - [STDERR_REDIRECT] [Fatal Error] :1:1: Premature end of file.
2025-06-25 21:19:40,761 [ERROR] LogOutputStream:75 - [STDERR_REDIRECT] 
2025-06-25 21:19:41,757 [ERROR] LogOutputStream:75 - [STDERR_REDIRECT] [Fatal Error] :1:1: Premature end of file.
2025-06-25 21:19:41,757 [ERROR] LogOutputStream:75 - [STDERR_REDIRECT] 
2025-06-25 21:19:42,753 [ERROR] LogOutputStream:75 - [STDERR_REDIRECT] [Fatal Error] :1:1: Premature end of file.
2025-06-25 21:19:42,753 [ERROR] LogOutputStream:75 - [STDERR_REDIRECT] 
2025-06-25 21:19:43,748 [ERROR] LogOutputStream:75 - [STDERR_REDIRECT] [Fatal Error] :1:1: Premature end of file.
2025-06-25 21:19:43,748 [ERROR] LogOutputStream:75 - [STDERR_REDIRECT] 
2025-06-25 21:19:44,752 [ERROR] LogOutputStream:75 - [STDERR_REDIRECT] [Fatal Error] :1:1: Premature end of file.
2025-06-25 21:19:44,752 [ERROR] LogOutputStream:75 - [STDERR_REDIRECT] 
2025-06-25 21:19:45,745 [ERROR] LogOutputStream:75 - [STDERR_REDIRECT] [Fatal Error] :1:1: Premature end of file.
2025-06-25 21:19:45,747 [ERROR] LogOutputStream:75 - [STDERR_REDIRECT] 
2025-06-25 21:19:46,746 [ERROR] LogOutputStream:75 - [STDERR_REDIRECT] [Fatal Error] :1:1: Premature end of file.
2025-06-25 21:19:46,746 [ERROR] LogOutputStream:75 - [STDERR_REDIRECT] 
2025-06-25 21:19:47,749 [ERROR] LogOutputStream:75 - [STDERR_REDIRECT] [Fatal Error] :1:1: Premature end of file.
2025-06-25 21:19:47,749 [ERROR] LogOutputStream:75 - [STDERR_REDIRECT] 
2025-06-25 21:19:48,746 [ERROR] LogOutputStream:75 - [STDERR_REDIRECT] [Fatal Error] :1:1: Premature end of file.
2025-06-25 21:19:48,746 [ERROR] LogOutputStream:75 - [STDERR_REDIRECT] 
2025-06-25 21:19:49,747 [ERROR] LogOutputStream:75 - [STDERR_REDIRECT] [Fatal Error] :1:1: Premature end of file.
2025-06-25 21:19:49,748 [ERROR] LogOutputStream:75 - [STDERR_REDIRECT] 
2025-06-25 21:19:50,758 [ERROR] LogOutputStream:75 - [STDERR_REDIRECT] [Fatal Error] :1:1: Premature end of file.
2025-06-25 21:19:50,759 [ERROR] LogOutputStream:75 - [STDERR_REDIRECT] 
2025-06-25 21:19:51,747 [ERROR] LogOutputStream:75 - [STDERR_REDIRECT] [Fatal Error] :1:1: Premature end of file.
2025-06-25 21:19:51,747 [ERROR] LogOutputStream:75 - [STDERR_REDIRECT] 
2025-06-25 21:19:52,761 [ERROR] LogOutputStream:75 - [STDERR_REDIRECT] [Fatal Error] :1:1: Premature end of file.
2025-06-25 21:19:52,761 [ERROR] LogOutputStream:75 - [STDERR_REDIRECT] 
2025-06-25 21:19:53,747 [ERROR] LogOutputStream:75 - [STDERR_REDIRECT] [Fatal Error] :1:1: Premature end of file.
2025-06-25 21:19:53,747 [ERROR] LogOutputStream:75 - [STDERR_REDIRECT] 
2025-06-25 21:19:54,749 [ERROR] LogOutputStream:75 - [STDERR_REDIRECT] [Fatal Error] :1:1: Premature end of file.
2025-06-25 21:19:54,749 [ERROR] LogOutputStream:75 - [STDERR_REDIRECT] 
2025-06-25 21:19:55,759 [ERROR] LogOutputStream:75 - [STDERR_REDIRECT] [Fatal Error] :1:1: Premature end of file.
2025-06-25 21:19:55,759 [ERROR] LogOutputStream:75 - [STDERR_REDIRECT] 
2025-06-25 21:19:56,753 [ERROR] LogOutputStream:75 - [STDERR_REDIRECT] [Fatal Error] :1:1: Premature end of file.
2025-06-25 21:19:56,753 [ERROR] LogOutputStream:75 - [STDERR_REDIRECT] 
2025-06-25 21:19:57,761 [ERROR] LogOutputStream:75 - [STDERR_REDIRECT] [Fatal Error] :1:1: Premature end of file.
2025-06-25 21:19:57,761 [ERROR] LogOutputStream:75 - [STDERR_REDIRECT] 
2025-06-25 21:19:58,757 [ERROR] LogOutputStream:75 - [STDERR_REDIRECT] [Fatal Error] :1:1: Premature end of file.
2025-06-25 21:19:58,757 [ERROR] LogOutputStream:75 - [STDERR_REDIRECT] 
2025-06-25 21:19:59,753 [ERROR] LogOutputStream:75 - [STDERR_REDIRECT] [Fatal Error] :1:1: Premature end of file.
2025-06-25 21:19:59,753 [ERROR] LogOutputStream:75 - [STDERR_REDIRECT] 
2025-06-25 21:20:00,747 [ERROR] LogOutputStream:75 - [STDERR_REDIRECT] [Fatal Error] :1:1: Premature end of file.
2025-06-25 21:20:00,747 [ERROR] LogOutputStream:75 - [STDERR_REDIRECT] 
2025-06-25 21:20:01,756 [ERROR] LogOutputStream:75 - [STDERR_REDIRECT] [Fatal Error] :1:1: Premature end of file.
2025-06-25 21:20:01,757 [ERROR] LogOutputStream:75 - [STDERR_REDIRECT] 
2025-06-25 21:20:02,749 [ERROR] LogOutputStream:75 - [STDERR_REDIRECT] [Fatal Error] :1:1: Premature end of file.
2025-06-25 21:20:02,749 [ERROR] LogOutputStream:75 - [STDERR_REDIRECT] 
2025-06-25 21:20:03,746 [ERROR] LogOutputStream:75 - [STDERR_REDIRECT] [Fatal Error] :1:1: Premature end of file.
2025-06-25 21:20:03,746 [ERROR] LogOutputStream:75 - [STDERR_REDIRECT] 
2025-06-25 21:20:04,757 [ERROR] LogOutputStream:75 - [STDERR_REDIRECT] [Fatal Error] :1:1: Premature end of file.
2025-06-25 21:20:04,758 [ERROR] LogOutputStream:75 - [STDERR_REDIRECT] 
2025-06-25 21:20:05,753 [ERROR] LogOutputStream:75 - [STDERR_REDIRECT] [Fatal Error] :1:1: Premature end of file.
2025-06-25 21:20:05,753 [ERROR] LogOutputStream:75 - [STDERR_REDIRECT] 
2025-06-25 21:20:06,746 [ERROR] LogOutputStream:75 - [STDERR_REDIRECT] [Fatal Error] :1:1: Premature end of file.
2025-06-25 21:20:06,748 [ERROR] LogOutputStream:75 - [STDERR_REDIRECT] 
2025-06-25 21:20:07,756 [ERROR] LogOutputStream:75 - [STDERR_REDIRECT] [Fatal Error] :1:1: Premature end of file.
2025-06-25 21:20:07,757 [ERROR] LogOutputStream:75 - [STDERR_REDIRECT] 
2025-06-25 21:20:08,752 [ERROR] LogOutputStream:75 - [STDERR_REDIRECT] [Fatal Error] :1:1: Premature end of file.
2025-06-25 21:20:08,752 [ERROR] LogOutputStream:75 - [STDERR_REDIRECT] 
2025-06-25 21:20:09,747 [ERROR] LogOutputStream:75 - [STDERR_REDIRECT] [Fatal Error] :1:1: Premature end of file.
2025-06-25 21:20:09,748 [ERROR] LogOutputStream:75 - [STDERR_REDIRECT] 
2025-06-25 21:20:10,759 [ERROR] LogOutputStream:75 - [STDERR_REDIRECT] [Fatal Error] :1:1: Premature end of file.
2025-06-25 21:20:10,759 [ERROR] LogOutputStream:75 - [STDERR_REDIRECT] 
2025-06-25 21:20:11,754 [ERROR] LogOutputStream:75 - [STDERR_REDIRECT] [Fatal Error] :1:1: Premature end of file.
2025-06-25 21:20:11,754 [ERROR] LogOutputStream:75 - [STDERR_REDIRECT] 
2025-06-25 21:20:12,749 [ERROR] LogOutputStream:75 - [STDERR_REDIRECT] [Fatal Error] :1:1: Premature end of file.
2025-06-25 21:20:12,750 [ERROR] LogOutputStream:75 - [STDERR_REDIRECT] 
2025-06-25 21:20:13,761 [ERROR] LogOutputStream:75 - [STDERR_REDIRECT] [Fatal Error] :1:1: Premature end of file.
2025-06-25 21:20:13,761 [ERROR] LogOutputStream:75 - [STDERR_REDIRECT] 
2025-06-25 21:20:14,755 [ERROR] LogOutputStream:75 - [STDERR_REDIRECT] [Fatal Error] :1:1: Premature end of file.
2025-06-25 21:20:14,755 [ERROR] LogOutputStream:75 - [STDERR_REDIRECT] 
2025-06-25 21:20:15,749 [ERROR] LogOutputStream:75 - [STDERR_REDIRECT] [Fatal Error] :1:1: Premature end of file.
2025-06-25 21:20:15,749 [ERROR] LogOutputStream:75 - [STDERR_REDIRECT] 
2025-06-25 21:20:16,757 [ERROR] LogOutputStream:75 - [STDERR_REDIRECT] [Fatal Error] :1:1: Premature end of file.
2025-06-25 21:20:16,757 [ERROR] LogOutputStream:75 - [STDERR_REDIRECT] 
2025-06-25 21:20:17,749 [ERROR] LogOutputStream:75 - [STDERR_REDIRECT] [Fatal Error] :1:1: Premature end of file.
2025-06-25 21:20:17,749 [ERROR] LogOutputStream:75 - [STDERR_REDIRECT] 
2025-06-25 21:20:18,755 [ERROR] LogOutputStream:75 - [STDERR_REDIRECT] [Fatal Error] :1:1: Premature end of file.
2025-06-25 21:20:18,756 [ERROR] LogOutputStream:75 - [STDERR_REDIRECT] 
2025-06-25 21:20:19,749 [ERROR] LogOutputStream:75 - [STDERR_REDIRECT] [Fatal Error] :1:1: Premature end of file.
2025-06-25 21:20:19,749 [ERROR] LogOutputStream:75 - [STDERR_REDIRECT] 
2025-06-25 21:20:20,757 [ERROR] LogOutputStream:75 - [STDERR_REDIRECT] [Fatal Error] :1:1: Premature end of file.
2025-06-25 21:20:20,757 [ERROR] LogOutputStream:75 - [STDERR_REDIRECT] 
2025-06-25 21:20:21,753 [ERROR] LogOutputStream:75 - [STDERR_REDIRECT] [Fatal Error] :1:1: Premature end of file.
2025-06-25 21:20:21,753 [ERROR] LogOutputStream:75 - [STDERR_REDIRECT] 
2025-06-25 21:20:22,746 [ERROR] LogOutputStream:75 - [STDERR_REDIRECT] [Fatal Error] :1:1: Premature end of file.
2025-06-25 21:20:22,746 [ERROR] LogOutputStream:75 - [STDERR_REDIRECT] 
2025-06-25 21:20:23,759 [ERROR] LogOutputStream:75 - [STDERR_REDIRECT] [Fatal Error] :1:1: Premature end of file.
2025-06-25 21:20:23,759 [ERROR] LogOutputStream:75 - [STDERR_REDIRECT] 
2025-06-25 21:20:24,748 [ERROR] LogOutputStream:75 - [STDERR_REDIRECT] [Fatal Error] :1:1: Premature end of file.
2025-06-25 21:20:24,748 [ERROR] LogOutputStream:75 - [STDERR_REDIRECT] 
2025-06-25 21:20:25,747 [ERROR] LogOutputStream:75 - [STDERR_REDIRECT] [Fatal Error] :1:1: Premature end of file.
2025-06-25 21:20:25,747 [ERROR] LogOutputStream:75 - [STDERR_REDIRECT] 
2025-06-25 21:20:26,747 [ERROR] LogOutputStream:75 - [STDERR_REDIRECT] [Fatal Error] :1:1: Premature end of file.
2025-06-25 21:20:26,747 [ERROR] LogOutputStream:75 - [STDERR_REDIRECT] 
2025-06-25 21:20:27,755 [ERROR] LogOutputStream:75 - [STDERR_REDIRECT] [Fatal Error] :1:1: Premature end of file.
2025-06-25 21:20:27,755 [ERROR] LogOutputStream:75 - [STDERR_REDIRECT] 
2025-06-25 21:20:28,748 [ERROR] LogOutputStream:75 - [STDERR_REDIRECT] [Fatal Error] :1:1: Premature end of file.
2025-06-25 21:20:28,748 [ERROR] LogOutputStream:75 - [STDERR_REDIRECT] 
2025-06-25 21:20:29,754 [ERROR] LogOutputStream:75 - [STDERR_REDIRECT] [Fatal Error] :1:1: Premature end of file.
2025-06-25 21:20:29,754 [ERROR] LogOutputStream:75 - [STDERR_REDIRECT] 
2025-06-25 21:20:30,748 [ERROR] LogOutputStream:75 - [STDERR_REDIRECT] [Fatal Error] :1:1: Premature end of file.
2025-06-25 21:20:30,748 [ERROR] LogOutputStream:75 - [STDERR_REDIRECT] 
2025-06-25 21:20:31,748 [ERROR] LogOutputStream:75 - [STDERR_REDIRECT] [Fatal Error] :1:1: Premature end of file.
2025-06-25 21:20:31,748 [ERROR] LogOutputStream:75 - [STDERR_REDIRECT] 
2025-06-25 21:20:32,753 [ERROR] LogOutputStream:75 - [STDERR_REDIRECT] [Fatal Error] :1:1: Premature end of file.
2025-06-25 21:20:32,753 [ERROR] LogOutputStream:75 - [STDERR_REDIRECT] 
2025-06-25 21:20:33,748 [ERROR] LogOutputStream:75 - [STDERR_REDIRECT] [Fatal Error] :1:1: Premature end of file.
2025-06-25 21:20:33,748 [ERROR] LogOutputStream:75 - [STDERR_REDIRECT] 
2025-06-25 21:20:34,757 [ERROR] LogOutputStream:75 - [STDERR_REDIRECT] [Fatal Error] :1:1: Premature end of file.
2025-06-25 21:20:34,757 [ERROR] LogOutputStream:75 - [STDERR_REDIRECT] 
2025-06-25 21:20:35,747 [ERROR] LogOutputStream:75 - [STDERR_REDIRECT] [Fatal Error] :1:1: Premature end of file.
2025-06-25 21:20:35,747 [ERROR] LogOutputStream:75 - [STDERR_REDIRECT] 
2025-06-25 21:20:36,746 [ERROR] LogOutputStream:75 - [STDERR_REDIRECT] [Fatal Error] :1:1: Premature end of file.
2025-06-25 21:20:36,746 [ERROR] LogOutputStream:75 - [STDERR_REDIRECT] 
2025-06-25 21:20:37,748 [ERROR] LogOutputStream:75 - [STDERR_REDIRECT] [Fatal Error] :1:1: Premature end of file.
2025-06-25 21:20:37,748 [ERROR] LogOutputStream:75 - [STDERR_REDIRECT] 
2025-06-25 21:20:38,749 [ERROR] LogOutputStream:75 - [STDERR_REDIRECT] [Fatal Error] :1:1: Premature end of file.
2025-06-25 21:20:38,749 [ERROR] LogOutputStream:75 - [STDERR_REDIRECT] 
2025-06-25 21:20:39,746 [ERROR] LogOutputStream:75 - [STDERR_REDIRECT] [Fatal Error] :1:1: Premature end of file.
2025-06-25 21:20:39,746 [ERROR] LogOutputStream:75 - [STDERR_REDIRECT] 
2025-06-25 21:20:40,749 [ERROR] LogOutputStream:75 - [STDERR_REDIRECT] [Fatal Error] :1:1: Premature end of file.
2025-06-25 21:20:40,749 [ERROR] LogOutputStream:75 - [STDERR_REDIRECT] 
2025-06-25 21:20:41,747 [ERROR] LogOutputStream:75 - [STDERR_REDIRECT] [Fatal Error] :1:1: Premature end of file.
2025-06-25 21:20:41,747 [ERROR] LogOutputStream:75 - [STDERR_REDIRECT] 
2025-06-25 21:20:42,747 [ERROR] LogOutputStream:75 - [STDERR_REDIRECT] [Fatal Error] :1:1: Premature end of file.
2025-06-25 21:20:42,747 [ERROR] LogOutputStream:75 - [STDERR_REDIRECT] 
2025-06-25 21:20:43,747 [ERROR] LogOutputStream:75 - [STDERR_REDIRECT] [Fatal Error] :1:1: Premature end of file.
2025-06-25 21:20:43,748 [ERROR] LogOutputStream:75 - [STDERR_REDIRECT] 
2025-06-25 21:20:44,756 [ERROR] LogOutputStream:75 - [STDERR_REDIRECT] [Fatal Error] :1:1: Premature end of file.
2025-06-25 21:20:44,756 [ERROR] LogOutputStream:75 - [STDERR_REDIRECT] 
2025-06-25 21:20:45,755 [ERROR] LogOutputStream:75 - [STDERR_REDIRECT] [Fatal Error] :1:1: Premature end of file.
2025-06-25 21:20:45,755 [ERROR] LogOutputStream:75 - [STDERR_REDIRECT] 
2025-06-25 21:20:46,750 [ERROR] LogOutputStream:75 - [STDERR_REDIRECT] [Fatal Error] :1:1: Premature end of file.
2025-06-25 21:20:46,750 [ERROR] LogOutputStream:75 - [STDERR_REDIRECT] 
2025-06-25 21:20:47,757 [ERROR] LogOutputStream:75 - [STDERR_REDIRECT] [Fatal Error] :1:1: Premature end of file.
2025-06-25 21:20:47,757 [ERROR] LogOutputStream:75 - [STDERR_REDIRECT] 
2025-06-25 21:20:48,747 [ERROR] LogOutputStream:75 - [STDERR_REDIRECT] [Fatal Error] :1:1: Premature end of file.
2025-06-25 21:20:48,749 [ERROR] LogOutputStream:75 - [STDERR_REDIRECT] 
2025-06-25 21:20:49,752 [ERROR] LogOutputStream:75 - [STDERR_REDIRECT] [Fatal Error] :1:1: Premature end of file.
2025-06-25 21:20:49,752 [ERROR] LogOutputStream:75 - [STDERR_REDIRECT] 
2025-06-25 21:20:50,748 [ERROR] LogOutputStream:75 - [STDERR_REDIRECT] [Fatal Error] :1:1: Premature end of file.
2025-06-25 21:20:50,748 [ERROR] LogOutputStream:75 - [STDERR_REDIRECT] 
2025-06-25 21:20:51,758 [ERROR] LogOutputStream:75 - [STDERR_REDIRECT] [Fatal Error] :1:1: Premature end of file.
2025-06-25 21:20:51,758 [ERROR] LogOutputStream:75 - [STDERR_REDIRECT] 
2025-06-25 21:20:52,750 [ERROR] LogOutputStream:75 - [STDERR_REDIRECT] [Fatal Error] :1:1: Premature end of file.
2025-06-25 21:20:52,750 [ERROR] LogOutputStream:75 - [STDERR_REDIRECT] 
2025-06-25 21:20:53,758 [ERROR] LogOutputStream:75 - [STDERR_REDIRECT] [Fatal Error] :1:1: Premature end of file.
2025-06-25 21:20:53,758 [ERROR] LogOutputStream:75 - [STDERR_REDIRECT] 
2025-06-25 21:20:54,752 [ERROR] LogOutputStream:75 - [STDERR_REDIRECT] [Fatal Error] :1:1: Premature end of file.
2025-06-25 21:20:54,752 [ERROR] LogOutputStream:75 - [STDERR_REDIRECT] 
2025-06-25 21:20:55,748 [ERROR] LogOutputStream:75 - [STDERR_REDIRECT] [Fatal Error] :1:1: Premature end of file.
2025-06-25 21:20:55,749 [ERROR] LogOutputStream:75 - [STDERR_REDIRECT] 
2025-06-25 21:20:56,746 [ERROR] LogOutputStream:75 - [STDERR_REDIRECT] [Fatal Error] :1:1: Premature end of file.
2025-06-25 21:20:56,747 [ERROR] LogOutputStream:75 - [STDERR_REDIRECT] 
2025-06-25 21:20:57,748 [ERROR] LogOutputStream:75 - [STDERR_REDIRECT] [Fatal Error] :1:1: Premature end of file.
2025-06-25 21:20:57,748 [ERROR] LogOutputStream:75 - [STDERR_REDIRECT] 
2025-06-25 21:20:58,757 [ERROR] LogOutputStream:75 - [STDERR_REDIRECT] [Fatal Error] :1:1: Premature end of file.
2025-06-25 21:20:58,757 [ERROR] LogOutputStream:75 - [STDERR_REDIRECT] 
2025-06-25 21:20:59,747 [ERROR] LogOutputStream:75 - [STDERR_REDIRECT] [Fatal Error] :1:1: Premature end of file.
2025-06-25 21:20:59,747 [ERROR] LogOutputStream:75 - [STDERR_REDIRECT] 
2025-06-25 21:21:00,747 [ERROR] LogOutputStream:75 - [STDERR_REDIRECT] [Fatal Error] :1:1: Premature end of file.
2025-06-25 21:21:00,747 [ERROR] LogOutputStream:75 - [STDERR_REDIRECT] 
2025-06-25 21:21:01,747 [ERROR] LogOutputStream:75 - [STDERR_REDIRECT] [Fatal Error] :1:1: Premature end of file.
2025-06-25 21:21:01,747 [ERROR] LogOutputStream:75 - [STDERR_REDIRECT] 
2025-06-25 21:21:02,748 [ERROR] LogOutputStream:75 - [STDERR_REDIRECT] [Fatal Error] :1:1: Premature end of file.
2025-06-25 21:21:02,749 [ERROR] LogOutputStream:75 - [STDERR_REDIRECT] 
2025-06-25 21:21:03,748 [ERROR] LogOutputStream:75 - [STDERR_REDIRECT] [Fatal Error] :1:1: Premature end of file.
2025-06-25 21:21:03,748 [ERROR] LogOutputStream:75 - [STDERR_REDIRECT] 
2025-06-25 21:21:04,751 [ERROR] LogOutputStream:75 - [STDERR_REDIRECT] [Fatal Error] :1:1: Premature end of file.
2025-06-25 21:21:04,751 [ERROR] LogOutputStream:75 - [STDERR_REDIRECT] 
2025-06-25 21:21:05,747 [ERROR] LogOutputStream:75 - [STDERR_REDIRECT] [Fatal Error] :1:1: Premature end of file.
2025-06-25 21:21:05,747 [ERROR] LogOutputStream:75 - [STDERR_REDIRECT] 
2025-06-25 21:21:06,750 [ERROR] LogOutputStream:75 - [STDERR_REDIRECT] [Fatal Error] :1:1: Premature end of file.
2025-06-25 21:21:06,750 [ERROR] LogOutputStream:75 - [STDERR_REDIRECT] 
2025-06-25 21:21:07,749 [ERROR] LogOutputStream:75 - [STDERR_REDIRECT] [Fatal Error] :1:1: Premature end of file.
2025-06-25 21:21:07,749 [ERROR] LogOutputStream:75 - [STDERR_REDIRECT] 
2025-06-25 21:21:08,747 [ERROR] LogOutputStream:75 - [STDERR_REDIRECT] [Fatal Error] :1:1: Premature end of file.
2025-06-25 21:21:08,747 [ERROR] LogOutputStream:75 - [STDERR_REDIRECT] 
2025-06-25 21:21:09,746 [ERROR] LogOutputStream:75 - [STDERR_REDIRECT] [Fatal Error] :1:1: Premature end of file.
2025-06-25 21:21:09,746 [ERROR] LogOutputStream:75 - [STDERR_REDIRECT] 
2025-06-25 21:21:10,748 [ERROR] LogOutputStream:75 - [STDERR_REDIRECT] [Fatal Error] :1:1: Premature end of file.
2025-06-25 21:21:10,748 [ERROR] LogOutputStream:75 - [STDERR_REDIRECT] 
2025-06-25 21:21:11,764 [ERROR] LogOutputStream:75 - [STDERR_REDIRECT] [Fatal Error] :1:1: Premature end of file.
2025-06-25 21:21:11,764 [ERROR] LogOutputStream:75 - [STDERR_REDIRECT] 
2025-06-25 21:21:12,747 [ERROR] LogOutputStream:75 - [STDERR_REDIRECT] [Fatal Error] :1:1: Premature end of file.
2025-06-25 21:21:12,747 [ERROR] LogOutputStream:75 - [STDERR_REDIRECT] 
2025-06-25 21:21:13,748 [ERROR] LogOutputStream:75 - [STDERR_REDIRECT] [Fatal Error] :1:1: Premature end of file.
2025-06-25 21:21:13,748 [ERROR] LogOutputStream:75 - [STDERR_REDIRECT] 
2025-06-25 21:21:14,747 [ERROR] LogOutputStream:75 - [STDERR_REDIRECT] [Fatal Error] :1:1: Premature end of file.
2025-06-25 21:21:14,748 [ERROR] LogOutputStream:75 - [STDERR_REDIRECT] 
2025-06-25 21:21:15,758 [ERROR] LogOutputStream:75 - [STDERR_REDIRECT] [Fatal Error] :1:1: Premature end of file.
2025-06-25 21:21:15,758 [ERROR] LogOutputStream:75 - [STDERR_REDIRECT] 
2025-06-25 21:21:16,747 [ERROR] LogOutputStream:75 - [STDERR_REDIRECT] [Fatal Error] :1:1: Premature end of file.
2025-06-25 21:21:16,747 [ERROR] LogOutputStream:75 - [STDERR_REDIRECT] 
2025-06-25 21:21:17,748 [ERROR] LogOutputStream:75 - [STDERR_REDIRECT] [Fatal Error] :1:1: Premature end of file.
2025-06-25 21:21:17,748 [ERROR] LogOutputStream:75 - [STDERR_REDIRECT] 
2025-06-25 21:21:18,746 [ERROR] LogOutputStream:75 - [STDERR_REDIRECT] [Fatal Error] :1:1: Premature end of file.
2025-06-25 21:21:18,746 [ERROR] LogOutputStream:75 - [STDERR_REDIRECT] 
2025-06-25 21:21:19,762 [ERROR] LogOutputStream:75 - [STDERR_REDIRECT] [Fatal Error] :1:1: Premature end of file.
2025-06-25 21:21:19,762 [ERROR] LogOutputStream:75 - [STDERR_REDIRECT] 
2025-06-25 21:21:20,747 [ERROR] LogOutputStream:75 - [STDERR_REDIRECT] [Fatal Error] :1:1: Premature end of file.
2025-06-25 21:21:20,747 [ERROR] LogOutputStream:75 - [STDERR_REDIRECT] 
2025-06-25 21:21:21,748 [ERROR] LogOutputStream:75 - [STDERR_REDIRECT] [Fatal Error] :1:1: Premature end of file.
2025-06-25 21:21:21,748 [ERROR] LogOutputStream:75 - [STDERR_REDIRECT] 
2025-06-25 21:21:22,751 [ERROR] LogOutputStream:75 - [STDERR_REDIRECT] [Fatal Error] :1:1: Premature end of file.
2025-06-25 21:21:22,751 [ERROR] LogOutputStream:75 - [STDERR_REDIRECT] 
2025-06-25 21:21:23,746 [ERROR] LogOutputStream:75 - [STDERR_REDIRECT] [Fatal Error] :1:1: Premature end of file.
2025-06-25 21:21:23,747 [ERROR] LogOutputStream:75 - [STDERR_REDIRECT] 
2025-06-25 21:21:24,747 [ERROR] LogOutputStream:75 - [STDERR_REDIRECT] [Fatal Error] :1:1: Premature end of file.
2025-06-25 21:21:24,747 [ERROR] LogOutputStream:75 - [STDERR_REDIRECT] 
2025-06-25 21:21:25,760 [ERROR] LogOutputStream:75 - [STDERR_REDIRECT] [Fatal Error] :1:1: Premature end of file.
2025-06-25 21:21:25,760 [ERROR] LogOutputStream:75 - [STDERR_REDIRECT] 
2025-06-25 21:21:26,747 [ERROR] LogOutputStream:75 - [STDERR_REDIRECT] [Fatal Error] :1:1: Premature end of file.
2025-06-25 21:21:26,747 [ERROR] LogOutputStream:75 - [STDERR_REDIRECT] 
2025-06-25 21:21:27,748 [ERROR] LogOutputStream:75 - [STDERR_REDIRECT] [Fatal Error] :1:1: Premature end of file.
2025-06-25 21:21:27,748 [ERROR] LogOutputStream:75 - [STDERR_REDIRECT] 
2025-06-25 21:21:28,755 [ERROR] LogOutputStream:75 - [STDERR_REDIRECT] [Fatal Error] :1:1: Premature end of file.
2025-06-25 21:21:28,755 [ERROR] LogOutputStream:75 - [STDERR_REDIRECT] 
2025-06-25 21:21:29,747 [ERROR] LogOutputStream:75 - [STDERR_REDIRECT] [Fatal Error] :1:1: Premature end of file.
2025-06-25 21:21:29,747 [ERROR] LogOutputStream:75 - [STDERR_REDIRECT] 
2025-06-25 21:21:30,748 [ERROR] LogOutputStream:75 - [STDERR_REDIRECT] [Fatal Error] :1:1: Premature end of file.
2025-06-25 21:21:30,748 [ERROR] LogOutputStream:75 - [STDERR_REDIRECT] 
2025-06-25 21:21:31,752 [ERROR] LogOutputStream:75 - [STDERR_REDIRECT] [Fatal Error] :1:1: Premature end of file.
2025-06-25 21:21:31,752 [ERROR] LogOutputStream:75 - [STDERR_REDIRECT] 
2025-06-25 21:21:32,746 [ERROR] LogOutputStream:75 - [STDERR_REDIRECT] [Fatal Error] :1:1: Premature end of file.
2025-06-25 21:21:32,746 [ERROR] LogOutputStream:75 - [STDERR_REDIRECT] 
2025-06-25 21:21:33,747 [ERROR] LogOutputStream:75 - [STDERR_REDIRECT] [Fatal Error] :1:1: Premature end of file.
2025-06-25 21:21:33,747 [ERROR] LogOutputStream:75 - [STDERR_REDIRECT] 
2025-06-25 21:21:34,757 [ERROR] LogOutputStream:75 - [STDERR_REDIRECT] [Fatal Error] :1:1: Premature end of file.
2025-06-25 21:21:34,757 [ERROR] LogOutputStream:75 - [STDERR_REDIRECT] 
2025-06-25 21:21:35,747 [ERROR] LogOutputStream:75 - [STDERR_REDIRECT] [Fatal Error] :1:1: Premature end of file.
2025-06-25 21:21:35,747 [ERROR] LogOutputStream:75 - [STDERR_REDIRECT] 
2025-06-25 21:21:36,747 [ERROR] LogOutputStream:75 - [STDERR_REDIRECT] [Fatal Error] :1:1: Premature end of file.
2025-06-25 21:21:36,747 [ERROR] LogOutputStream:75 - [STDERR_REDIRECT] 
2025-06-25 21:21:37,751 [ERROR] LogOutputStream:75 - [STDERR_REDIRECT] [Fatal Error] :1:1: Premature end of file.
2025-06-25 21:21:37,751 [ERROR] LogOutputStream:75 - [STDERR_REDIRECT] 
2025-06-25 21:21:38,747 [ERROR] LogOutputStream:75 - [STDERR_REDIRECT] [Fatal Error] :1:1: Premature end of file.
2025-06-25 21:21:38,747 [ERROR] LogOutputStream:75 - [STDERR_REDIRECT] 
2025-06-25 21:21:39,754 [ERROR] LogOutputStream:75 - [STDERR_REDIRECT] [Fatal Error] :1:1: Premature end of file.
2025-06-25 21:21:39,754 [ERROR] LogOutputStream:75 - [STDERR_REDIRECT] 
2025-06-25 21:21:40,748 [ERROR] LogOutputStream:75 - [STDERR_REDIRECT] [Fatal Error] :1:1: Premature end of file.
2025-06-25 21:21:40,748 [ERROR] LogOutputStream:75 - [STDERR_REDIRECT] 
2025-06-25 21:21:41,747 [ERROR] LogOutputStream:75 - [STDERR_REDIRECT] [Fatal Error] :1:1: Premature end of file.
2025-06-25 21:21:41,747 [ERROR] LogOutputStream:75 - [STDERR_REDIRECT] 
2025-06-25 21:21:42,745 [ERROR] LogOutputStream:75 - [STDERR_REDIRECT] [Fatal Error] :1:1: Premature end of file.
2025-06-25 21:21:42,745 [ERROR] LogOutputStream:75 - [STDERR_REDIRECT] 
2025-06-25 21:21:43,746 [ERROR] LogOutputStream:75 - [STDERR_REDIRECT] [Fatal Error] :1:1: Premature end of file.
2025-06-25 21:21:43,747 [ERROR] LogOutputStream:75 - [STDERR_REDIRECT] 
2025-06-25 21:21:44,748 [ERROR] LogOutputStream:75 - [STDERR_REDIRECT] [Fatal Error] :1:1: Premature end of file.
2025-06-25 21:21:44,748 [ERROR] LogOutputStream:75 - [STDERR_REDIRECT] 
2025-06-25 21:21:45,746 [ERROR] LogOutputStream:75 - [STDERR_REDIRECT] [Fatal Error] :1:1: Premature end of file.
2025-06-25 21:21:45,747 [ERROR] LogOutputStream:75 - [STDERR_REDIRECT] 
2025-06-25 21:21:46,748 [ERROR] LogOutputStream:75 - [STDERR_REDIRECT] [Fatal Error] :1:1: Premature end of file.
2025-06-25 21:21:46,748 [ERROR] LogOutputStream:75 - [STDERR_REDIRECT] 
2025-06-25 21:21:47,747 [ERROR] LogOutputStream:75 - [STDERR_REDIRECT] [Fatal Error] :1:1: Premature end of file.
2025-06-25 21:21:47,747 [ERROR] LogOutputStream:75 - [STDERR_REDIRECT] 
2025-06-25 21:21:48,757 [ERROR] LogOutputStream:75 - [STDERR_REDIRECT] [Fatal Error] :1:1: Premature end of file.
2025-06-25 21:21:48,757 [ERROR] LogOutputStream:75 - [STDERR_REDIRECT] 
2025-06-25 21:21:49,748 [ERROR] LogOutputStream:75 - [STDERR_REDIRECT] [Fatal Error] :1:1: Premature end of file.
2025-06-25 21:21:49,748 [ERROR] LogOutputStream:75 - [STDERR_REDIRECT] 
2025-06-25 21:21:50,747 [ERROR] LogOutputStream:75 - [STDERR_REDIRECT] [Fatal Error] :1:1: Premature end of file.
2025-06-25 21:21:50,748 [ERROR] LogOutputStream:75 - [STDERR_REDIRECT] 
2025-06-25 21:21:51,750 [ERROR] LogOutputStream:75 - [STDERR_REDIRECT] [Fatal Error] :1:1: Premature end of file.
2025-06-25 21:21:51,750 [ERROR] LogOutputStream:75 - [STDERR_REDIRECT] 
2025-06-25 21:21:52,745 [ERROR] LogOutputStream:75 - [STDERR_REDIRECT] [Fatal Error] :1:1: Premature end of file.
2025-06-25 21:21:52,745 [ERROR] LogOutputStream:75 - [STDERR_REDIRECT] 
2025-06-25 21:21:53,747 [ERROR] LogOutputStream:75 - [STDERR_REDIRECT] [Fatal Error] :1:1: Premature end of file.
2025-06-25 21:21:53,747 [ERROR] LogOutputStream:75 - [STDERR_REDIRECT] 
2025-06-25 21:21:54,760 [ERROR] LogOutputStream:75 - [STDERR_REDIRECT] [Fatal Error] :1:1: Premature end of file.
2025-06-25 21:21:54,761 [ERROR] LogOutputStream:75 - [STDERR_REDIRECT] 
2025-06-25 21:21:55,746 [ERROR] LogOutputStream:75 - [STDERR_REDIRECT] [Fatal Error] :1:1: Premature end of file.
2025-06-25 21:21:55,746 [ERROR] LogOutputStream:75 - [STDERR_REDIRECT] 
2025-06-25 21:21:56,760 [ERROR] LogOutputStream:75 - [STDERR_REDIRECT] [Fatal Error] :1:1: Premature end of file.
2025-06-25 21:21:56,760 [ERROR] LogOutputStream:75 - [STDERR_REDIRECT] 
2025-06-25 21:21:57,758 [ERROR] LogOutputStream:75 - [STDERR_REDIRECT] [Fatal Error] :1:1: Premature end of file.
2025-06-25 21:21:57,758 [ERROR] LogOutputStream:75 - [STDERR_REDIRECT] 
2025-06-25 21:21:58,749 [ERROR] LogOutputStream:75 - [STDERR_REDIRECT] [Fatal Error] :1:1: Premature end of file.
2025-06-25 21:21:58,749 [ERROR] LogOutputStream:75 - [STDERR_REDIRECT] 
2025-06-25 21:21:59,755 [ERROR] LogOutputStream:75 - [STDERR_REDIRECT] [Fatal Error] :1:1: Premature end of file.
2025-06-25 21:21:59,755 [ERROR] LogOutputStream:75 - [STDERR_REDIRECT] 
2025-06-25 21:22:00,761 [ERROR] LogOutputStream:75 - [STDERR_REDIRECT] [Fatal Error] :1:1: Premature end of file.
2025-06-25 21:22:00,761 [ERROR] LogOutputStream:75 - [STDERR_REDIRECT] 
2025-06-25 21:22:01,756 [ERROR] LogOutputStream:75 - [STDERR_REDIRECT] [Fatal Error] :1:1: Premature end of file.
2025-06-25 21:22:01,756 [ERROR] LogOutputStream:75 - [STDERR_REDIRECT] 
2025-06-25 21:22:02,755 [ERROR] LogOutputStream:75 - [STDERR_REDIRECT] [Fatal Error] :1:1: Premature end of file.
2025-06-25 21:22:02,755 [ERROR] LogOutputStream:75 - [STDERR_REDIRECT] 
2025-06-25 21:22:03,760 [ERROR] LogOutputStream:75 - [STDERR_REDIRECT] [Fatal Error] :1:1: Premature end of file.
2025-06-25 21:22:03,760 [ERROR] LogOutputStream:75 - [STDERR_REDIRECT] 
2025-06-25 21:22:04,752 [ERROR] LogOutputStream:75 - [STDERR_REDIRECT] [Fatal Error] :1:1: Premature end of file.
2025-06-25 21:22:04,752 [ERROR] LogOutputStream:75 - [STDERR_REDIRECT] 
2025-06-25 21:22:05,763 [ERROR] LogOutputStream:75 - [STDERR_REDIRECT] [Fatal Error] :1:1: Premature end of file.
2025-06-25 21:22:05,763 [ERROR] LogOutputStream:75 - [STDERR_REDIRECT] 
2025-06-25 21:22:06,757 [ERROR] LogOutputStream:75 - [STDERR_REDIRECT] [Fatal Error] :1:1: Premature end of file.
2025-06-25 21:22:06,757 [ERROR] LogOutputStream:75 - [STDERR_REDIRECT] 
2025-06-25 21:22:07,749 [ERROR] LogOutputStream:75 - [STDERR_REDIRECT] [Fatal Error] :1:1: Premature end of file.
2025-06-25 21:22:07,749 [ERROR] LogOutputStream:75 - [STDERR_REDIRECT] 
2025-06-25 21:22:08,751 [ERROR] LogOutputStream:75 - [STDERR_REDIRECT] [Fatal Error] :1:1: Premature end of file.
2025-06-25 21:22:08,751 [ERROR] LogOutputStream:75 - [STDERR_REDIRECT] 
2025-06-25 21:22:09,761 [ERROR] LogOutputStream:75 - [STDERR_REDIRECT] [Fatal Error] :1:1: Premature end of file.
2025-06-25 21:22:09,761 [ERROR] LogOutputStream:75 - [STDERR_REDIRECT] 
2025-06-25 21:22:10,754 [ERROR] LogOutputStream:75 - [STDERR_REDIRECT] [Fatal Error] :1:1: Premature end of file.
2025-06-25 21:22:10,754 [ERROR] LogOutputStream:75 - [STDERR_REDIRECT] 
2025-06-25 21:22:11,760 [ERROR] LogOutputStream:75 - [STDERR_REDIRECT] [Fatal Error] :1:1: Premature end of file.
2025-06-25 21:22:11,761 [ERROR] LogOutputStream:75 - [STDERR_REDIRECT] 
2025-06-25 21:22:12,755 [ERROR] LogOutputStream:75 - [STDERR_REDIRECT] [Fatal Error] :1:1: Premature end of file.
2025-06-25 21:22:12,755 [ERROR] LogOutputStream:75 - [STDERR_REDIRECT] 
2025-06-25 21:22:13,764 [ERROR] LogOutputStream:75 - [STDERR_REDIRECT] [Fatal Error] :1:1: Premature end of file.
2025-06-25 21:22:13,764 [ERROR] LogOutputStream:75 - [STDERR_REDIRECT] 
2025-06-25 21:22:14,756 [ERROR] LogOutputStream:75 - [STDERR_REDIRECT] [Fatal Error] :1:1: Premature end of file.
2025-06-25 21:22:14,756 [ERROR] LogOutputStream:75 - [STDERR_REDIRECT] 
2025-06-25 21:22:15,759 [ERROR] LogOutputStream:75 - [STDERR_REDIRECT] [Fatal Error] :1:1: Premature end of file.
2025-06-25 21:22:15,759 [ERROR] LogOutputStream:75 - [STDERR_REDIRECT] 
2025-06-25 21:22:16,753 [ERROR] LogOutputStream:75 - [STDERR_REDIRECT] [Fatal Error] :1:1: Premature end of file.
2025-06-25 21:22:16,753 [ERROR] LogOutputStream:75 - [STDERR_REDIRECT] 
2025-06-25 21:22:17,762 [ERROR] LogOutputStream:75 - [STDERR_REDIRECT] [Fatal Error] :1:1: Premature end of file.
2025-06-25 21:22:17,763 [ERROR] LogOutputStream:75 - [STDERR_REDIRECT] 
2025-06-25 21:22:18,754 [ERROR] LogOutputStream:75 - [STDERR_REDIRECT] [Fatal Error] :1:1: Premature end of file.
2025-06-25 21:22:18,754 [ERROR] LogOutputStream:75 - [STDERR_REDIRECT] 
2025-06-25 21:22:19,748 [ERROR] LogOutputStream:75 - [STDERR_REDIRECT] [Fatal Error] :1:1: Premature end of file.
2025-06-25 21:22:19,748 [ERROR] LogOutputStream:75 - [STDERR_REDIRECT] 
2025-06-25 21:22:20,755 [ERROR] LogOutputStream:75 - [STDERR_REDIRECT] [Fatal Error] :1:1: Premature end of file.
2025-06-25 21:22:20,755 [ERROR] LogOutputStream:75 - [STDERR_REDIRECT] 
2025-06-25 21:22:21,754 [ERROR] LogOutputStream:75 - [STDERR_REDIRECT] [Fatal Error] :1:1: Premature end of file.
2025-06-25 21:22:21,754 [ERROR] LogOutputStream:75 - [STDERR_REDIRECT] 
2025-06-25 21:22:22,760 [ERROR] LogOutputStream:75 - [STDERR_REDIRECT] [Fatal Error] :1:1: Premature end of file.
2025-06-25 21:22:22,760 [ERROR] LogOutputStream:75 - [STDERR_REDIRECT] 
2025-06-25 21:22:23,756 [ERROR] LogOutputStream:75 - [STDERR_REDIRECT] [Fatal Error] :1:1: Premature end of file.
2025-06-25 21:22:23,756 [ERROR] LogOutputStream:75 - [STDERR_REDIRECT] 
2025-06-25 21:22:24,762 [ERROR] LogOutputStream:75 - [STDERR_REDIRECT] [Fatal Error] :1:1: Premature end of file.
2025-06-25 21:22:24,763 [ERROR] LogOutputStream:75 - [STDERR_REDIRECT] 
2025-06-25 21:22:25,755 [ERROR] LogOutputStream:75 - [STDERR_REDIRECT] [Fatal Error] :1:1: Premature end of file.
2025-06-25 21:22:25,755 [ERROR] LogOutputStream:75 - [STDERR_REDIRECT] 
2025-06-25 21:22:26,751 [ERROR] LogOutputStream:75 - [STDERR_REDIRECT] [Fatal Error] :1:1: Premature end of file.
2025-06-25 21:22:26,751 [ERROR] LogOutputStream:75 - [STDERR_REDIRECT] 
2025-06-25 21:22:27,752 [ERROR] LogOutputStream:75 - [STDERR_REDIRECT] [Fatal Error] :1:1: Premature end of file.
2025-06-25 21:22:27,752 [ERROR] LogOutputStream:75 - [STDERR_REDIRECT] 
2025-06-25 21:22:28,749 [ERROR] LogOutputStream:75 - [STDERR_REDIRECT] [Fatal Error] :1:1: Premature end of file.
2025-06-25 21:22:28,750 [ERROR] LogOutputStream:75 - [STDERR_REDIRECT] 
2025-06-25 21:22:29,760 [ERROR] LogOutputStream:75 - [STDERR_REDIRECT] [Fatal Error] :1:1: Premature end of file.
2025-06-25 21:22:29,760 [ERROR] LogOutputStream:75 - [STDERR_REDIRECT] 
2025-06-25 21:22:30,752 [ERROR] LogOutputStream:75 - [STDERR_REDIRECT] [Fatal Error] :1:1: Premature end of file.
2025-06-25 21:22:30,752 [ERROR] LogOutputStream:75 - [STDERR_REDIRECT] 
2025-06-25 21:22:31,747 [ERROR] LogOutputStream:75 - [STDERR_REDIRECT] [Fatal Error] :1:1: Premature end of file.
2025-06-25 21:22:31,747 [ERROR] LogOutputStream:75 - [STDERR_REDIRECT] 
2025-06-25 21:22:32,758 [ERROR] LogOutputStream:75 - [STDERR_REDIRECT] [Fatal Error] :1:1: Premature end of file.
2025-06-25 21:22:32,759 [ERROR] LogOutputStream:75 - [STDERR_REDIRECT] 
2025-06-25 21:22:33,757 [ERROR] LogOutputStream:75 - [STDERR_REDIRECT] [Fatal Error] :1:1: Premature end of file.
2025-06-25 21:22:33,757 [ERROR] LogOutputStream:75 - [STDERR_REDIRECT] 
2025-06-25 21:22:34,753 [ERROR] LogOutputStream:75 - [STDERR_REDIRECT] [Fatal Error] :1:1: Premature end of file.
2025-06-25 21:22:34,753 [ERROR] LogOutputStream:75 - [STDERR_REDIRECT] 
2025-06-25 21:22:35,747 [ERROR] LogOutputStream:75 - [STDERR_REDIRECT] [Fatal Error] :1:1: Premature end of file.
2025-06-25 21:22:35,747 [ERROR] LogOutputStream:75 - [STDERR_REDIRECT] 
2025-06-25 21:22:36,759 [ERROR] LogOutputStream:75 - [STDERR_REDIRECT] [Fatal Error] :1:1: Premature end of file.
2025-06-25 21:22:36,759 [ERROR] LogOutputStream:75 - [STDERR_REDIRECT] 
2025-06-25 21:22:37,749 [ERROR] LogOutputStream:75 - [STDERR_REDIRECT] [Fatal Error] :1:1: Premature end of file.
2025-06-25 21:22:37,749 [ERROR] LogOutputStream:75 - [STDERR_REDIRECT] 
2025-06-25 21:22:38,762 [ERROR] LogOutputStream:75 - [STDERR_REDIRECT] [Fatal Error] :1:1: Premature end of file.
2025-06-25 21:22:38,762 [ERROR] LogOutputStream:75 - [STDERR_REDIRECT] 
2025-06-25 21:22:39,762 [ERROR] LogOutputStream:75 - [STDERR_REDIRECT] [Fatal Error] :1:1: Premature end of file.
2025-06-25 21:22:39,762 [ERROR] LogOutputStream:75 - [STDERR_REDIRECT] 
2025-06-25 21:22:40,756 [ERROR] LogOutputStream:75 - [STDERR_REDIRECT] [Fatal Error] :1:1: Premature end of file.
2025-06-25 21:22:40,757 [ERROR] LogOutputStream:75 - [STDERR_REDIRECT] 
2025-06-25 21:22:41,760 [ERROR] LogOutputStream:75 - [STDERR_REDIRECT] [Fatal Error] :1:1: Premature end of file.
2025-06-25 21:22:41,760 [ERROR] LogOutputStream:75 - [STDERR_REDIRECT] 
2025-06-25 21:22:42,756 [ERROR] LogOutputStream:75 - [STDERR_REDIRECT] [Fatal Error] :1:1: Premature end of file.
2025-06-25 21:22:42,756 [ERROR] LogOutputStream:75 - [STDERR_REDIRECT] 
2025-06-25 21:22:43,752 [ERROR] LogOutputStream:75 - [STDERR_REDIRECT] [Fatal Error] :1:1: Premature end of file.
2025-06-25 21:22:43,752 [ERROR] LogOutputStream:75 - [STDERR_REDIRECT] 
2025-06-25 21:22:44,749 [ERROR] LogOutputStream:75 - [STDERR_REDIRECT] [Fatal Error] :1:1: Premature end of file.
2025-06-25 21:22:44,749 [ERROR] LogOutputStream:75 - [STDERR_REDIRECT] 
2025-06-25 21:22:45,754 [ERROR] LogOutputStream:75 - [STDERR_REDIRECT] [Fatal Error] :1:1: Premature end of file.
2025-06-25 21:22:45,755 [ERROR] LogOutputStream:75 - [STDERR_REDIRECT] 
2025-06-25 21:22:46,751 [ERROR] LogOutputStream:75 - [STDERR_REDIRECT] [Fatal Error] :1:1: Premature end of file.
2025-06-25 21:22:46,751 [ERROR] LogOutputStream:75 - [STDERR_REDIRECT] 
2025-06-25 21:22:47,761 [ERROR] LogOutputStream:75 - [STDERR_REDIRECT] [Fatal Error] :1:1: Premature end of file.
2025-06-25 21:22:47,761 [ERROR] LogOutputStream:75 - [STDERR_REDIRECT] 
2025-06-25 21:22:48,749 [ERROR] LogOutputStream:75 - [STDERR_REDIRECT] [Fatal Error] :1:1: Premature end of file.
2025-06-25 21:22:48,749 [ERROR] LogOutputStream:75 - [STDERR_REDIRECT] 
2025-06-25 21:22:49,758 [ERROR] LogOutputStream:75 - [STDERR_REDIRECT] [Fatal Error] :1:1: Premature end of file.
2025-06-25 21:22:49,758 [ERROR] LogOutputStream:75 - [STDERR_REDIRECT] 
2025-06-25 21:22:50,752 [ERROR] LogOutputStream:75 - [STDERR_REDIRECT] [Fatal Error] :1:1: Premature end of file.
2025-06-25 21:22:50,752 [ERROR] LogOutputStream:75 - [STDERR_REDIRECT] 
2025-06-25 21:22:51,758 [ERROR] LogOutputStream:75 - [STDERR_REDIRECT] [Fatal Error] :1:1: Premature end of file.
2025-06-25 21:22:51,758 [ERROR] LogOutputStream:75 - [STDERR_REDIRECT] 
2025-06-25 21:22:52,759 [ERROR] LogOutputStream:75 - [STDERR_REDIRECT] [Fatal Error] :1:1: Premature end of file.
2025-06-25 21:22:52,759 [ERROR] LogOutputStream:75 - [STDERR_REDIRECT] 
2025-06-25 21:22:53,749 [ERROR] LogOutputStream:75 - [STDERR_REDIRECT] [Fatal Error] :1:1: Premature end of file.
2025-06-25 21:22:53,749 [ERROR] LogOutputStream:75 - [STDERR_REDIRECT] 
2025-06-25 21:22:54,748 [ERROR] LogOutputStream:75 - [STDERR_REDIRECT] [Fatal Error] :1:1: Premature end of file.
2025-06-25 21:22:54,748 [ERROR] LogOutputStream:75 - [STDERR_REDIRECT] 
2025-06-25 21:22:55,760 [ERROR] LogOutputStream:75 - [STDERR_REDIRECT] [Fatal Error] :1:1: Premature end of file.
2025-06-25 21:22:55,760 [ERROR] LogOutputStream:75 - [STDERR_REDIRECT] 
2025-06-25 21:22:56,749 [ERROR] LogOutputStream:75 - [STDERR_REDIRECT] [Fatal Error] :1:1: Premature end of file.
2025-06-25 21:22:56,749 [ERROR] LogOutputStream:75 - [STDERR_REDIRECT] 
2025-06-25 21:22:57,761 [ERROR] LogOutputStream:75 - [STDERR_REDIRECT] [Fatal Error] :1:1: Premature end of file.
2025-06-25 21:22:57,761 [ERROR] LogOutputStream:75 - [STDERR_REDIRECT] 
2025-06-25 21:22:58,759 [ERROR] LogOutputStream:75 - [STDERR_REDIRECT] [Fatal Error] :1:1: Premature end of file.
2025-06-25 21:22:58,759 [ERROR] LogOutputStream:75 - [STDERR_REDIRECT] 
2025-06-25 21:22:59,751 [ERROR] LogOutputStream:75 - [STDERR_REDIRECT] [Fatal Error] :1:1: Premature end of file.
2025-06-25 21:22:59,751 [ERROR] LogOutputStream:75 - [STDERR_REDIRECT] 
2025-06-25 21:23:00,747 [ERROR] LogOutputStream:75 - [STDERR_REDIRECT] [Fatal Error] :1:1: Premature end of file.
2025-06-25 21:23:00,748 [ERROR] LogOutputStream:75 - [STDERR_REDIRECT] 
2025-06-25 21:23:01,760 [ERROR] LogOutputStream:75 - [STDERR_REDIRECT] [Fatal Error] :1:1: Premature end of file.
2025-06-25 21:23:01,760 [ERROR] LogOutputStream:75 - [STDERR_REDIRECT] 
2025-06-25 21:23:02,754 [ERROR] LogOutputStream:75 - [STDERR_REDIRECT] [Fatal Error] :1:1: Premature end of file.
2025-06-25 21:23:02,754 [ERROR] LogOutputStream:75 - [STDERR_REDIRECT] 
2025-06-25 21:23:03,748 [ERROR] LogOutputStream:75 - [STDERR_REDIRECT] [Fatal Error] :1:1: Premature end of file.
2025-06-25 21:23:03,748 [ERROR] LogOutputStream:75 - [STDERR_REDIRECT] 
2025-06-25 21:23:04,755 [ERROR] LogOutputStream:75 - [STDERR_REDIRECT] [Fatal Error] :1:1: Premature end of file.
2025-06-25 21:23:04,755 [ERROR] LogOutputStream:75 - [STDERR_REDIRECT] 
2025-06-25 21:23:05,751 [ERROR] LogOutputStream:75 - [STDERR_REDIRECT] [Fatal Error] :1:1: Premature end of file.
2025-06-25 21:23:05,751 [ERROR] LogOutputStream:75 - [STDERR_REDIRECT] 
2025-06-25 21:23:06,748 [ERROR] LogOutputStream:75 - [STDERR_REDIRECT] [Fatal Error] :1:1: Premature end of file.
2025-06-25 21:23:06,748 [ERROR] LogOutputStream:75 - [STDERR_REDIRECT] 
2025-06-25 21:23:07,753 [ERROR] LogOutputStream:75 - [STDERR_REDIRECT] [Fatal Error] :1:1: Premature end of file.
2025-06-25 21:23:07,753 [ERROR] LogOutputStream:75 - [STDERR_REDIRECT] 
2025-06-25 21:23:08,748 [ERROR] LogOutputStream:75 - [STDERR_REDIRECT] [Fatal Error] :1:1: Premature end of file.
2025-06-25 21:23:08,748 [ERROR] LogOutputStream:75 - [STDERR_REDIRECT] 
2025-06-25 21:23:09,759 [ERROR] LogOutputStream:75 - [STDERR_REDIRECT] [Fatal Error] :1:1: Premature end of file.
2025-06-25 21:23:09,759 [ERROR] LogOutputStream:75 - [STDERR_REDIRECT] 
2025-06-25 21:23:10,754 [ERROR] LogOutputStream:75 - [STDERR_REDIRECT] [Fatal Error] :1:1: Premature end of file.
2025-06-25 21:23:10,754 [ERROR] LogOutputStream:75 - [STDERR_REDIRECT] 
2025-06-25 21:23:11,749 [ERROR] LogOutputStream:75 - [STDERR_REDIRECT] [Fatal Error] :1:1: Premature end of file.
2025-06-25 21:23:11,749 [ERROR] LogOutputStream:75 - [STDERR_REDIRECT] 
2025-06-25 21:23:12,758 [ERROR] LogOutputStream:75 - [STDERR_REDIRECT] [Fatal Error] :1:1: Premature end of file.
2025-06-25 21:23:12,759 [ERROR] LogOutputStream:75 - [STDERR_REDIRECT] 
2025-06-25 21:23:13,752 [ERROR] LogOutputStream:75 - [STDERR_REDIRECT] [Fatal Error] :1:1: Premature end of file.
2025-06-25 21:23:13,752 [ERROR] LogOutputStream:75 - [STDERR_REDIRECT] 
2025-06-25 21:23:14,760 [ERROR] LogOutputStream:75 - [STDERR_REDIRECT] [Fatal Error] :1:1: Premature end of file.
2025-06-25 21:23:14,760 [ERROR] LogOutputStream:75 - [STDERR_REDIRECT] 
2025-06-25 21:23:15,754 [ERROR] LogOutputStream:75 - [STDERR_REDIRECT] [Fatal Error] :1:1: Premature end of file.
2025-06-25 21:23:15,754 [ERROR] LogOutputStream:75 - [STDERR_REDIRECT] 
2025-06-25 21:23:16,752 [ERROR] LogOutputStream:75 - [STDERR_REDIRECT] [Fatal Error] :1:1: Premature end of file.
2025-06-25 21:23:16,752 [ERROR] LogOutputStream:75 - [STDERR_REDIRECT] 
2025-06-25 21:23:17,761 [ERROR] LogOutputStream:75 - [STDERR_REDIRECT] [Fatal Error] :1:1: Premature end of file.
2025-06-25 21:23:17,761 [ERROR] LogOutputStream:75 - [STDERR_REDIRECT] 
2025-06-25 21:23:18,753 [ERROR] LogOutputStream:75 - [STDERR_REDIRECT] [Fatal Error] :1:1: Premature end of file.
2025-06-25 21:23:18,753 [ERROR] LogOutputStream:75 - [STDERR_REDIRECT] 
2025-06-25 21:23:19,749 [ERROR] LogOutputStream:75 - [STDERR_REDIRECT] [Fatal Error] :1:1: Premature end of file.
2025-06-25 21:23:19,749 [ERROR] LogOutputStream:75 - [STDERR_REDIRECT] 
2025-06-25 21:23:20,759 [ERROR] LogOutputStream:75 - [STDERR_REDIRECT] [Fatal Error] :1:1: Premature end of file.
2025-06-25 21:23:20,759 [ERROR] LogOutputStream:75 - [STDERR_REDIRECT] 
2025-06-25 21:23:21,750 [ERROR] LogOutputStream:75 - [STDERR_REDIRECT] [Fatal Error] :1:1: Premature end of file.
2025-06-25 21:23:21,750 [ERROR] LogOutputStream:75 - [STDERR_REDIRECT] 
2025-06-25 21:23:22,758 [ERROR] LogOutputStream:75 - [STDERR_REDIRECT] [Fatal Error] :1:1: Premature end of file.
2025-06-25 21:23:22,759 [ERROR] LogOutputStream:75 - [STDERR_REDIRECT] 
2025-06-25 21:23:23,753 [ERROR] LogOutputStream:75 - [STDERR_REDIRECT] [Fatal Error] :1:1: Premature end of file.
2025-06-25 21:23:23,755 [ERROR] LogOutputStream:75 - [STDERR_REDIRECT] 
2025-06-25 21:23:24,752 [ERROR] LogOutputStream:75 - [STDERR_REDIRECT] [Fatal Error] :1:1: Premature end of file.
2025-06-25 21:23:24,753 [ERROR] LogOutputStream:75 - [STDERR_REDIRECT] 
2025-06-25 21:23:25,762 [ERROR] LogOutputStream:75 - [STDERR_REDIRECT] [Fatal Error] :1:1: Premature end of file.
2025-06-25 21:23:25,762 [ERROR] LogOutputStream:75 - [STDERR_REDIRECT] 
2025-06-25 21:23:26,756 [ERROR] LogOutputStream:75 - [STDERR_REDIRECT] [Fatal Error] :1:1: Premature end of file.
2025-06-25 21:23:26,756 [ERROR] LogOutputStream:75 - [STDERR_REDIRECT] 
2025-06-25 21:23:27,751 [ERROR] LogOutputStream:75 - [STDERR_REDIRECT] [Fatal Error] :1:1: Premature end of file.
2025-06-25 21:23:27,751 [ERROR] LogOutputStream:75 - [STDERR_REDIRECT] 
2025-06-25 21:23:28,759 [ERROR] LogOutputStream:75 - [STDERR_REDIRECT] [Fatal Error] :1:1: Premature end of file.
2025-06-25 21:23:28,759 [ERROR] LogOutputStream:75 - [STDERR_REDIRECT] 
2025-06-25 21:23:29,755 [ERROR] LogOutputStream:75 - [STDERR_REDIRECT] [Fatal Error] :1:1: Premature end of file.
2025-06-25 21:23:29,755 [ERROR] LogOutputStream:75 - [STDERR_REDIRECT] 
2025-06-25 21:23:30,748 [ERROR] LogOutputStream:75 - [STDERR_REDIRECT] [Fatal Error] :1:1: Premature end of file.
2025-06-25 21:23:30,748 [ERROR] LogOutputStream:75 - [STDERR_REDIRECT] 
2025-06-25 21:23:31,757 [ERROR] LogOutputStream:75 - [STDERR_REDIRECT] [Fatal Error] :1:1: Premature end of file.
2025-06-25 21:23:31,757 [ERROR] LogOutputStream:75 - [STDERR_REDIRECT] 
2025-06-25 21:23:32,757 [ERROR] LogOutputStream:75 - [STDERR_REDIRECT] [Fatal Error] :1:1: Premature end of file.
2025-06-25 21:23:32,757 [ERROR] LogOutputStream:75 - [STDERR_REDIRECT] 
2025-06-25 21:23:33,754 [ERROR] LogOutputStream:75 - [STDERR_REDIRECT] [Fatal Error] :1:1: Premature end of file.
2025-06-25 21:23:33,754 [ERROR] LogOutputStream:75 - [STDERR_REDIRECT] 
2025-06-25 21:23:34,757 [ERROR] LogOutputStream:75 - [STDERR_REDIRECT] [Fatal Error] :1:1: Premature end of file.
2025-06-25 21:23:34,757 [ERROR] LogOutputStream:75 - [STDERR_REDIRECT] 
2025-06-25 21:23:35,758 [ERROR] LogOutputStream:75 - [STDERR_REDIRECT] [Fatal Error] :1:1: Premature end of file.
2025-06-25 21:23:35,758 [ERROR] LogOutputStream:75 - [STDERR_REDIRECT] 
2025-06-25 21:23:36,748 [ERROR] LogOutputStream:75 - [STDERR_REDIRECT] [Fatal Error] :1:1: Premature end of file.
2025-06-25 21:23:36,748 [ERROR] LogOutputStream:75 - [STDERR_REDIRECT] 
2025-06-25 21:23:37,759 [ERROR] LogOutputStream:75 - [STDERR_REDIRECT] [Fatal Error] :1:1: Premature end of file.
2025-06-25 21:23:37,759 [ERROR] LogOutputStream:75 - [STDERR_REDIRECT] 
2025-06-25 21:23:38,751 [ERROR] LogOutputStream:75 - [STDERR_REDIRECT] [Fatal Error] :1:1: Premature end of file.
2025-06-25 21:23:38,751 [ERROR] LogOutputStream:75 - [STDERR_REDIRECT] 
2025-06-25 21:23:39,758 [ERROR] LogOutputStream:75 - [STDERR_REDIRECT] [Fatal Error] :1:1: Premature end of file.
2025-06-25 21:23:39,758 [ERROR] LogOutputStream:75 - [STDERR_REDIRECT] 
2025-06-25 21:23:40,754 [ERROR] LogOutputStream:75 - [STDERR_REDIRECT] [Fatal Error] :1:1: Premature end of file.
2025-06-25 21:23:40,754 [ERROR] LogOutputStream:75 - [STDERR_REDIRECT] 
2025-06-25 21:23:41,762 [ERROR] LogOutputStream:75 - [STDERR_REDIRECT] [Fatal Error] :1:1: Premature end of file.
2025-06-25 21:23:41,762 [ERROR] LogOutputStream:75 - [STDERR_REDIRECT] 
2025-06-25 21:23:42,752 [ERROR] LogOutputStream:75 - [STDERR_REDIRECT] [Fatal Error] :1:1: Premature end of file.
2025-06-25 21:23:42,752 [ERROR] LogOutputStream:75 - [STDERR_REDIRECT] 
2025-06-25 21:23:43,747 [ERROR] LogOutputStream:75 - [STDERR_REDIRECT] [Fatal Error] :1:1: Premature end of file.
2025-06-25 21:23:43,747 [ERROR] LogOutputStream:75 - [STDERR_REDIRECT] 
2025-06-25 21:23:44,755 [ERROR] LogOutputStream:75 - [STDERR_REDIRECT] [Fatal Error] :1:1: Premature end of file.
2025-06-25 21:23:44,755 [ERROR] LogOutputStream:75 - [STDERR_REDIRECT] 
2025-06-25 21:23:45,750 [ERROR] LogOutputStream:75 - [STDERR_REDIRECT] [Fatal Error] :1:1: Premature end of file.
2025-06-25 21:23:45,750 [ERROR] LogOutputStream:75 - [STDERR_REDIRECT] 
2025-06-25 21:23:46,759 [ERROR] LogOutputStream:75 - [STDERR_REDIRECT] [Fatal Error] :1:1: Premature end of file.
2025-06-25 21:23:46,759 [ERROR] LogOutputStream:75 - [STDERR_REDIRECT] 
2025-06-25 21:23:47,751 [ERROR] LogOutputStream:75 - [STDERR_REDIRECT] [Fatal Error] :1:1: Premature end of file.
2025-06-25 21:23:47,751 [ERROR] LogOutputStream:75 - [STDERR_REDIRECT] 
2025-06-25 21:23:48,761 [ERROR] LogOutputStream:75 - [STDERR_REDIRECT] [Fatal Error] :1:1: Premature end of file.
2025-06-25 21:23:48,761 [ERROR] LogOutputStream:75 - [STDERR_REDIRECT] 
2025-06-25 21:23:49,758 [ERROR] LogOutputStream:75 - [STDERR_REDIRECT] [Fatal Error] :1:1: Premature end of file.
2025-06-25 21:23:49,758 [ERROR] LogOutputStream:75 - [STDERR_REDIRECT] 
2025-06-25 21:23:50,751 [ERROR] LogOutputStream:75 - [STDERR_REDIRECT] [Fatal Error] :1:1: Premature end of file.
2025-06-25 21:23:50,751 [ERROR] LogOutputStream:75 - [STDERR_REDIRECT] 
2025-06-25 21:23:51,762 [ERROR] LogOutputStream:75 - [STDERR_REDIRECT] [Fatal Error] :1:1: Premature end of file.
2025-06-25 21:23:51,762 [ERROR] LogOutputStream:75 - [STDERR_REDIRECT] 
2025-06-25 21:23:52,761 [ERROR] LogOutputStream:75 - [STDERR_REDIRECT] [Fatal Error] :1:1: Premature end of file.
2025-06-25 21:23:52,761 [ERROR] LogOutputStream:75 - [STDERR_REDIRECT] 
2025-06-25 21:23:53,759 [ERROR] LogOutputStream:75 - [STDERR_REDIRECT] [Fatal Error] :1:1: Premature end of file.
2025-06-25 21:23:53,759 [ERROR] LogOutputStream:75 - [STDERR_REDIRECT] 
2025-06-25 21:23:54,756 [ERROR] LogOutputStream:75 - [STDERR_REDIRECT] [Fatal Error] :1:1: Premature end of file.
2025-06-25 21:23:54,756 [ERROR] LogOutputStream:75 - [STDERR_REDIRECT] 
2025-06-25 21:23:55,753 [ERROR] LogOutputStream:75 - [STDERR_REDIRECT] [Fatal Error] :1:1: Premature end of file.
2025-06-25 21:23:55,753 [ERROR] LogOutputStream:75 - [STDERR_REDIRECT] 
2025-06-25 21:23:56,747 [ERROR] LogOutputStream:75 - [STDERR_REDIRECT] [Fatal Error] :1:1: Premature end of file.
2025-06-25 21:23:56,747 [ERROR] LogOutputStream:75 - [STDERR_REDIRECT] 
2025-06-25 21:23:57,761 [ERROR] LogOutputStream:75 - [STDERR_REDIRECT] [Fatal Error] :1:1: Premature end of file.
2025-06-25 21:23:57,761 [ERROR] LogOutputStream:75 - [STDERR_REDIRECT] 
2025-06-25 21:23:58,754 [ERROR] LogOutputStream:75 - [STDERR_REDIRECT] [Fatal Error] :1:1: Premature end of file.
2025-06-25 21:23:58,754 [ERROR] LogOutputStream:75 - [STDERR_REDIRECT] 
2025-06-25 21:23:59,752 [ERROR] LogOutputStream:75 - [STDERR_REDIRECT] [Fatal Error] :1:1: Premature end of file.
2025-06-25 21:23:59,752 [ERROR] LogOutputStream:75 - [STDERR_REDIRECT] 
2025-06-25 21:24:00,748 [ERROR] LogOutputStream:75 - [STDERR_REDIRECT] [Fatal Error] :1:1: Premature end of file.
2025-06-25 21:24:00,748 [ERROR] LogOutputStream:75 - [STDERR_REDIRECT] 
2025-06-25 21:24:01,746 [ERROR] LogOutputStream:75 - [STDERR_REDIRECT] [Fatal Error] :1:1: Premature end of file.
2025-06-25 21:24:01,746 [ERROR] LogOutputStream:75 - [STDERR_REDIRECT] 
2025-06-25 21:24:02,748 [ERROR] LogOutputStream:75 - [STDERR_REDIRECT] [Fatal Error] :1:1: Premature end of file.
2025-06-25 21:24:02,749 [ERROR] LogOutputStream:75 - [STDERR_REDIRECT] 
2025-06-25 21:24:03,749 [ERROR] LogOutputStream:75 - [STDERR_REDIRECT] [Fatal Error] :1:1: Premature end of file.
2025-06-25 21:24:03,749 [ERROR] LogOutputStream:75 - [STDERR_REDIRECT] 
2025-06-25 21:24:04,746 [ERROR] LogOutputStream:75 - [STDERR_REDIRECT] [Fatal Error] :1:1: Premature end of file.
2025-06-25 21:24:04,746 [ERROR] LogOutputStream:75 - [STDERR_REDIRECT] 
2025-06-25 21:24:05,748 [ERROR] LogOutputStream:75 - [STDERR_REDIRECT] [Fatal Error] :1:1: Premature end of file.
2025-06-25 21:24:05,748 [ERROR] LogOutputStream:75 - [STDERR_REDIRECT] 
2025-06-25 21:24:06,762 [ERROR] LogOutputStream:75 - [STDERR_REDIRECT] [Fatal Error] :1:1: Premature end of file.
2025-06-25 21:24:06,762 [ERROR] LogOutputStream:75 - [STDERR_REDIRECT] 
2025-06-25 21:24:07,748 [ERROR] LogOutputStream:75 - [STDERR_REDIRECT] [Fatal Error] :1:1: Premature end of file.
2025-06-25 21:24:07,748 [ERROR] LogOutputStream:75 - [STDERR_REDIRECT] 
2025-06-25 21:24:08,763 [ERROR] LogOutputStream:75 - [STDERR_REDIRECT] [Fatal Error] :1:1: Premature end of file.
2025-06-25 21:24:08,763 [ERROR] LogOutputStream:75 - [STDERR_REDIRECT] 
2025-06-25 21:24:09,749 [ERROR] LogOutputStream:75 - [STDERR_REDIRECT] [Fatal Error] :1:1: Premature end of file.
2025-06-25 21:24:09,749 [ERROR] LogOutputStream:75 - [STDERR_REDIRECT] 
2025-06-25 21:24:10,747 [ERROR] LogOutputStream:75 - [STDERR_REDIRECT] [Fatal Error] :1:1: Premature end of file.
2025-06-25 21:24:10,747 [ERROR] LogOutputStream:75 - [STDERR_REDIRECT] 
2025-06-25 21:24:11,759 [ERROR] LogOutputStream:75 - [STDERR_REDIRECT] [Fatal Error] :1:1: Premature end of file.
2025-06-25 21:24:11,759 [ERROR] LogOutputStream:75 - [STDERR_REDIRECT] 
2025-06-25 21:24:12,747 [ERROR] LogOutputStream:75 - [STDERR_REDIRECT] [Fatal Error] :1:1: Premature end of file.
2025-06-25 21:24:12,747 [ERROR] LogOutputStream:75 - [STDERR_REDIRECT] 
2025-06-25 21:24:13,765 [ERROR] LogOutputStream:75 - [STDERR_REDIRECT] [Fatal Error] :1:1: Premature end of file.
2025-06-25 21:24:13,765 [ERROR] LogOutputStream:75 - [STDERR_REDIRECT] 
2025-06-25 21:24:14,747 [ERROR] LogOutputStream:75 - [STDERR_REDIRECT] [Fatal Error] :1:1: Premature end of file.
2025-06-25 21:24:14,747 [ERROR] LogOutputStream:75 - [STDERR_REDIRECT] 
2025-06-25 21:24:15,748 [ERROR] LogOutputStream:75 - [STDERR_REDIRECT] [Fatal Error] :1:1: Premature end of file.
2025-06-25 21:24:15,748 [ERROR] LogOutputStream:75 - [STDERR_REDIRECT] 
2025-06-25 21:24:16,757 [ERROR] LogOutputStream:75 - [STDERR_REDIRECT] [Fatal Error] :1:1: Premature end of file.
2025-06-25 21:24:16,759 [ERROR] LogOutputStream:75 - [STDERR_REDIRECT] 
2025-06-25 21:24:17,746 [ERROR] LogOutputStream:75 - [STDERR_REDIRECT] [Fatal Error] :1:1: Premature end of file.
2025-06-25 21:24:17,746 [ERROR] LogOutputStream:75 - [STDERR_REDIRECT] 
2025-06-25 21:24:18,748 [ERROR] LogOutputStream:75 - [STDERR_REDIRECT] [Fatal Error] :1:1: Premature end of file.
2025-06-25 21:24:18,748 [ERROR] LogOutputStream:75 - [STDERR_REDIRECT] 
2025-06-25 21:24:19,757 [ERROR] LogOutputStream:75 - [STDERR_REDIRECT] [Fatal Error] :1:1: Premature end of file.
2025-06-25 21:24:19,757 [ERROR] LogOutputStream:75 - [STDERR_REDIRECT] 
2025-06-25 21:24:20,748 [ERROR] LogOutputStream:75 - [STDERR_REDIRECT] [Fatal Error] :1:1: Premature end of file.
2025-06-25 21:24:20,748 [ERROR] LogOutputStream:75 - [STDERR_REDIRECT] 
2025-06-25 21:24:21,751 [ERROR] LogOutputStream:75 - [STDERR_REDIRECT] [Fatal Error] :1:1: Premature end of file.
2025-06-25 21:24:21,751 [ERROR] LogOutputStream:75 - [STDERR_REDIRECT] 
2025-06-25 21:24:22,748 [ERROR] LogOutputStream:75 - [STDERR_REDIRECT] [Fatal Error] :1:1: Premature end of file.
2025-06-25 21:24:22,748 [ERROR] LogOutputStream:75 - [STDERR_REDIRECT] 
2025-06-25 21:24:23,753 [ERROR] LogOutputStream:75 - [STDERR_REDIRECT] [Fatal Error] :1:1: Premature end of file.
2025-06-25 21:24:23,753 [ERROR] LogOutputStream:75 - [STDERR_REDIRECT] 
2025-06-25 21:24:24,748 [ERROR] LogOutputStream:75 - [STDERR_REDIRECT] [Fatal Error] :1:1: Premature end of file.
2025-06-25 21:24:24,748 [ERROR] LogOutputStream:75 - [STDERR_REDIRECT] 
2025-06-25 21:24:25,748 [ERROR] LogOutputStream:75 - [STDERR_REDIRECT] [Fatal Error] :1:1: Premature end of file.
2025-06-25 21:24:25,748 [ERROR] LogOutputStream:75 - [STDERR_REDIRECT] 
2025-06-25 21:24:26,750 [ERROR] LogOutputStream:75 - [STDERR_REDIRECT] [Fatal Error] :1:1: Premature end of file.
2025-06-25 21:24:26,750 [ERROR] LogOutputStream:75 - [STDERR_REDIRECT] 
2025-06-25 21:24:27,748 [ERROR] LogOutputStream:75 - [STDERR_REDIRECT] [Fatal Error] :1:1: Premature end of file.
2025-06-25 21:24:27,748 [ERROR] LogOutputStream:75 - [STDERR_REDIRECT] 
2025-06-25 21:24:28,752 [ERROR] LogOutputStream:75 - [STDERR_REDIRECT] [Fatal Error] :1:1: Premature end of file.
2025-06-25 21:24:28,752 [ERROR] LogOutputStream:75 - [STDERR_REDIRECT] 
2025-06-25 21:24:29,748 [ERROR] LogOutputStream:75 - [STDERR_REDIRECT] [Fatal Error] :1:1: Premature end of file.
2025-06-25 21:24:29,748 [ERROR] LogOutputStream:75 - [STDERR_REDIRECT] 
2025-06-25 21:24:30,755 [ERROR] LogOutputStream:75 - [STDERR_REDIRECT] [Fatal Error] :1:1: Premature end of file.
2025-06-25 21:24:30,755 [ERROR] LogOutputStream:75 - [STDERR_REDIRECT] 
2025-06-25 21:24:31,750 [ERROR] LogOutputStream:75 - [STDERR_REDIRECT] [Fatal Error] :1:1: Premature end of file.
2025-06-25 21:24:31,750 [ERROR] LogOutputStream:75 - [STDERR_REDIRECT] 
2025-06-25 21:24:32,747 [ERROR] LogOutputStream:75 - [STDERR_REDIRECT] [Fatal Error] :1:1: Premature end of file.
2025-06-25 21:24:32,747 [ERROR] LogOutputStream:75 - [STDERR_REDIRECT] 
2025-06-25 21:24:33,747 [ERROR] LogOutputStream:75 - [STDERR_REDIRECT] [Fatal Error] :1:1: Premature end of file.
2025-06-25 21:24:33,747 [ERROR] LogOutputStream:75 - [STDERR_REDIRECT] 
2025-06-25 21:24:34,750 [ERROR] LogOutputStream:75 - [STDERR_REDIRECT] [Fatal Error] :1:1: Premature end of file.
2025-06-25 21:24:34,750 [ERROR] LogOutputStream:75 - [STDERR_REDIRECT] 
2025-06-25 21:24:35,747 [ERROR] LogOutputStream:75 - [STDERR_REDIRECT] [Fatal Error] :1:1: Premature end of file.
2025-06-25 21:24:35,747 [ERROR] LogOutputStream:75 - [STDERR_REDIRECT] 
2025-06-25 21:24:36,753 [ERROR] LogOutputStream:75 - [STDERR_REDIRECT] [Fatal Error] :1:1: Premature end of file.
2025-06-25 21:24:36,753 [ERROR] LogOutputStream:75 - [STDERR_REDIRECT] 
2025-06-25 21:24:37,746 [ERROR] LogOutputStream:75 - [STDERR_REDIRECT] [Fatal Error] :1:1: Premature end of file.
2025-06-25 21:24:37,746 [ERROR] LogOutputStream:75 - [STDERR_REDIRECT] 
2025-06-25 21:24:38,747 [ERROR] LogOutputStream:75 - [STDERR_REDIRECT] [Fatal Error] :1:1: Premature end of file.
2025-06-25 21:24:38,747 [ERROR] LogOutputStream:75 - [STDERR_REDIRECT] 
2025-06-25 21:24:39,755 [ERROR] LogOutputStream:75 - [STDERR_REDIRECT] [Fatal Error] :1:1: Premature end of file.
2025-06-25 21:24:39,755 [ERROR] LogOutputStream:75 - [STDERR_REDIRECT] 
2025-06-25 21:24:40,750 [ERROR] LogOutputStream:75 - [STDERR_REDIRECT] [Fatal Error] :1:1: Premature end of file.
2025-06-25 21:24:40,750 [ERROR] LogOutputStream:75 - [STDERR_REDIRECT] 
2025-06-25 21:24:41,759 [ERROR] LogOutputStream:75 - [STDERR_REDIRECT] [Fatal Error] :1:1: Premature end of file.
2025-06-25 21:24:41,759 [ERROR] LogOutputStream:75 - [STDERR_REDIRECT] 
2025-06-25 21:24:42,754 [ERROR] LogOutputStream:75 - [STDERR_REDIRECT] [Fatal Error] :1:1: Premature end of file.
2025-06-25 21:24:42,754 [ERROR] LogOutputStream:75 - [STDERR_REDIRECT] 
2025-06-25 21:24:43,748 [ERROR] LogOutputStream:75 - [STDERR_REDIRECT] [Fatal Error] :1:1: Premature end of file.
2025-06-25 21:24:43,748 [ERROR] LogOutputStream:75 - [STDERR_REDIRECT] 
2025-06-25 21:24:44,757 [ERROR] LogOutputStream:75 - [STDERR_REDIRECT] [Fatal Error] :1:1: Premature end of file.
2025-06-25 21:24:44,757 [ERROR] LogOutputStream:75 - [STDERR_REDIRECT] 
2025-06-25 21:24:45,749 [ERROR] LogOutputStream:75 - [STDERR_REDIRECT] [Fatal Error] :1:1: Premature end of file.
2025-06-25 21:24:45,749 [ERROR] LogOutputStream:75 - [STDERR_REDIRECT] 
2025-06-25 21:24:46,746 [ERROR] LogOutputStream:75 - [STDERR_REDIRECT] [Fatal Error] :1:1: Premature end of file.
2025-06-25 21:24:46,746 [ERROR] LogOutputStream:75 - [STDERR_REDIRECT] 
2025-06-25 21:24:47,755 [ERROR] LogOutputStream:75 - [STDERR_REDIRECT] [Fatal Error] :1:1: Premature end of file.
2025-06-25 21:24:47,756 [ERROR] LogOutputStream:75 - [STDERR_REDIRECT] 
2025-06-25 21:24:48,750 [ERROR] LogOutputStream:75 - [STDERR_REDIRECT] [Fatal Error] :1:1: Premature end of file.
2025-06-25 21:24:48,751 [ERROR] LogOutputStream:75 - [STDERR_REDIRECT] 
2025-06-25 21:24:49,757 [ERROR] LogOutputStream:75 - [STDERR_REDIRECT] [Fatal Error] :1:1: Premature end of file.
2025-06-25 21:24:49,757 [ERROR] LogOutputStream:75 - [STDERR_REDIRECT] 
2025-06-25 21:24:50,746 [ERROR] LogOutputStream:75 - [STDERR_REDIRECT] [Fatal Error] :1:1: Premature end of file.
2025-06-25 21:24:50,748 [ERROR] LogOutputStream:75 - [STDERR_REDIRECT] 
2025-06-25 21:24:51,757 [ERROR] LogOutputStream:75 - [STDERR_REDIRECT] [Fatal Error] :1:1: Premature end of file.
2025-06-25 21:24:51,757 [ERROR] LogOutputStream:75 - [STDERR_REDIRECT] 
2025-06-25 21:24:52,751 [ERROR] LogOutputStream:75 - [STDERR_REDIRECT] [Fatal Error] :1:1: Premature end of file.
2025-06-25 21:24:52,751 [ERROR] LogOutputStream:75 - [STDERR_REDIRECT] 
2025-06-25 21:24:53,761 [ERROR] LogOutputStream:75 - [STDERR_REDIRECT] [Fatal Error] :1:1: Premature end of file.
2025-06-25 21:24:53,761 [ERROR] LogOutputStream:75 - [STDERR_REDIRECT] 
2025-06-25 21:24:54,754 [ERROR] LogOutputStream:75 - [STDERR_REDIRECT] [Fatal Error] :1:1: Premature end of file.
2025-06-25 21:24:54,754 [ERROR] LogOutputStream:75 - [STDERR_REDIRECT] 
2025-06-25 21:24:55,747 [ERROR] LogOutputStream:75 - [STDERR_REDIRECT] [Fatal Error] :1:1: Premature end of file.
2025-06-25 21:24:55,748 [ERROR] LogOutputStream:75 - [STDERR_REDIRECT] 
2025-06-25 21:24:56,758 [ERROR] LogOutputStream:75 - [STDERR_REDIRECT] [Fatal Error] :1:1: Premature end of file.
2025-06-25 21:24:56,758 [ERROR] LogOutputStream:75 - [STDERR_REDIRECT] 
2025-06-25 21:24:57,751 [ERROR] LogOutputStream:75 - [STDERR_REDIRECT] [Fatal Error] :1:1: Premature end of file.
2025-06-25 21:24:57,751 [ERROR] LogOutputStream:75 - [STDERR_REDIRECT] 
2025-06-25 21:24:58,759 [ERROR] LogOutputStream:75 - [STDERR_REDIRECT] [Fatal Error] :1:1: Premature end of file.
2025-06-25 21:24:58,760 [ERROR] LogOutputStream:75 - [STDERR_REDIRECT] 
2025-06-25 21:24:59,751 [ERROR] LogOutputStream:75 - [STDERR_REDIRECT] [Fatal Error] :1:1: Premature end of file.
2025-06-25 21:24:59,751 [ERROR] LogOutputStream:75 - [STDERR_REDIRECT] 
2025-06-25 21:25:00,759 [ERROR] LogOutputStream:75 - [STDERR_REDIRECT] [Fatal Error] :1:1: Premature end of file.
2025-06-25 21:25:00,760 [ERROR] LogOutputStream:75 - [STDERR_REDIRECT] 
2025-06-25 21:25:01,759 [ERROR] LogOutputStream:75 - [STDERR_REDIRECT] [Fatal Error] :1:1: Premature end of file.
2025-06-25 21:25:01,759 [ERROR] LogOutputStream:75 - [STDERR_REDIRECT] 
2025-06-25 21:25:02,749 [ERROR] LogOutputStream:75 - [STDERR_REDIRECT] [Fatal Error] :1:1: Premature end of file.
2025-06-25 21:25:02,749 [ERROR] LogOutputStream:75 - [STDERR_REDIRECT] 
2025-06-25 21:25:03,763 [ERROR] LogOutputStream:75 - [STDERR_REDIRECT] [Fatal Error] :1:1: Premature end of file.
2025-06-25 21:25:03,763 [ERROR] LogOutputStream:75 - [STDERR_REDIRECT] 
2025-06-25 21:25:04,757 [ERROR] LogOutputStream:75 - [STDERR_REDIRECT] [Fatal Error] :1:1: Premature end of file.
2025-06-25 21:25:04,757 [ERROR] LogOutputStream:75 - [STDERR_REDIRECT] 
2025-06-25 21:25:05,759 [ERROR] LogOutputStream:75 - [STDERR_REDIRECT] [Fatal Error] :1:1: Premature end of file.
2025-06-25 21:25:05,759 [ERROR] LogOutputStream:75 - [STDERR_REDIRECT] 
2025-06-25 21:25:06,754 [ERROR] LogOutputStream:75 - [STDERR_REDIRECT] [Fatal Error] :1:1: Premature end of file.
2025-06-25 21:25:06,754 [ERROR] LogOutputStream:75 - [STDERR_REDIRECT] 
2025-06-25 21:25:07,749 [ERROR] LogOutputStream:75 - [STDERR_REDIRECT] [Fatal Error] :1:1: Premature end of file.
2025-06-25 21:25:07,749 [ERROR] LogOutputStream:75 - [STDERR_REDIRECT] 
2025-06-25 21:25:08,758 [ERROR] LogOutputStream:75 - [STDERR_REDIRECT] [Fatal Error] :1:1: Premature end of file.
2025-06-25 21:25:08,759 [ERROR] LogOutputStream:75 - [STDERR_REDIRECT] 
2025-06-25 21:25:09,754 [ERROR] LogOutputStream:75 - [STDERR_REDIRECT] [Fatal Error] :1:1: Premature end of file.
2025-06-25 21:25:09,754 [ERROR] LogOutputStream:75 - [STDERR_REDIRECT] 
2025-06-25 21:25:10,762 [ERROR] LogOutputStream:75 - [STDERR_REDIRECT] [Fatal Error] :1:1: Premature end of file.
2025-06-25 21:25:10,762 [ERROR] LogOutputStream:75 - [STDERR_REDIRECT] 
2025-06-25 21:25:11,756 [ERROR] LogOutputStream:75 - [STDERR_REDIRECT] [Fatal Error] :1:1: Premature end of file.
2025-06-25 21:25:11,756 [ERROR] LogOutputStream:75 - [STDERR_REDIRECT] 
2025-06-25 21:25:12,750 [ERROR] LogOutputStream:75 - [STDERR_REDIRECT] [Fatal Error] :1:1: Premature end of file.
2025-06-25 21:25:12,750 [ERROR] LogOutputStream:75 - [STDERR_REDIRECT] 
2025-06-25 21:25:13,759 [ERROR] LogOutputStream:75 - [STDERR_REDIRECT] [Fatal Error] :1:1: Premature end of file.
2025-06-25 21:25:13,760 [ERROR] LogOutputStream:75 - [STDERR_REDIRECT] 
2025-06-25 21:25:14,758 [ERROR] LogOutputStream:75 - [STDERR_REDIRECT] [Fatal Error] :1:1: Premature end of file.
2025-06-25 21:25:14,758 [ERROR] LogOutputStream:75 - [STDERR_REDIRECT] 
2025-06-25 21:25:15,749 [ERROR] LogOutputStream:75 - [STDERR_REDIRECT] [Fatal Error] :1:1: Premature end of file.
2025-06-25 21:25:15,749 [ERROR] LogOutputStream:75 - [STDERR_REDIRECT] 
2025-06-25 21:25:16,754 [ERROR] LogOutputStream:75 - [STDERR_REDIRECT] [Fatal Error] :1:1: Premature end of file.
2025-06-25 21:25:16,754 [ERROR] LogOutputStream:75 - [STDERR_REDIRECT] 
2025-06-25 21:25:17,762 [ERROR] LogOutputStream:75 - [STDERR_REDIRECT] [Fatal Error] :1:1: Premature end of file.
2025-06-25 21:25:17,762 [ERROR] LogOutputStream:75 - [STDERR_REDIRECT] 
2025-06-25 21:25:18,761 [ERROR] LogOutputStream:75 - [STDERR_REDIRECT] [Fatal Error] :1:1: Premature end of file.
2025-06-25 21:25:18,761 [ERROR] LogOutputStream:75 - [STDERR_REDIRECT] 
2025-06-25 21:25:19,755 [ERROR] LogOutputStream:75 - [STDERR_REDIRECT] [Fatal Error] :1:1: Premature end of file.
2025-06-25 21:25:19,755 [ERROR] LogOutputStream:75 - [STDERR_REDIRECT] 
2025-06-25 21:25:20,759 [ERROR] LogOutputStream:75 - [STDERR_REDIRECT] [Fatal Error] :1:1: Premature end of file.
2025-06-25 21:25:20,759 [ERROR] LogOutputStream:75 - [STDERR_REDIRECT] 
2025-06-25 21:25:21,749 [ERROR] LogOutputStream:75 - [STDERR_REDIRECT] [Fatal Error] :1:1: Premature end of file.
2025-06-25 21:25:21,749 [ERROR] LogOutputStream:75 - [STDERR_REDIRECT] 
2025-06-25 21:25:22,761 [ERROR] LogOutputStream:75 - [STDERR_REDIRECT] [Fatal Error] :1:1: Premature end of file.
2025-06-25 21:25:22,761 [ERROR] LogOutputStream:75 - [STDERR_REDIRECT] 
2025-06-25 21:25:23,755 [ERROR] LogOutputStream:75 - [STDERR_REDIRECT] [Fatal Error] :1:1: Premature end of file.
2025-06-25 21:25:23,755 [ERROR] LogOutputStream:75 - [STDERR_REDIRECT] 
2025-06-25 21:25:24,757 [ERROR] LogOutputStream:75 - [STDERR_REDIRECT] [Fatal Error] :1:1: Premature end of file.
2025-06-25 21:25:24,757 [ERROR] LogOutputStream:75 - [STDERR_REDIRECT] 
2025-06-25 21:25:25,749 [ERROR] LogOutputStream:75 - [STDERR_REDIRECT] [Fatal Error] :1:1: Premature end of file.
2025-06-25 21:25:25,749 [ERROR] LogOutputStream:75 - [STDERR_REDIRECT] 
2025-06-25 21:25:26,759 [ERROR] LogOutputStream:75 - [STDERR_REDIRECT] [Fatal Error] :1:1: Premature end of file.
2025-06-25 21:25:26,759 [ERROR] LogOutputStream:75 - [STDERR_REDIRECT] 
2025-06-25 21:25:27,752 [ERROR] LogOutputStream:75 - [STDERR_REDIRECT] [Fatal Error] :1:1: Premature end of file.
2025-06-25 21:25:27,752 [ERROR] LogOutputStream:75 - [STDERR_REDIRECT] 
2025-06-25 21:25:28,760 [ERROR] LogOutputStream:75 - [STDERR_REDIRECT] [Fatal Error] :1:1: Premature end of file.
2025-06-25 21:25:28,761 [ERROR] LogOutputStream:75 - [STDERR_REDIRECT] 
2025-06-25 21:25:29,749 [ERROR] LogOutputStream:75 - [STDERR_REDIRECT] [Fatal Error] :1:1: Premature end of file.
2025-06-25 21:25:29,749 [ERROR] LogOutputStream:75 - [STDERR_REDIRECT] 
2025-06-25 21:25:30,755 [ERROR] LogOutputStream:75 - [STDERR_REDIRECT] [Fatal Error] :1:1: Premature end of file.
2025-06-25 21:25:30,755 [ERROR] LogOutputStream:75 - [STDERR_REDIRECT] 
2025-06-25 21:25:31,749 [ERROR] LogOutputStream:75 - [STDERR_REDIRECT] [Fatal Error] :1:1: Premature end of file.
2025-06-25 21:25:31,749 [ERROR] LogOutputStream:75 - [STDERR_REDIRECT] 
2025-06-25 21:25:32,759 [ERROR] LogOutputStream:75 - [STDERR_REDIRECT] [Fatal Error] :1:1: Premature end of file.
2025-06-25 21:25:32,759 [ERROR] LogOutputStream:75 - [STDERR_REDIRECT] 
2025-06-25 21:25:33,751 [ERROR] LogOutputStream:75 - [STDERR_REDIRECT] [Fatal Error] :1:1: Premature end of file.
2025-06-25 21:25:33,751 [ERROR] LogOutputStream:75 - [STDERR_REDIRECT] 
2025-06-25 21:25:34,760 [ERROR] LogOutputStream:75 - [STDERR_REDIRECT] [Fatal Error] :1:1: Premature end of file.
2025-06-25 21:25:34,760 [ERROR] LogOutputStream:75 - [STDERR_REDIRECT] 
2025-06-25 21:25:35,759 [ERROR] LogOutputStream:75 - [STDERR_REDIRECT] [Fatal Error] :1:1: Premature end of file.
2025-06-25 21:25:35,759 [ERROR] LogOutputStream:75 - [STDERR_REDIRECT] 
2025-06-25 21:25:36,755 [ERROR] LogOutputStream:75 - [STDERR_REDIRECT] [Fatal Error] :1:1: Premature end of file.
2025-06-25 21:25:36,756 [ERROR] LogOutputStream:75 - [STDERR_REDIRECT] 
2025-06-25 21:25:37,754 [ERROR] LogOutputStream:75 - [STDERR_REDIRECT] [Fatal Error] :1:1: Premature end of file.
2025-06-25 21:25:37,754 [ERROR] LogOutputStream:75 - [STDERR_REDIRECT] 
2025-06-25 21:25:38,748 [ERROR] LogOutputStream:75 - [STDERR_REDIRECT] [Fatal Error] :1:1: Premature end of file.
2025-06-25 21:25:38,748 [ERROR] LogOutputStream:75 - [STDERR_REDIRECT] 
2025-06-25 21:25:39,757 [ERROR] LogOutputStream:75 - [STDERR_REDIRECT] [Fatal Error] :1:1: Premature end of file.
2025-06-25 21:25:39,757 [ERROR] LogOutputStream:75 - [STDERR_REDIRECT] 
2025-06-25 21:25:40,751 [ERROR] LogOutputStream:75 - [STDERR_REDIRECT] [Fatal Error] :1:1: Premature end of file.
2025-06-25 21:25:40,751 [ERROR] LogOutputStream:75 - [STDERR_REDIRECT] 
2025-06-25 21:25:41,764 [ERROR] LogOutputStream:75 - [STDERR_REDIRECT] [Fatal Error] :1:1: Premature end of file.
2025-06-25 21:25:41,764 [ERROR] LogOutputStream:75 - [STDERR_REDIRECT] 
2025-06-25 21:25:42,761 [ERROR] LogOutputStream:75 - [STDERR_REDIRECT] [Fatal Error] :1:1: Premature end of file.
2025-06-25 21:25:42,761 [ERROR] LogOutputStream:75 - [STDERR_REDIRECT] 
2025-06-25 21:25:43,759 [ERROR] LogOutputStream:75 - [STDERR_REDIRECT] [Fatal Error] :1:1: Premature end of file.
2025-06-25 21:25:43,759 [ERROR] LogOutputStream:75 - [STDERR_REDIRECT] 
2025-06-25 21:25:44,749 [ERROR] LogOutputStream:75 - [STDERR_REDIRECT] [Fatal Error] :1:1: Premature end of file.
2025-06-25 21:25:44,750 [ERROR] LogOutputStream:75 - [STDERR_REDIRECT] 
2025-06-25 21:25:45,754 [ERROR] LogOutputStream:75 - [STDERR_REDIRECT] [Fatal Error] :1:1: Premature end of file.
2025-06-25 21:25:45,756 [ERROR] LogOutputStream:75 - [STDERR_REDIRECT] 
2025-06-25 21:25:46,751 [ERROR] LogOutputStream:75 - [STDERR_REDIRECT] [Fatal Error] :1:1: Premature end of file.
2025-06-25 21:25:46,751 [ERROR] LogOutputStream:75 - [STDERR_REDIRECT] 
2025-06-25 21:25:47,759 [ERROR] LogOutputStream:75 - [STDERR_REDIRECT] [Fatal Error] :1:1: Premature end of file.
2025-06-25 21:25:47,759 [ERROR] LogOutputStream:75 - [STDERR_REDIRECT] 
2025-06-25 21:25:48,750 [ERROR] LogOutputStream:75 - [STDERR_REDIRECT] [Fatal Error] :1:1: Premature end of file.
2025-06-25 21:25:48,750 [ERROR] LogOutputStream:75 - [STDERR_REDIRECT] 
2025-06-25 21:25:49,756 [ERROR] LogOutputStream:75 - [STDERR_REDIRECT] [Fatal Error] :1:1: Premature end of file.
2025-06-25 21:25:49,756 [ERROR] LogOutputStream:75 - [STDERR_REDIRECT] 
2025-06-25 21:25:50,747 [ERROR] LogOutputStream:75 - [STDERR_REDIRECT] [Fatal Error] :1:1: Premature end of file.
2025-06-25 21:25:50,747 [ERROR] LogOutputStream:75 - [STDERR_REDIRECT] 
2025-06-25 21:25:51,758 [ERROR] LogOutputStream:75 - [STDERR_REDIRECT] [Fatal Error] :1:1: Premature end of file.
2025-06-25 21:25:51,758 [ERROR] LogOutputStream:75 - [STDERR_REDIRECT] 
2025-06-25 21:25:52,752 [ERROR] LogOutputStream:75 - [STDERR_REDIRECT] [Fatal Error] :1:1: Premature end of file.
2025-06-25 21:25:52,752 [ERROR] LogOutputStream:75 - [STDERR_REDIRECT] 
2025-06-25 21:25:53,761 [ERROR] LogOutputStream:75 - [STDERR_REDIRECT] [Fatal Error] :1:1: Premature end of file.
2025-06-25 21:25:53,761 [ERROR] LogOutputStream:75 - [STDERR_REDIRECT] 
2025-06-25 21:25:54,760 [ERROR] LogOutputStream:75 - [STDERR_REDIRECT] [Fatal Error] :1:1: Premature end of file.
2025-06-25 21:25:54,760 [ERROR] LogOutputStream:75 - [STDERR_REDIRECT] 
2025-06-25 21:25:55,759 [ERROR] LogOutputStream:75 - [STDERR_REDIRECT] [Fatal Error] :1:1: Premature end of file.
2025-06-25 21:25:55,759 [ERROR] LogOutputStream:75 - [STDERR_REDIRECT] 
2025-06-25 21:25:56,756 [ERROR] LogOutputStream:75 - [STDERR_REDIRECT] [Fatal Error] :1:1: Premature end of file.
2025-06-25 21:25:56,756 [ERROR] LogOutputStream:75 - [STDERR_REDIRECT] 
2025-06-25 21:25:57,749 [ERROR] LogOutputStream:75 - [STDERR_REDIRECT] [Fatal Error] :1:1: Premature end of file.
2025-06-25 21:25:57,749 [ERROR] LogOutputStream:75 - [STDERR_REDIRECT] 
2025-06-25 21:25:58,756 [ERROR] LogOutputStream:75 - [STDERR_REDIRECT] [Fatal Error] :1:1: Premature end of file.
2025-06-25 21:25:58,756 [ERROR] LogOutputStream:75 - [STDERR_REDIRECT] 
2025-06-25 21:25:59,763 [ERROR] LogOutputStream:75 - [STDERR_REDIRECT] [Fatal Error] :1:1: Premature end of file.
2025-06-25 21:25:59,763 [ERROR] LogOutputStream:75 - [STDERR_REDIRECT] 
2025-06-25 21:26:00,759 [ERROR] LogOutputStream:75 - [STDERR_REDIRECT] [Fatal Error] :1:1: Premature end of file.
2025-06-25 21:26:00,759 [ERROR] LogOutputStream:75 - [STDERR_REDIRECT] 
2025-06-25 21:26:01,750 [ERROR] LogOutputStream:75 - [STDERR_REDIRECT] [Fatal Error] :1:1: Premature end of file.
2025-06-25 21:26:01,751 [ERROR] LogOutputStream:75 - [STDERR_REDIRECT] 
2025-06-25 21:26:02,760 [ERROR] LogOutputStream:75 - [STDERR_REDIRECT] [Fatal Error] :1:1: Premature end of file.
2025-06-25 21:26:02,760 [ERROR] LogOutputStream:75 - [STDERR_REDIRECT] 
2025-06-25 21:26:03,756 [ERROR] LogOutputStream:75 - [STDERR_REDIRECT] [Fatal Error] :1:1: Premature end of file.
2025-06-25 21:26:03,756 [ERROR] LogOutputStream:75 - [STDERR_REDIRECT] 
2025-06-25 21:26:04,752 [ERROR] LogOutputStream:75 - [STDERR_REDIRECT] [Fatal Error] :1:1: Premature end of file.
2025-06-25 21:26:04,752 [ERROR] LogOutputStream:75 - [STDERR_REDIRECT] 
2025-06-25 21:26:05,760 [ERROR] LogOutputStream:75 - [STDERR_REDIRECT] [Fatal Error] :1:1: Premature end of file.
2025-06-25 21:26:05,760 [ERROR] LogOutputStream:75 - [STDERR_REDIRECT] 
2025-06-25 21:26:06,753 [ERROR] LogOutputStream:75 - [STDERR_REDIRECT] [Fatal Error] :1:1: Premature end of file.
2025-06-25 21:26:06,753 [ERROR] LogOutputStream:75 - [STDERR_REDIRECT] 
2025-06-25 21:26:07,758 [ERROR] LogOutputStream:75 - [STDERR_REDIRECT] [Fatal Error] :1:1: Premature end of file.
2025-06-25 21:26:07,758 [ERROR] LogOutputStream:75 - [STDERR_REDIRECT] 
2025-06-25 21:26:08,752 [ERROR] LogOutputStream:75 - [STDERR_REDIRECT] [Fatal Error] :1:1: Premature end of file.
2025-06-25 21:26:08,752 [ERROR] LogOutputStream:75 - [STDERR_REDIRECT] 
2025-06-25 21:26:09,753 [ERROR] LogOutputStream:75 - [STDERR_REDIRECT] [Fatal Error] :1:1: Premature end of file.
2025-06-25 21:26:09,755 [ERROR] LogOutputStream:75 - [STDERR_REDIRECT] 
2025-06-25 21:26:10,761 [ERROR] LogOutputStream:75 - [STDERR_REDIRECT] [Fatal Error] :1:1: Premature end of file.
2025-06-25 21:26:10,761 [ERROR] LogOutputStream:75 - [STDERR_REDIRECT] 
2025-06-25 21:26:11,759 [ERROR] LogOutputStream:75 - [STDERR_REDIRECT] [Fatal Error] :1:1: Premature end of file.
2025-06-25 21:26:11,759 [ERROR] LogOutputStream:75 - [STDERR_REDIRECT] 
2025-06-25 21:26:12,758 [ERROR] LogOutputStream:75 - [STDERR_REDIRECT] [Fatal Error] :1:1: Premature end of file.
2025-06-25 21:26:12,758 [ERROR] LogOutputStream:75 - [STDERR_REDIRECT] 
2025-06-25 21:26:13,751 [ERROR] LogOutputStream:75 - [STDERR_REDIRECT] [Fatal Error] :1:1: Premature end of file.
2025-06-25 21:26:13,751 [ERROR] LogOutputStream:75 - [STDERR_REDIRECT] 
2025-06-25 21:26:14,749 [ERROR] LogOutputStream:75 - [STDERR_REDIRECT] [Fatal Error] :1:1: Premature end of file.
2025-06-25 21:26:14,749 [ERROR] LogOutputStream:75 - [STDERR_REDIRECT] 
2025-06-25 21:26:15,750 [ERROR] LogOutputStream:75 - [STDERR_REDIRECT] [Fatal Error] :1:1: Premature end of file.
2025-06-25 21:26:15,750 [ERROR] LogOutputStream:75 - [STDERR_REDIRECT] 
2025-06-25 21:26:16,753 [ERROR] LogOutputStream:75 - [STDERR_REDIRECT] [Fatal Error] :1:1: Premature end of file.
2025-06-25 21:26:16,753 [ERROR] LogOutputStream:75 - [STDERR_REDIRECT] 
2025-06-25 21:26:17,761 [ERROR] LogOutputStream:75 - [STDERR_REDIRECT] [Fatal Error] :1:1: Premature end of file.
2025-06-25 21:26:17,761 [ERROR] LogOutputStream:75 - [STDERR_REDIRECT] 
2025-06-25 21:26:18,755 [ERROR] LogOutputStream:75 - [STDERR_REDIRECT] [Fatal Error] :1:1: Premature end of file.
2025-06-25 21:26:18,755 [ERROR] LogOutputStream:75 - [STDERR_REDIRECT] 
2025-06-25 21:26:19,752 [ERROR] LogOutputStream:75 - [STDERR_REDIRECT] [Fatal Error] :1:1: Premature end of file.
2025-06-25 21:26:19,752 [ERROR] LogOutputStream:75 - [STDERR_REDIRECT] 
2025-06-25 21:26:20,752 [ERROR] LogOutputStream:75 - [STDERR_REDIRECT] [Fatal Error] :1:1: Premature end of file.
2025-06-25 21:26:20,752 [ERROR] LogOutputStream:75 - [STDERR_REDIRECT] 
2025-06-25 21:26:21,752 [ERROR] LogOutputStream:75 - [STDERR_REDIRECT] [Fatal Error] :1:1: Premature end of file.
2025-06-25 21:26:21,752 [ERROR] LogOutputStream:75 - [STDERR_REDIRECT] 
2025-06-25 21:26:22,760 [ERROR] LogOutputStream:75 - [STDERR_REDIRECT] [Fatal Error] :1:1: Premature end of file.
2025-06-25 21:26:22,760 [ERROR] LogOutputStream:75 - [STDERR_REDIRECT] 
2025-06-25 21:26:23,754 [ERROR] LogOutputStream:75 - [STDERR_REDIRECT] [Fatal Error] :1:1: Premature end of file.
2025-06-25 21:26:23,754 [ERROR] LogOutputStream:75 - [STDERR_REDIRECT] 
2025-06-25 21:26:24,749 [ERROR] LogOutputStream:75 - [STDERR_REDIRECT] [Fatal Error] :1:1: Premature end of file.
2025-06-25 21:26:24,749 [ERROR] LogOutputStream:75 - [STDERR_REDIRECT] 
2025-06-25 21:26:25,771 [ERROR] LogOutputStream:75 - [STDERR_REDIRECT] [Fatal Error] :1:1: Premature end of file.
2025-06-25 21:26:25,771 [ERROR] LogOutputStream:75 - [STDERR_REDIRECT] 
2025-06-25 21:26:26,749 [ERROR] LogOutputStream:75 - [STDERR_REDIRECT] [Fatal Error] :1:1: Premature end of file.
2025-06-25 21:26:26,749 [ERROR] LogOutputStream:75 - [STDERR_REDIRECT] 
2025-06-25 21:26:27,762 [ERROR] LogOutputStream:75 - [STDERR_REDIRECT] [Fatal Error] :1:1: Premature end of file.
2025-06-25 21:26:27,762 [ERROR] LogOutputStream:75 - [STDERR_REDIRECT] 
2025-06-25 21:26:28,755 [ERROR] LogOutputStream:75 - [STDERR_REDIRECT] [Fatal Error] :1:1: Premature end of file.
2025-06-25 21:26:28,755 [ERROR] LogOutputStream:75 - [STDERR_REDIRECT] 
2025-06-25 21:26:29,747 [ERROR] LogOutputStream:75 - [STDERR_REDIRECT] [Fatal Error] :1:1: Premature end of file.
2025-06-25 21:26:29,747 [ERROR] LogOutputStream:75 - [STDERR_REDIRECT] 
2025-06-25 21:26:30,758 [ERROR] LogOutputStream:75 - [STDERR_REDIRECT] [Fatal Error] :1:1: Premature end of file.
2025-06-25 21:26:30,758 [ERROR] LogOutputStream:75 - [STDERR_REDIRECT] 
2025-06-25 21:26:31,754 [ERROR] LogOutputStream:75 - [STDERR_REDIRECT] [Fatal Error] :1:1: Premature end of file.
2025-06-25 21:26:31,754 [ERROR] LogOutputStream:75 - [STDERR_REDIRECT] 
2025-06-25 21:26:32,764 [ERROR] LogOutputStream:75 - [STDERR_REDIRECT] [Fatal Error] :1:1: Premature end of file.
2025-06-25 21:26:32,764 [ERROR] LogOutputStream:75 - [STDERR_REDIRECT] 
2025-06-25 21:26:33,753 [ERROR] LogOutputStream:75 - [STDERR_REDIRECT] [Fatal Error] :1:1: Premature end of file.
2025-06-25 21:26:33,753 [ERROR] LogOutputStream:75 - [STDERR_REDIRECT] 
2025-06-25 21:26:34,749 [ERROR] LogOutputStream:75 - [STDERR_REDIRECT] [Fatal Error] :1:1: Premature end of file.
2025-06-25 21:26:34,749 [ERROR] LogOutputStream:75 - [STDERR_REDIRECT] 
2025-06-25 21:26:35,759 [ERROR] LogOutputStream:75 - [STDERR_REDIRECT] [Fatal Error] :1:1: Premature end of file.
2025-06-25 21:26:35,759 [ERROR] LogOutputStream:75 - [STDERR_REDIRECT] 
2025-06-25 21:26:36,754 [ERROR] LogOutputStream:75 - [STDERR_REDIRECT] [Fatal Error] :1:1: Premature end of file.
2025-06-25 21:26:36,754 [ERROR] LogOutputStream:75 - [STDERR_REDIRECT] 
2025-06-25 21:26:37,754 [ERROR] LogOutputStream:75 - [STDERR_REDIRECT] [Fatal Error] :1:1: Premature end of file.
2025-06-25 21:26:37,754 [ERROR] LogOutputStream:75 - [STDERR_REDIRECT] 
2025-06-25 21:26:38,759 [ERROR] LogOutputStream:75 - [STDERR_REDIRECT] [Fatal Error] :1:1: Premature end of file.
2025-06-25 21:26:38,759 [ERROR] LogOutputStream:75 - [STDERR_REDIRECT] 
2025-06-25 21:26:39,756 [ERROR] LogOutputStream:75 - [STDERR_REDIRECT] [Fatal Error] :1:1: Premature end of file.
2025-06-25 21:26:39,756 [ERROR] LogOutputStream:75 - [STDERR_REDIRECT] 
2025-06-25 21:26:40,751 [ERROR] LogOutputStream:75 - [STDERR_REDIRECT] [Fatal Error] :1:1: Premature end of file.
2025-06-25 21:26:40,751 [ERROR] LogOutputStream:75 - [STDERR_REDIRECT] 
2025-06-25 21:26:41,750 [ERROR] LogOutputStream:75 - [STDERR_REDIRECT] [Fatal Error] :1:1: Premature end of file.
2025-06-25 21:26:41,750 [ERROR] LogOutputStream:75 - [STDERR_REDIRECT] 
2025-06-25 21:26:42,762 [ERROR] LogOutputStream:75 - [STDERR_REDIRECT] [Fatal Error] :1:1: Premature end of file.
2025-06-25 21:26:42,762 [ERROR] LogOutputStream:75 - [STDERR_REDIRECT] 
2025-06-25 21:26:43,758 [ERROR] LogOutputStream:75 - [STDERR_REDIRECT] [Fatal Error] :1:1: Premature end of file.
2025-06-25 21:26:43,758 [ERROR] LogOutputStream:75 - [STDERR_REDIRECT] 
2025-06-25 21:26:44,761 [ERROR] LogOutputStream:75 - [STDERR_REDIRECT] [Fatal Error] :1:1: Premature end of file.
2025-06-25 21:26:44,761 [ERROR] LogOutputStream:75 - [STDERR_REDIRECT] 
2025-06-25 21:26:45,754 [ERROR] LogOutputStream:75 - [STDERR_REDIRECT] [Fatal Error] :1:1: Premature end of file.
2025-06-25 21:26:45,754 [ERROR] LogOutputStream:75 - [STDERR_REDIRECT] 
2025-06-25 21:26:46,757 [ERROR] LogOutputStream:75 - [STDERR_REDIRECT] [Fatal Error] :1:1: Premature end of file.
2025-06-25 21:26:46,757 [ERROR] LogOutputStream:75 - [STDERR_REDIRECT] 
2025-06-25 21:26:47,750 [ERROR] LogOutputStream:75 - [STDERR_REDIRECT] [Fatal Error] :1:1: Premature end of file.
2025-06-25 21:26:47,750 [ERROR] LogOutputStream:75 - [STDERR_REDIRECT] 
2025-06-25 21:26:48,757 [ERROR] LogOutputStream:75 - [STDERR_REDIRECT] [Fatal Error] :1:1: Premature end of file.
2025-06-25 21:26:48,757 [ERROR] LogOutputStream:75 - [STDERR_REDIRECT] 
2025-06-25 21:26:49,748 [ERROR] LogOutputStream:75 - [STDERR_REDIRECT] [Fatal Error] :1:1: Premature end of file.
2025-06-25 21:26:49,748 [ERROR] LogOutputStream:75 - [STDERR_REDIRECT] 
2025-06-25 21:26:50,754 [ERROR] LogOutputStream:75 - [STDERR_REDIRECT] [Fatal Error] :1:1: Premature end of file.
2025-06-25 21:26:50,754 [ERROR] LogOutputStream:75 - [STDERR_REDIRECT] 
2025-06-25 21:26:51,756 [ERROR] LogOutputStream:75 - [STDERR_REDIRECT] [Fatal Error] :1:1: Premature end of file.
2025-06-25 21:26:51,758 [ERROR] LogOutputStream:75 - [STDERR_REDIRECT] 
2025-06-25 21:26:52,757 [ERROR] LogOutputStream:75 - [STDERR_REDIRECT] [Fatal Error] :1:1: Premature end of file.
2025-06-25 21:26:52,757 [ERROR] LogOutputStream:75 - [STDERR_REDIRECT] 
2025-06-25 21:26:53,748 [ERROR] LogOutputStream:75 - [STDERR_REDIRECT] [Fatal Error] :1:1: Premature end of file.
2025-06-25 21:26:53,748 [ERROR] LogOutputStream:75 - [STDERR_REDIRECT] 
2025-06-25 21:26:54,758 [ERROR] LogOutputStream:75 - [STDERR_REDIRECT] [Fatal Error] :1:1: Premature end of file.
2025-06-25 21:26:54,758 [ERROR] LogOutputStream:75 - [STDERR_REDIRECT] 
2025-06-25 21:26:55,757 [ERROR] LogOutputStream:75 - [STDERR_REDIRECT] [Fatal Error] :1:1: Premature end of file.
2025-06-25 21:26:55,757 [ERROR] LogOutputStream:75 - [STDERR_REDIRECT] 
2025-06-25 21:26:56,753 [ERROR] LogOutputStream:75 - [STDERR_REDIRECT] [Fatal Error] :1:1: Premature end of file.
2025-06-25 21:26:56,753 [ERROR] LogOutputStream:75 - [STDERR_REDIRECT] 
2025-06-25 21:26:57,763 [ERROR] LogOutputStream:75 - [STDERR_REDIRECT] [Fatal Error] :1:1: Premature end of file.
2025-06-25 21:26:57,763 [ERROR] LogOutputStream:75 - [STDERR_REDIRECT] 
2025-06-25 21:26:58,759 [ERROR] LogOutputStream:75 - [STDERR_REDIRECT] [Fatal Error] :1:1: Premature end of file.
2025-06-25 21:26:58,759 [ERROR] LogOutputStream:75 - [STDERR_REDIRECT] 
2025-06-25 21:26:59,762 [ERROR] LogOutputStream:75 - [STDERR_REDIRECT] [Fatal Error] :1:1: Premature end of file.
2025-06-25 21:26:59,762 [ERROR] LogOutputStream:75 - [STDERR_REDIRECT] 
2025-06-25 21:27:00,763 [ERROR] LogOutputStream:75 - [STDERR_REDIRECT] [Fatal Error] :1:1: Premature end of file.
2025-06-25 21:27:00,763 [ERROR] LogOutputStream:75 - [STDERR_REDIRECT] 
2025-06-25 21:27:01,756 [ERROR] LogOutputStream:75 - [STDERR_REDIRECT] [Fatal Error] :1:1: Premature end of file.
2025-06-25 21:27:01,756 [ERROR] LogOutputStream:75 - [STDERR_REDIRECT] 
2025-06-25 21:27:02,748 [ERROR] LogOutputStream:75 - [STDERR_REDIRECT] [Fatal Error] :1:1: Premature end of file.
2025-06-25 21:27:02,748 [ERROR] LogOutputStream:75 - [STDERR_REDIRECT] 
2025-06-25 21:27:03,752 [ERROR] LogOutputStream:75 - [STDERR_REDIRECT] [Fatal Error] :1:1: Premature end of file.
2025-06-25 21:27:03,752 [ERROR] LogOutputStream:75 - [STDERR_REDIRECT] 
2025-06-25 21:27:04,753 [ERROR] LogOutputStream:75 - [STDERR_REDIRECT] [Fatal Error] :1:1: Premature end of file.
2025-06-25 21:27:04,753 [ERROR] LogOutputStream:75 - [STDERR_REDIRECT] 
2025-06-25 21:27:05,761 [ERROR] LogOutputStream:75 - [STDERR_REDIRECT] [Fatal Error] :1:1: Premature end of file.
2025-06-25 21:27:05,761 [ERROR] LogOutputStream:75 - [STDERR_REDIRECT] 
2025-06-25 21:27:06,763 [ERROR] LogOutputStream:75 - [STDERR_REDIRECT] [Fatal Error] :1:1: Premature end of file.
2025-06-25 21:27:06,763 [ERROR] LogOutputStream:75 - [STDERR_REDIRECT] 
2025-06-25 21:27:07,757 [ERROR] LogOutputStream:75 - [STDERR_REDIRECT] [Fatal Error] :1:1: Premature end of file.
2025-06-25 21:27:07,757 [ERROR] LogOutputStream:75 - [STDERR_REDIRECT] 
2025-06-25 21:27:08,752 [ERROR] LogOutputStream:75 - [STDERR_REDIRECT] [Fatal Error] :1:1: Premature end of file.
2025-06-25 21:27:08,752 [ERROR] LogOutputStream:75 - [STDERR_REDIRECT] 
2025-06-25 21:27:09,762 [ERROR] LogOutputStream:75 - [STDERR_REDIRECT] [Fatal Error] :1:1: Premature end of file.
2025-06-25 21:27:09,763 [ERROR] LogOutputStream:75 - [STDERR_REDIRECT] 
2025-06-25 21:27:10,761 [ERROR] LogOutputStream:75 - [STDERR_REDIRECT] [Fatal Error] :1:1: Premature end of file.
2025-06-25 21:27:10,761 [ERROR] LogOutputStream:75 - [STDERR_REDIRECT] 
2025-06-25 21:27:11,754 [ERROR] LogOutputStream:75 - [STDERR_REDIRECT] [Fatal Error] :1:1: Premature end of file.
2025-06-25 21:27:11,754 [ERROR] LogOutputStream:75 - [STDERR_REDIRECT] 
2025-06-25 21:27:12,748 [ERROR] LogOutputStream:75 - [STDERR_REDIRECT] [Fatal Error] :1:1: Premature end of file.
2025-06-25 21:27:12,748 [ERROR] LogOutputStream:75 - [STDERR_REDIRECT] 
2025-06-25 21:27:13,759 [ERROR] LogOutputStream:75 - [STDERR_REDIRECT] [Fatal Error] :1:1: Premature end of file.
2025-06-25 21:27:13,759 [ERROR] LogOutputStream:75 - [STDERR_REDIRECT] 
2025-06-25 21:27:14,755 [ERROR] LogOutputStream:75 - [STDERR_REDIRECT] [Fatal Error] :1:1: Premature end of file.
2025-06-25 21:27:14,755 [ERROR] LogOutputStream:75 - [STDERR_REDIRECT] 
2025-06-25 21:27:15,756 [ERROR] LogOutputStream:75 - [STDERR_REDIRECT] [Fatal Error] :1:1: Premature end of file.
2025-06-25 21:27:15,756 [ERROR] LogOutputStream:75 - [STDERR_REDIRECT] 
2025-06-25 21:27:16,753 [ERROR] LogOutputStream:75 - [STDERR_REDIRECT] [Fatal Error] :1:1: Premature end of file.
2025-06-25 21:27:16,753 [ERROR] LogOutputStream:75 - [STDERR_REDIRECT] 
2025-06-25 21:27:17,761 [ERROR] LogOutputStream:75 - [STDERR_REDIRECT] [Fatal Error] :1:1: Premature end of file.
2025-06-25 21:27:17,761 [ERROR] LogOutputStream:75 - [STDERR_REDIRECT] 
2025-06-25 21:27:18,758 [ERROR] LogOutputStream:75 - [STDERR_REDIRECT] [Fatal Error] :1:1: Premature end of file.
2025-06-25 21:27:18,758 [ERROR] LogOutputStream:75 - [STDERR_REDIRECT] 
2025-06-25 21:27:19,756 [ERROR] LogOutputStream:75 - [STDERR_REDIRECT] [Fatal Error] :1:1: Premature end of file.
2025-06-25 21:27:19,756 [ERROR] LogOutputStream:75 - [STDERR_REDIRECT] 
2025-06-25 21:27:20,763 [ERROR] LogOutputStream:75 - [STDERR_REDIRECT] [Fatal Error] :1:1: Premature end of file.
2025-06-25 21:27:20,763 [ERROR] LogOutputStream:75 - [STDERR_REDIRECT] 
2025-06-25 21:27:21,757 [ERROR] LogOutputStream:75 - [STDERR_REDIRECT] [Fatal Error] :1:1: Premature end of file.
2025-06-25 21:27:21,757 [ERROR] LogOutputStream:75 - [STDERR_REDIRECT] 
2025-06-25 21:27:22,749 [ERROR] LogOutputStream:75 - [STDERR_REDIRECT] [Fatal Error] :1:1: Premature end of file.
2025-06-25 21:27:22,749 [ERROR] LogOutputStream:75 - [STDERR_REDIRECT] 
2025-06-25 21:27:23,766 [ERROR] LogOutputStream:75 - [STDERR_REDIRECT] [Fatal Error] :1:1: Premature end of file.
2025-06-25 21:27:23,766 [ERROR] LogOutputStream:75 - [STDERR_REDIRECT] 
2025-06-25 21:27:24,757 [ERROR] LogOutputStream:75 - [STDERR_REDIRECT] [Fatal Error] :1:1: Premature end of file.
2025-06-25 21:27:24,757 [ERROR] LogOutputStream:75 - [STDERR_REDIRECT] 
2025-06-25 21:27:25,752 [ERROR] LogOutputStream:75 - [STDERR_REDIRECT] [Fatal Error] :1:1: Premature end of file.
2025-06-25 21:27:25,752 [ERROR] LogOutputStream:75 - [STDERR_REDIRECT] 
2025-06-25 21:27:26,751 [ERROR] LogOutputStream:75 - [STDERR_REDIRECT] [Fatal Error] :1:1: Premature end of file.
2025-06-25 21:27:26,752 [ERROR] LogOutputStream:75 - [STDERR_REDIRECT] 
2025-06-25 21:27:27,758 [ERROR] LogOutputStream:75 - [STDERR_REDIRECT] [Fatal Error] :1:1: Premature end of file.
2025-06-25 21:27:27,758 [ERROR] LogOutputStream:75 - [STDERR_REDIRECT] 
2025-06-25 21:27:28,762 [ERROR] LogOutputStream:75 - [STDERR_REDIRECT] [Fatal Error] :1:1: Premature end of file.
2025-06-25 21:27:28,762 [ERROR] LogOutputStream:75 - [STDERR_REDIRECT] 
2025-06-25 21:27:29,755 [ERROR] LogOutputStream:75 - [STDERR_REDIRECT] [Fatal Error] :1:1: Premature end of file.
2025-06-25 21:27:29,756 [ERROR] LogOutputStream:75 - [STDERR_REDIRECT] 
2025-06-25 21:27:30,750 [ERROR] LogOutputStream:75 - [STDERR_REDIRECT] [Fatal Error] :1:1: Premature end of file.
2025-06-25 21:27:30,750 [ERROR] LogOutputStream:75 - [STDERR_REDIRECT] 
2025-06-25 21:27:31,755 [ERROR] LogOutputStream:75 - [STDERR_REDIRECT] [Fatal Error] :1:1: Premature end of file.
2025-06-25 21:27:31,755 [ERROR] LogOutputStream:75 - [STDERR_REDIRECT] 
2025-06-25 21:27:32,749 [ERROR] LogOutputStream:75 - [STDERR_REDIRECT] [Fatal Error] :1:1: Premature end of file.
2025-06-25 21:27:32,749 [ERROR] LogOutputStream:75 - [STDERR_REDIRECT] 
2025-06-25 21:27:33,762 [ERROR] LogOutputStream:75 - [STDERR_REDIRECT] [Fatal Error] :1:1: Premature end of file.
2025-06-25 21:27:33,762 [ERROR] LogOutputStream:75 - [STDERR_REDIRECT] 
2025-06-25 21:27:34,754 [ERROR] LogOutputStream:75 - [STDERR_REDIRECT] [Fatal Error] :1:1: Premature end of file.
2025-06-25 21:27:34,755 [ERROR] LogOutputStream:75 - [STDERR_REDIRECT] 
2025-06-25 21:27:35,752 [ERROR] LogOutputStream:75 - [STDERR_REDIRECT] [Fatal Error] :1:1: Premature end of file.
2025-06-25 21:27:35,754 [ERROR] LogOutputStream:75 - [STDERR_REDIRECT] 
2025-06-25 21:27:36,750 [ERROR] LogOutputStream:75 - [STDERR_REDIRECT] [Fatal Error] :1:1: Premature end of file.
2025-06-25 21:27:36,750 [ERROR] LogOutputStream:75 - [STDERR_REDIRECT] 
2025-06-25 21:27:37,749 [ERROR] LogOutputStream:75 - [STDERR_REDIRECT] [Fatal Error] :1:1: Premature end of file.
2025-06-25 21:27:37,749 [ERROR] LogOutputStream:75 - [STDERR_REDIRECT] 
2025-06-25 21:27:38,760 [ERROR] LogOutputStream:75 - [STDERR_REDIRECT] [Fatal Error] :1:1: Premature end of file.
2025-06-25 21:27:38,760 [ERROR] LogOutputStream:75 - [STDERR_REDIRECT] 
2025-06-25 21:27:39,752 [ERROR] LogOutputStream:75 - [STDERR_REDIRECT] [Fatal Error] :1:1: Premature end of file.
2025-06-25 21:27:39,752 [ERROR] LogOutputStream:75 - [STDERR_REDIRECT] 
2025-06-25 21:27:40,763 [ERROR] LogOutputStream:75 - [STDERR_REDIRECT] [Fatal Error] :1:1: Premature end of file.
2025-06-25 21:27:40,764 [ERROR] LogOutputStream:75 - [STDERR_REDIRECT] 
2025-06-25 21:27:41,760 [ERROR] LogOutputStream:75 - [STDERR_REDIRECT] [Fatal Error] :1:1: Premature end of file.
2025-06-25 21:27:41,760 [ERROR] LogOutputStream:75 - [STDERR_REDIRECT] 
2025-06-25 21:27:42,752 [ERROR] LogOutputStream:75 - [STDERR_REDIRECT] [Fatal Error] :1:1: Premature end of file.
2025-06-25 21:27:42,752 [ERROR] LogOutputStream:75 - [STDERR_REDIRECT] 
2025-06-25 21:27:43,749 [ERROR] LogOutputStream:75 - [STDERR_REDIRECT] [Fatal Error] :1:1: Premature end of file.
2025-06-25 21:27:43,749 [ERROR] LogOutputStream:75 - [STDERR_REDIRECT] 
2025-06-25 21:27:44,759 [ERROR] LogOutputStream:75 - [STDERR_REDIRECT] [Fatal Error] :1:1: Premature end of file.
2025-06-25 21:27:44,759 [ERROR] LogOutputStream:75 - [STDERR_REDIRECT] 
2025-06-25 21:27:45,755 [ERROR] LogOutputStream:75 - [STDERR_REDIRECT] [Fatal Error] :1:1: Premature end of file.
2025-06-25 21:27:45,755 [ERROR] LogOutputStream:75 - [STDERR_REDIRECT] 
2025-06-25 21:27:46,751 [ERROR] LogOutputStream:75 - [STDERR_REDIRECT] [Fatal Error] :1:1: Premature end of file.
2025-06-25 21:27:46,751 [ERROR] LogOutputStream:75 - [STDERR_REDIRECT] 
2025-06-25 21:27:47,761 [ERROR] LogOutputStream:75 - [STDERR_REDIRECT] [Fatal Error] :1:1: Premature end of file.
2025-06-25 21:27:47,761 [ERROR] LogOutputStream:75 - [STDERR_REDIRECT] 
2025-06-25 21:27:48,758 [ERROR] LogOutputStream:75 - [STDERR_REDIRECT] [Fatal Error] :1:1: Premature end of file.
2025-06-25 21:27:48,758 [ERROR] LogOutputStream:75 - [STDERR_REDIRECT] 
2025-06-25 21:27:49,752 [ERROR] LogOutputStream:75 - [STDERR_REDIRECT] [Fatal Error] :1:1: Premature end of file.
2025-06-25 21:27:49,752 [ERROR] LogOutputStream:75 - [STDERR_REDIRECT] 
2025-06-25 21:27:50,754 [ERROR] LogOutputStream:75 - [STDERR_REDIRECT] [Fatal Error] :1:1: Premature end of file.
2025-06-25 21:27:50,755 [ERROR] LogOutputStream:75 - [STDERR_REDIRECT] 
2025-06-25 21:27:51,763 [ERROR] LogOutputStream:75 - [STDERR_REDIRECT] [Fatal Error] :1:1: Premature end of file.
2025-06-25 21:27:51,763 [ERROR] LogOutputStream:75 - [STDERR_REDIRECT] 
2025-06-25 21:27:52,760 [ERROR] LogOutputStream:75 - [STDERR_REDIRECT] [Fatal Error] :1:1: Premature end of file.
2025-06-25 21:27:52,760 [ERROR] LogOutputStream:75 - [STDERR_REDIRECT] 
2025-06-25 21:27:53,753 [ERROR] LogOutputStream:75 - [STDERR_REDIRECT] [Fatal Error] :1:1: Premature end of file.
2025-06-25 21:27:53,753 [ERROR] LogOutputStream:75 - [STDERR_REDIRECT] 
2025-06-25 21:27:54,754 [ERROR] LogOutputStream:75 - [STDERR_REDIRECT] [Fatal Error] :1:1: Premature end of file.
2025-06-25 21:27:54,754 [ERROR] LogOutputStream:75 - [STDERR_REDIRECT] 
2025-06-25 21:27:55,748 [ERROR] LogOutputStream:75 - [STDERR_REDIRECT] [Fatal Error] :1:1: Premature end of file.
2025-06-25 21:27:55,748 [ERROR] LogOutputStream:75 - [STDERR_REDIRECT] 
2025-06-25 21:27:56,758 [ERROR] LogOutputStream:75 - [STDERR_REDIRECT] [Fatal Error] :1:1: Premature end of file.
2025-06-25 21:27:56,760 [ERROR] LogOutputStream:75 - [STDERR_REDIRECT] 
2025-06-25 21:27:57,754 [ERROR] LogOutputStream:75 - [STDERR_REDIRECT] [Fatal Error] :1:1: Premature end of file.
2025-06-25 21:27:57,755 [ERROR] LogOutputStream:75 - [STDERR_REDIRECT] 
2025-06-25 21:27:58,751 [ERROR] LogOutputStream:75 - [STDERR_REDIRECT] [Fatal Error] :1:1: Premature end of file.
2025-06-25 21:27:58,751 [ERROR] LogOutputStream:75 - [STDERR_REDIRECT] 
2025-06-25 21:27:59,753 [ERROR] LogOutputStream:75 - [STDERR_REDIRECT] [Fatal Error] :1:1: Premature end of file.
2025-06-25 21:27:59,753 [ERROR] LogOutputStream:75 - [STDERR_REDIRECT] 
2025-06-25 21:28:00,753 [ERROR] LogOutputStream:75 - [STDERR_REDIRECT] [Fatal Error] :1:1: Premature end of file.
2025-06-25 21:28:00,753 [ERROR] LogOutputStream:75 - [STDERR_REDIRECT] 
2025-06-25 21:28:01,750 [ERROR] LogOutputStream:75 - [STDERR_REDIRECT] [Fatal Error] :1:1: Premature end of file.
2025-06-25 21:28:01,751 [ERROR] LogOutputStream:75 - [STDERR_REDIRECT] 
2025-06-25 21:28:02,761 [ERROR] LogOutputStream:75 - [STDERR_REDIRECT] [Fatal Error] :1:1: Premature end of file.
2025-06-25 21:28:02,761 [ERROR] LogOutputStream:75 - [STDERR_REDIRECT] 
2025-06-25 21:28:03,753 [ERROR] LogOutputStream:75 - [STDERR_REDIRECT] [Fatal Error] :1:1: Premature end of file.
2025-06-25 21:28:03,753 [ERROR] LogOutputStream:75 - [STDERR_REDIRECT] 
2025-06-25 21:28:04,763 [ERROR] LogOutputStream:75 - [STDERR_REDIRECT] [Fatal Error] :1:1: Premature end of file.
2025-06-25 21:28:04,763 [ERROR] LogOutputStream:75 - [STDERR_REDIRECT] 
2025-06-25 21:28:05,762 [ERROR] LogOutputStream:75 - [STDERR_REDIRECT] [Fatal Error] :1:1: Premature end of file.
2025-06-25 21:28:05,762 [ERROR] LogOutputStream:75 - [STDERR_REDIRECT] 
2025-06-25 21:28:06,756 [ERROR] LogOutputStream:75 - [STDERR_REDIRECT] [Fatal Error] :1:1: Premature end of file.
2025-06-25 21:28:06,756 [ERROR] LogOutputStream:75 - [STDERR_REDIRECT] 
2025-06-25 21:28:07,749 [ERROR] LogOutputStream:75 - [STDERR_REDIRECT] [Fatal Error] :1:1: Premature end of file.
2025-06-25 21:28:07,749 [ERROR] LogOutputStream:75 - [STDERR_REDIRECT] 
2025-06-25 21:28:08,758 [ERROR] LogOutputStream:75 - [STDERR_REDIRECT] [Fatal Error] :1:1: Premature end of file.
2025-06-25 21:28:08,759 [ERROR] LogOutputStream:75 - [STDERR_REDIRECT] 
2025-06-25 21:28:09,763 [ERROR] LogOutputStream:75 - [STDERR_REDIRECT] [Fatal Error] :1:1: Premature end of file.
2025-06-25 21:28:09,763 [ERROR] LogOutputStream:75 - [STDERR_REDIRECT] 
2025-06-25 21:28:10,753 [ERROR] LogOutputStream:75 - [STDERR_REDIRECT] [Fatal Error] :1:1: Premature end of file.
2025-06-25 21:28:10,753 [ERROR] LogOutputStream:75 - [STDERR_REDIRECT] 
2025-06-25 21:28:11,759 [ERROR] LogOutputStream:75 - [STDERR_REDIRECT] [Fatal Error] :1:1: Premature end of file.
2025-06-25 21:28:11,760 [ERROR] LogOutputStream:75 - [STDERR_REDIRECT] 
2025-06-25 21:28:12,754 [ERROR] LogOutputStream:75 - [STDERR_REDIRECT] [Fatal Error] :1:1: Premature end of file.
2025-06-25 21:28:12,754 [ERROR] LogOutputStream:75 - [STDERR_REDIRECT] 
2025-06-25 21:28:13,750 [ERROR] LogOutputStream:75 - [STDERR_REDIRECT] [Fatal Error] :1:1: Premature end of file.
2025-06-25 21:28:13,750 [ERROR] LogOutputStream:75 - [STDERR_REDIRECT] 
2025-06-25 21:28:14,758 [ERROR] LogOutputStream:75 - [STDERR_REDIRECT] [Fatal Error] :1:1: Premature end of file.
2025-06-25 21:28:14,758 [ERROR] LogOutputStream:75 - [STDERR_REDIRECT] 
2025-06-25 21:28:15,752 [ERROR] LogOutputStream:75 - [STDERR_REDIRECT] [Fatal Error] :1:1: Premature end of file.
2025-06-25 21:28:15,752 [ERROR] LogOutputStream:75 - [STDERR_REDIRECT] 
2025-06-25 21:28:16,750 [ERROR] LogOutputStream:75 - [STDERR_REDIRECT] [Fatal Error] :1:1: Premature end of file.
2025-06-25 21:28:16,750 [ERROR] LogOutputStream:75 - [STDERR_REDIRECT] 
2025-06-25 21:28:17,761 [ERROR] LogOutputStream:75 - [STDERR_REDIRECT] [Fatal Error] :1:1: Premature end of file.
2025-06-25 21:28:17,761 [ERROR] LogOutputStream:75 - [STDERR_REDIRECT] 
2025-06-25 21:28:18,763 [ERROR] LogOutputStream:75 - [STDERR_REDIRECT] [Fatal Error] :1:1: Premature end of file.
2025-06-25 21:28:18,763 [ERROR] LogOutputStream:75 - [STDERR_REDIRECT] 
2025-06-25 21:28:19,755 [ERROR] LogOutputStream:75 - [STDERR_REDIRECT] [Fatal Error] :1:1: Premature end of file.
2025-06-25 21:28:19,755 [ERROR] LogOutputStream:75 - [STDERR_REDIRECT] 
2025-06-25 21:28:20,756 [ERROR] LogOutputStream:75 - [STDERR_REDIRECT] [Fatal Error] :1:1: Premature end of file.
2025-06-25 21:28:20,758 [ERROR] LogOutputStream:75 - [STDERR_REDIRECT] 
2025-06-25 21:28:21,751 [ERROR] LogOutputStream:75 - [STDERR_REDIRECT] [Fatal Error] :1:1: Premature end of file.
2025-06-25 21:28:21,751 [ERROR] LogOutputStream:75 - [STDERR_REDIRECT] 
2025-06-25 21:28:22,761 [ERROR] LogOutputStream:75 - [STDERR_REDIRECT] [Fatal Error] :1:1: Premature end of file.
2025-06-25 21:28:22,761 [ERROR] LogOutputStream:75 - [STDERR_REDIRECT] 
2025-06-25 21:28:23,750 [ERROR] LogOutputStream:75 - [STDERR_REDIRECT] [Fatal Error] :1:1: Premature end of file.
2025-06-25 21:28:23,750 [ERROR] LogOutputStream:75 - [STDERR_REDIRECT] 
2025-06-25 21:28:24,760 [ERROR] LogOutputStream:75 - [STDERR_REDIRECT] [Fatal Error] :1:1: Premature end of file.
2025-06-25 21:28:24,760 [ERROR] LogOutputStream:75 - [STDERR_REDIRECT] 
2025-06-25 21:28:25,756 [ERROR] LogOutputStream:75 - [STDERR_REDIRECT] [Fatal Error] :1:1: Premature end of file.
2025-06-25 21:28:25,756 [ERROR] LogOutputStream:75 - [STDERR_REDIRECT] 
2025-06-25 21:28:26,749 [ERROR] LogOutputStream:75 - [STDERR_REDIRECT] [Fatal Error] :1:1: Premature end of file.
2025-06-25 21:28:26,750 [ERROR] LogOutputStream:75 - [STDERR_REDIRECT] 
2025-06-25 21:28:27,758 [ERROR] LogOutputStream:75 - [STDERR_REDIRECT] [Fatal Error] :1:1: Premature end of file.
2025-06-25 21:28:27,758 [ERROR] LogOutputStream:75 - [STDERR_REDIRECT] 
2025-06-25 21:28:28,755 [ERROR] LogOutputStream:75 - [STDERR_REDIRECT] [Fatal Error] :1:1: Premature end of file.
2025-06-25 21:28:28,755 [ERROR] LogOutputStream:75 - [STDERR_REDIRECT] 
2025-06-25 21:28:29,770 [ERROR] LogOutputStream:75 - [STDERR_REDIRECT] [Fatal Error] :1:1: Premature end of file.
2025-06-25 21:28:29,770 [ERROR] LogOutputStream:75 - [STDERR_REDIRECT] 
2025-06-25 21:28:30,757 [ERROR] LogOutputStream:75 - [STDERR_REDIRECT] [Fatal Error] :1:1: Premature end of file.
2025-06-25 21:28:30,757 [ERROR] LogOutputStream:75 - [STDERR_REDIRECT] 
2025-06-25 21:28:31,755 [ERROR] LogOutputStream:75 - [STDERR_REDIRECT] [Fatal Error] :1:1: Premature end of file.
2025-06-25 21:28:31,755 [ERROR] LogOutputStream:75 - [STDERR_REDIRECT] 
2025-06-25 21:28:32,753 [ERROR] LogOutputStream:75 - [STDERR_REDIRECT] [Fatal Error] :1:1: Premature end of file.
2025-06-25 21:28:32,754 [ERROR] LogOutputStream:75 - [STDERR_REDIRECT] 
2025-06-25 21:28:33,757 [ERROR] LogOutputStream:75 - [STDERR_REDIRECT] [Fatal Error] :1:1: Premature end of file.
2025-06-25 21:28:33,757 [ERROR] LogOutputStream:75 - [STDERR_REDIRECT] 
2025-06-25 21:28:34,748 [ERROR] LogOutputStream:75 - [STDERR_REDIRECT] [Fatal Error] :1:1: Premature end of file.
2025-06-25 21:28:34,748 [ERROR] LogOutputStream:75 - [STDERR_REDIRECT] 
2025-06-25 21:28:35,760 [ERROR] LogOutputStream:75 - [STDERR_REDIRECT] [Fatal Error] :1:1: Premature end of file.
2025-06-25 21:28:35,760 [ERROR] LogOutputStream:75 - [STDERR_REDIRECT] 
2025-06-25 21:28:36,751 [ERROR] LogOutputStream:75 - [STDERR_REDIRECT] [Fatal Error] :1:1: Premature end of file.
2025-06-25 21:28:36,751 [ERROR] LogOutputStream:75 - [STDERR_REDIRECT] 
2025-06-25 21:28:37,748 [ERROR] LogOutputStream:75 - [STDERR_REDIRECT] [Fatal Error] :1:1: Premature end of file.
2025-06-25 21:28:37,748 [ERROR] LogOutputStream:75 - [STDERR_REDIRECT] 
2025-06-25 21:28:38,757 [ERROR] LogOutputStream:75 - [STDERR_REDIRECT] [Fatal Error] :1:1: Premature end of file.
2025-06-25 21:28:38,757 [ERROR] LogOutputStream:75 - [STDERR_REDIRECT] 
2025-06-25 21:28:39,749 [ERROR] LogOutputStream:75 - [STDERR_REDIRECT] [Fatal Error] :1:1: Premature end of file.
2025-06-25 21:28:39,750 [ERROR] LogOutputStream:75 - [STDERR_REDIRECT] 
2025-06-25 21:28:40,760 [ERROR] LogOutputStream:75 - [STDERR_REDIRECT] [Fatal Error] :1:1: Premature end of file.
2025-06-25 21:28:40,760 [ERROR] LogOutputStream:75 - [STDERR_REDIRECT] 
2025-06-25 21:28:41,750 [ERROR] LogOutputStream:75 - [STDERR_REDIRECT] [Fatal Error] :1:1: Premature end of file.
2025-06-25 21:28:41,751 [ERROR] LogOutputStream:75 - [STDERR_REDIRECT] 
2025-06-25 21:28:42,750 [ERROR] LogOutputStream:75 - [STDERR_REDIRECT] [Fatal Error] :1:1: Premature end of file.
2025-06-25 21:28:42,750 [ERROR] LogOutputStream:75 - [STDERR_REDIRECT] 
2025-06-25 21:28:43,761 [ERROR] LogOutputStream:75 - [STDERR_REDIRECT] [Fatal Error] :1:1: Premature end of file.
2025-06-25 21:28:43,761 [ERROR] LogOutputStream:75 - [STDERR_REDIRECT] 
2025-06-25 21:28:44,753 [ERROR] LogOutputStream:75 - [STDERR_REDIRECT] [Fatal Error] :1:1: Premature end of file.
2025-06-25 21:28:44,753 [ERROR] LogOutputStream:75 - [STDERR_REDIRECT] 
2025-06-25 21:28:45,760 [ERROR] LogOutputStream:75 - [STDERR_REDIRECT] [Fatal Error] :1:1: Premature end of file.
2025-06-25 21:28:45,760 [ERROR] LogOutputStream:75 - [STDERR_REDIRECT] 
2025-06-25 21:28:46,760 [ERROR] LogOutputStream:75 - [STDERR_REDIRECT] [Fatal Error] :1:1: Premature end of file.
2025-06-25 21:28:46,760 [ERROR] LogOutputStream:75 - [STDERR_REDIRECT] 
2025-06-25 21:28:47,761 [ERROR] LogOutputStream:75 - [STDERR_REDIRECT] [Fatal Error] :1:1: Premature end of file.
2025-06-25 21:28:47,762 [ERROR] LogOutputStream:75 - [STDERR_REDIRECT] 
2025-06-25 21:28:48,756 [ERROR] LogOutputStream:75 - [STDERR_REDIRECT] [Fatal Error] :1:1: Premature end of file.
2025-06-25 21:28:48,756 [ERROR] LogOutputStream:75 - [STDERR_REDIRECT] 
2025-06-25 21:28:49,753 [ERROR] LogOutputStream:75 - [STDERR_REDIRECT] [Fatal Error] :1:1: Premature end of file.
2025-06-25 21:28:49,753 [ERROR] LogOutputStream:75 - [STDERR_REDIRECT] 
2025-06-25 21:28:50,763 [ERROR] LogOutputStream:75 - [STDERR_REDIRECT] [Fatal Error] :1:1: Premature end of file.
2025-06-25 21:28:50,763 [ERROR] LogOutputStream:75 - [STDERR_REDIRECT] 
2025-06-25 21:28:51,764 [ERROR] LogOutputStream:75 - [STDERR_REDIRECT] [Fatal Error] :1:1: Premature end of file.
2025-06-25 21:28:51,764 [ERROR] LogOutputStream:75 - [STDERR_REDIRECT] 
2025-06-25 21:28:52,754 [ERROR] LogOutputStream:75 - [STDERR_REDIRECT] [Fatal Error] :1:1: Premature end of file.
2025-06-25 21:28:52,754 [ERROR] LogOutputStream:75 - [STDERR_REDIRECT] 
2025-06-25 21:28:53,750 [ERROR] LogOutputStream:75 - [STDERR_REDIRECT] [Fatal Error] :1:1: Premature end of file.
2025-06-25 21:28:53,750 [ERROR] LogOutputStream:75 - [STDERR_REDIRECT] 
2025-06-25 21:28:54,758 [ERROR] LogOutputStream:75 - [STDERR_REDIRECT] [Fatal Error] :1:1: Premature end of file.
2025-06-25 21:28:54,758 [ERROR] LogOutputStream:75 - [STDERR_REDIRECT] 
2025-06-25 21:28:55,750 [ERROR] LogOutputStream:75 - [STDERR_REDIRECT] [Fatal Error] :1:1: Premature end of file.
2025-06-25 21:28:55,750 [ERROR] LogOutputStream:75 - [STDERR_REDIRECT] 
2025-06-25 21:28:56,760 [ERROR] LogOutputStream:75 - [STDERR_REDIRECT] [Fatal Error] :1:1: Premature end of file.
2025-06-25 21:28:56,760 [ERROR] LogOutputStream:75 - [STDERR_REDIRECT] 
2025-06-25 21:28:57,752 [ERROR] LogOutputStream:75 - [STDERR_REDIRECT] [Fatal Error] :1:1: Premature end of file.
2025-06-25 21:28:57,752 [ERROR] LogOutputStream:75 - [STDERR_REDIRECT] 
2025-06-25 21:28:58,748 [ERROR] LogOutputStream:75 - [STDERR_REDIRECT] [Fatal Error] :1:1: Premature end of file.
2025-06-25 21:28:58,748 [ERROR] LogOutputStream:75 - [STDERR_REDIRECT] 
2025-06-25 21:28:59,759 [ERROR] LogOutputStream:75 - [STDERR_REDIRECT] [Fatal Error] :1:1: Premature end of file.
2025-06-25 21:28:59,759 [ERROR] LogOutputStream:75 - [STDERR_REDIRECT] 
2025-06-25 21:29:00,756 [ERROR] LogOutputStream:75 - [STDERR_REDIRECT] [Fatal Error] :1:1: Premature end of file.
2025-06-25 21:29:00,757 [ERROR] LogOutputStream:75 - [STDERR_REDIRECT] 
2025-06-25 21:29:01,747 [ERROR] LogOutputStream:75 - [STDERR_REDIRECT] [Fatal Error] :1:1: Premature end of file.
2025-06-25 21:29:01,748 [ERROR] LogOutputStream:75 - [STDERR_REDIRECT] 
2025-06-25 21:29:02,755 [ERROR] LogOutputStream:75 - [STDERR_REDIRECT] [Fatal Error] :1:1: Premature end of file.
2025-06-25 21:29:02,757 [ERROR] LogOutputStream:75 - [STDERR_REDIRECT] 
2025-06-25 21:29:03,750 [ERROR] LogOutputStream:75 - [STDERR_REDIRECT] [Fatal Error] :1:1: Premature end of file.
2025-06-25 21:29:03,750 [ERROR] LogOutputStream:75 - [STDERR_REDIRECT] 
2025-06-25 21:29:04,761 [ERROR] LogOutputStream:75 - [STDERR_REDIRECT] [Fatal Error] :1:1: Premature end of file.
2025-06-25 21:29:04,761 [ERROR] LogOutputStream:75 - [STDERR_REDIRECT] 
2025-06-25 21:29:05,754 [ERROR] LogOutputStream:75 - [STDERR_REDIRECT] [Fatal Error] :1:1: Premature end of file.
2025-06-25 21:29:05,754 [ERROR] LogOutputStream:75 - [STDERR_REDIRECT] 
2025-06-25 21:29:06,759 [ERROR] LogOutputStream:75 - [STDERR_REDIRECT] [Fatal Error] :1:1: Premature end of file.
2025-06-25 21:29:06,759 [ERROR] LogOutputStream:75 - [STDERR_REDIRECT] 
2025-06-25 21:29:07,753 [ERROR] LogOutputStream:75 - [STDERR_REDIRECT] [Fatal Error] :1:1: Premature end of file.
2025-06-25 21:29:07,753 [ERROR] LogOutputStream:75 - [STDERR_REDIRECT] 
2025-06-25 21:29:08,761 [ERROR] LogOutputStream:75 - [STDERR_REDIRECT] [Fatal Error] :1:1: Premature end of file.
2025-06-25 21:29:08,761 [ERROR] LogOutputStream:75 - [STDERR_REDIRECT] 
2025-06-25 21:29:09,756 [ERROR] LogOutputStream:75 - [STDERR_REDIRECT] [Fatal Error] :1:1: Premature end of file.
2025-06-25 21:29:09,756 [ERROR] LogOutputStream:75 - [STDERR_REDIRECT] 
2025-06-25 21:29:10,759 [ERROR] LogOutputStream:75 - [STDERR_REDIRECT] [Fatal Error] :1:1: Premature end of file.
2025-06-25 21:29:10,759 [ERROR] LogOutputStream:75 - [STDERR_REDIRECT] 
2025-06-25 21:29:11,751 [ERROR] LogOutputStream:75 - [STDERR_REDIRECT] [Fatal Error] :1:1: Premature end of file.
2025-06-25 21:29:11,751 [ERROR] LogOutputStream:75 - [STDERR_REDIRECT] 
2025-06-25 21:29:12,756 [ERROR] LogOutputStream:75 - [STDERR_REDIRECT] [Fatal Error] :1:1: Premature end of file.
2025-06-25 21:29:12,756 [ERROR] LogOutputStream:75 - [STDERR_REDIRECT] 
2025-06-25 21:29:13,754 [ERROR] LogOutputStream:75 - [STDERR_REDIRECT] [Fatal Error] :1:1: Premature end of file.
2025-06-25 21:29:13,754 [ERROR] LogOutputStream:75 - [STDERR_REDIRECT] 
2025-06-25 21:29:14,761 [ERROR] LogOutputStream:75 - [STDERR_REDIRECT] [Fatal Error] :1:1: Premature end of file.
2025-06-25 21:29:14,761 [ERROR] LogOutputStream:75 - [STDERR_REDIRECT] 
2025-06-25 21:29:15,755 [ERROR] LogOutputStream:75 - [STDERR_REDIRECT] [Fatal Error] :1:1: Premature end of file.
2025-06-25 21:29:15,755 [ERROR] LogOutputStream:75 - [STDERR_REDIRECT] 
2025-06-25 21:29:16,762 [ERROR] LogOutputStream:75 - [STDERR_REDIRECT] [Fatal Error] :1:1: Premature end of file.
2025-06-25 21:29:16,762 [ERROR] LogOutputStream:75 - [STDERR_REDIRECT] 
2025-06-25 21:29:17,760 [ERROR] LogOutputStream:75 - [STDERR_REDIRECT] [Fatal Error] :1:1: Premature end of file.
2025-06-25 21:29:17,760 [ERROR] LogOutputStream:75 - [STDERR_REDIRECT] 
2025-06-25 21:29:18,753 [ERROR] LogOutputStream:75 - [STDERR_REDIRECT] [Fatal Error] :1:1: Premature end of file.
2025-06-25 21:29:18,753 [ERROR] LogOutputStream:75 - [STDERR_REDIRECT] 
2025-06-25 21:29:19,748 [ERROR] LogOutputStream:75 - [STDERR_REDIRECT] [Fatal Error] :1:1: Premature end of file.
2025-06-25 21:29:19,748 [ERROR] LogOutputStream:75 - [STDERR_REDIRECT] 
2025-06-25 21:29:20,756 [ERROR] LogOutputStream:75 - [STDERR_REDIRECT] [Fatal Error] :1:1: Premature end of file.
2025-06-25 21:29:20,756 [ERROR] LogOutputStream:75 - [STDERR_REDIRECT] 
2025-06-25 21:29:21,748 [ERROR] LogOutputStream:75 - [STDERR_REDIRECT] [Fatal Error] :1:1: Premature end of file.
2025-06-25 21:29:21,748 [ERROR] LogOutputStream:75 - [STDERR_REDIRECT] 
2025-06-25 21:29:22,753 [ERROR] LogOutputStream:75 - [STDERR_REDIRECT] [Fatal Error] :1:1: Premature end of file.
2025-06-25 21:29:22,753 [ERROR] LogOutputStream:75 - [STDERR_REDIRECT] 
2025-06-25 21:29:23,761 [ERROR] LogOutputStream:75 - [STDERR_REDIRECT] [Fatal Error] :1:1: Premature end of file.
2025-06-25 21:29:23,761 [ERROR] LogOutputStream:75 - [STDERR_REDIRECT] 
2025-06-25 21:29:24,752 [ERROR] LogOutputStream:75 - [STDERR_REDIRECT] [Fatal Error] :1:1: Premature end of file.
2025-06-25 21:29:24,753 [ERROR] LogOutputStream:75 - [STDERR_REDIRECT] 
2025-06-25 21:29:25,759 [ERROR] LogOutputStream:75 - [STDERR_REDIRECT] [Fatal Error] :1:1: Premature end of file.
2025-06-25 21:29:25,759 [ERROR] LogOutputStream:75 - [STDERR_REDIRECT] 
2025-06-25 21:29:26,751 [ERROR] LogOutputStream:75 - [STDERR_REDIRECT] [Fatal Error] :1:1: Premature end of file.
2025-06-25 21:29:26,751 [ERROR] LogOutputStream:75 - [STDERR_REDIRECT] 
2025-06-25 21:29:27,762 [ERROR] LogOutputStream:75 - [STDERR_REDIRECT] [Fatal Error] :1:1: Premature end of file.
2025-06-25 21:29:27,763 [ERROR] LogOutputStream:75 - [STDERR_REDIRECT] 
2025-06-25 21:29:28,756 [ERROR] LogOutputStream:75 - [STDERR_REDIRECT] [Fatal Error] :1:1: Premature end of file.
2025-06-25 21:29:28,756 [ERROR] LogOutputStream:75 - [STDERR_REDIRECT] 
2025-06-25 21:29:29,748 [ERROR] LogOutputStream:75 - [STDERR_REDIRECT] [Fatal Error] :1:1: Premature end of file.
2025-06-25 21:29:29,748 [ERROR] LogOutputStream:75 - [STDERR_REDIRECT] 
2025-06-25 21:29:30,755 [ERROR] LogOutputStream:75 - [STDERR_REDIRECT] [Fatal Error] :1:1: Premature end of file.
2025-06-25 21:29:30,755 [ERROR] LogOutputStream:75 - [STDERR_REDIRECT] 
2025-06-25 21:29:31,767 [ERROR] LogOutputStream:75 - [STDERR_REDIRECT] [Fatal Error] :1:1: Premature end of file.
2025-06-25 21:29:31,767 [ERROR] LogOutputStream:75 - [STDERR_REDIRECT] 
2025-06-25 21:29:32,750 [ERROR] LogOutputStream:75 - [STDERR_REDIRECT] [Fatal Error] :1:1: Premature end of file.
2025-06-25 21:29:32,750 [ERROR] LogOutputStream:75 - [STDERR_REDIRECT] 
2025-06-25 21:29:33,751 [ERROR] LogOutputStream:75 - [STDERR_REDIRECT] [Fatal Error] :1:1: Premature end of file.
2025-06-25 21:29:33,751 [ERROR] LogOutputStream:75 - [STDERR_REDIRECT] 
2025-06-25 21:29:34,763 [ERROR] LogOutputStream:75 - [STDERR_REDIRECT] [Fatal Error] :1:1: Premature end of file.
2025-06-25 21:29:34,763 [ERROR] LogOutputStream:75 - [STDERR_REDIRECT] 
2025-06-25 21:29:35,760 [ERROR] LogOutputStream:75 - [STDERR_REDIRECT] [Fatal Error] :1:1: Premature end of file.
2025-06-25 21:29:35,760 [ERROR] LogOutputStream:75 - [STDERR_REDIRECT] 
2025-06-25 21:29:36,755 [ERROR] LogOutputStream:75 - [STDERR_REDIRECT] [Fatal Error] :1:1: Premature end of file.
2025-06-25 21:29:36,756 [ERROR] LogOutputStream:75 - [STDERR_REDIRECT] 
2025-06-25 21:29:37,753 [ERROR] LogOutputStream:75 - [STDERR_REDIRECT] [Fatal Error] :1:1: Premature end of file.
2025-06-25 21:29:37,753 [ERROR] LogOutputStream:75 - [STDERR_REDIRECT] 
2025-06-25 21:29:38,762 [ERROR] LogOutputStream:75 - [STDERR_REDIRECT] [Fatal Error] :1:1: Premature end of file.
2025-06-25 21:29:38,762 [ERROR] LogOutputStream:75 - [STDERR_REDIRECT] 
2025-06-25 21:29:39,760 [ERROR] LogOutputStream:75 - [STDERR_REDIRECT] [Fatal Error] :1:1: Premature end of file.
2025-06-25 21:29:39,760 [ERROR] LogOutputStream:75 - [STDERR_REDIRECT] 
2025-06-25 21:29:40,758 [ERROR] LogOutputStream:75 - [STDERR_REDIRECT] [Fatal Error] :1:1: Premature end of file.
2025-06-25 21:29:40,758 [ERROR] LogOutputStream:75 - [STDERR_REDIRECT] 
2025-06-25 21:29:41,752 [ERROR] LogOutputStream:75 - [STDERR_REDIRECT] [Fatal Error] :1:1: Premature end of file.
2025-06-25 21:29:41,752 [ERROR] LogOutputStream:75 - [STDERR_REDIRECT] 
2025-06-25 21:29:42,749 [ERROR] LogOutputStream:75 - [STDERR_REDIRECT] [Fatal Error] :1:1: Premature end of file.
2025-06-25 21:29:42,749 [ERROR] LogOutputStream:75 - [STDERR_REDIRECT] 
2025-06-25 21:29:43,758 [ERROR] LogOutputStream:75 - [STDERR_REDIRECT] [Fatal Error] :1:1: Premature end of file.
2025-06-25 21:29:43,758 [ERROR] LogOutputStream:75 - [STDERR_REDIRECT] 
2025-06-25 21:29:44,748 [ERROR] LogOutputStream:75 - [STDERR_REDIRECT] [Fatal Error] :1:1: Premature end of file.
2025-06-25 21:29:44,748 [ERROR] LogOutputStream:75 - [STDERR_REDIRECT] 
2025-06-25 21:29:45,752 [ERROR] LogOutputStream:75 - [STDERR_REDIRECT] [Fatal Error] :1:1: Premature end of file.
2025-06-25 21:29:45,752 [ERROR] LogOutputStream:75 - [STDERR_REDIRECT] 
2025-06-25 21:29:46,749 [ERROR] LogOutputStream:75 - [STDERR_REDIRECT] [Fatal Error] :1:1: Premature end of file.
2025-06-25 21:29:46,749 [ERROR] LogOutputStream:75 - [STDERR_REDIRECT] 
2025-06-25 21:29:47,758 [ERROR] LogOutputStream:75 - [STDERR_REDIRECT] [Fatal Error] :1:1: Premature end of file.
2025-06-25 21:29:47,760 [ERROR] LogOutputStream:75 - [STDERR_REDIRECT] 
2025-06-25 21:29:48,755 [ERROR] LogOutputStream:75 - [STDERR_REDIRECT] [Fatal Error] :1:1: Premature end of file.
2025-06-25 21:29:48,757 [ERROR] LogOutputStream:75 - [STDERR_REDIRECT] 
2025-06-25 21:29:49,752 [ERROR] LogOutputStream:75 - [STDERR_REDIRECT] [Fatal Error] :1:1: Premature end of file.
2025-06-25 21:29:49,753 [ERROR] LogOutputStream:75 - [STDERR_REDIRECT] 
2025-06-25 21:29:50,757 [ERROR] LogOutputStream:75 - [STDERR_REDIRECT] [Fatal Error] :1:1: Premature end of file.
2025-06-25 21:29:50,757 [ERROR] LogOutputStream:75 - [STDERR_REDIRECT] 
2025-06-25 21:29:51,750 [ERROR] LogOutputStream:75 - [STDERR_REDIRECT] [Fatal Error] :1:1: Premature end of file.
2025-06-25 21:29:51,750 [ERROR] LogOutputStream:75 - [STDERR_REDIRECT] 
2025-06-25 21:29:52,758 [ERROR] LogOutputStream:75 - [STDERR_REDIRECT] [Fatal Error] :1:1: Premature end of file.
2025-06-25 21:29:52,758 [ERROR] LogOutputStream:75 - [STDERR_REDIRECT] 
2025-06-25 21:29:53,751 [ERROR] LogOutputStream:75 - [STDERR_REDIRECT] [Fatal Error] :1:1: Premature end of file.
2025-06-25 21:29:53,751 [ERROR] LogOutputStream:75 - [STDERR_REDIRECT] 
2025-06-25 21:29:54,760 [ERROR] LogOutputStream:75 - [STDERR_REDIRECT] [Fatal Error] :1:1: Premature end of file.
2025-06-25 21:29:54,761 [ERROR] LogOutputStream:75 - [STDERR_REDIRECT] 
2025-06-25 21:29:55,754 [ERROR] LogOutputStream:75 - [STDERR_REDIRECT] [Fatal Error] :1:1: Premature end of file.
2025-06-25 21:29:55,754 [ERROR] LogOutputStream:75 - [STDERR_REDIRECT] 
2025-06-25 21:29:56,762 [ERROR] LogOutputStream:75 - [STDERR_REDIRECT] [Fatal Error] :1:1: Premature end of file.
2025-06-25 21:29:56,762 [ERROR] LogOutputStream:75 - [STDERR_REDIRECT] 
2025-06-25 21:29:57,759 [ERROR] LogOutputStream:75 - [STDERR_REDIRECT] [Fatal Error] :1:1: Premature end of file.
2025-06-25 21:29:57,759 [ERROR] LogOutputStream:75 - [STDERR_REDIRECT] 
2025-06-25 21:29:58,755 [ERROR] LogOutputStream:75 - [STDERR_REDIRECT] [Fatal Error] :1:1: Premature end of file.
2025-06-25 21:29:58,755 [ERROR] LogOutputStream:75 - [STDERR_REDIRECT] 
2025-06-25 21:29:59,755 [ERROR] LogOutputStream:75 - [STDERR_REDIRECT] [Fatal Error] :1:1: Premature end of file.
2025-06-25 21:29:59,755 [ERROR] LogOutputStream:75 - [STDERR_REDIRECT] 
2025-06-25 21:30:00,753 [ERROR] LogOutputStream:75 - [STDERR_REDIRECT] [Fatal Error] :1:1: Premature end of file.
2025-06-25 21:30:00,753 [ERROR] LogOutputStream:75 - [STDERR_REDIRECT] 
2025-06-25 21:30:01,749 [ERROR] LogOutputStream:75 - [STDERR_REDIRECT] [Fatal Error] :1:1: Premature end of file.
2025-06-25 21:30:01,749 [ERROR] LogOutputStream:75 - [STDERR_REDIRECT] 
2025-06-25 21:30:02,752 [ERROR] LogOutputStream:75 - [STDERR_REDIRECT] [Fatal Error] :1:1: Premature end of file.
2025-06-25 21:30:02,754 [ERROR] LogOutputStream:75 - [STDERR_REDIRECT] 
2025-06-25 21:30:03,747 [ERROR] LogOutputStream:75 - [STDERR_REDIRECT] [Fatal Error] :1:1: Premature end of file.
2025-06-25 21:30:03,747 [ERROR] LogOutputStream:75 - [STDERR_REDIRECT] 
2025-06-25 21:30:04,755 [ERROR] LogOutputStream:75 - [STDERR_REDIRECT] [Fatal Error] :1:1: Premature end of file.
2025-06-25 21:30:04,755 [ERROR] LogOutputStream:75 - [STDERR_REDIRECT] 
2025-06-25 21:30:05,759 [ERROR] LogOutputStream:75 - [STDERR_REDIRECT] [Fatal Error] :1:1: Premature end of file.
2025-06-25 21:30:05,759 [ERROR] LogOutputStream:75 - [STDERR_REDIRECT] 
2025-06-25 21:30:06,755 [ERROR] LogOutputStream:75 - [STDERR_REDIRECT] [Fatal Error] :1:1: Premature end of file.
2025-06-25 21:30:06,756 [ERROR] LogOutputStream:75 - [STDERR_REDIRECT] 
2025-06-25 21:30:07,757 [ERROR] LogOutputStream:75 - [STDERR_REDIRECT] [Fatal Error] :1:1: Premature end of file.
2025-06-25 21:30:07,757 [ERROR] LogOutputStream:75 - [STDERR_REDIRECT] 
2025-06-25 21:30:08,758 [ERROR] LogOutputStream:75 - [STDERR_REDIRECT] [Fatal Error] :1:1: Premature end of file.
2025-06-25 21:30:08,758 [ERROR] LogOutputStream:75 - [STDERR_REDIRECT] 
2025-06-25 21:30:09,756 [ERROR] LogOutputStream:75 - [STDERR_REDIRECT] [Fatal Error] :1:1: Premature end of file.
2025-06-25 21:30:09,756 [ERROR] LogOutputStream:75 - [STDERR_REDIRECT] 
2025-06-25 21:30:10,754 [ERROR] LogOutputStream:75 - [STDERR_REDIRECT] [Fatal Error] :1:1: Premature end of file.
2025-06-25 21:30:10,754 [ERROR] LogOutputStream:75 - [STDERR_REDIRECT] 
2025-06-25 21:30:11,749 [ERROR] LogOutputStream:75 - [STDERR_REDIRECT] [Fatal Error] :1:1: Premature end of file.
2025-06-25 21:30:11,749 [ERROR] LogOutputStream:75 - [STDERR_REDIRECT] 
2025-06-25 21:30:12,757 [ERROR] LogOutputStream:75 - [STDERR_REDIRECT] [Fatal Error] :1:1: Premature end of file.
2025-06-25 21:30:12,757 [ERROR] LogOutputStream:75 - [STDERR_REDIRECT] 
2025-06-25 21:30:13,751 [ERROR] LogOutputStream:75 - [STDERR_REDIRECT] [Fatal Error] :1:1: Premature end of file.
2025-06-25 21:30:13,751 [ERROR] LogOutputStream:75 - [STDERR_REDIRECT] 
2025-06-25 21:30:14,759 [ERROR] LogOutputStream:75 - [STDERR_REDIRECT] [Fatal Error] :1:1: Premature end of file.
2025-06-25 21:30:14,759 [ERROR] LogOutputStream:75 - [STDERR_REDIRECT] 
2025-06-25 21:30:15,752 [ERROR] LogOutputStream:75 - [STDERR_REDIRECT] [Fatal Error] :1:1: Premature end of file.
2025-06-25 21:30:15,752 [ERROR] LogOutputStream:75 - [STDERR_REDIRECT] 
2025-06-25 21:30:16,762 [ERROR] LogOutputStream:75 - [STDERR_REDIRECT] [Fatal Error] :1:1: Premature end of file.
2025-06-25 21:30:16,762 [ERROR] LogOutputStream:75 - [STDERR_REDIRECT] 
2025-06-25 21:30:17,753 [ERROR] LogOutputStream:75 - [STDERR_REDIRECT] [Fatal Error] :1:1: Premature end of file.
2025-06-25 21:30:17,753 [ERROR] LogOutputStream:75 - [STDERR_REDIRECT] 
2025-06-25 21:30:18,756 [ERROR] LogOutputStream:75 - [STDERR_REDIRECT] [Fatal Error] :1:1: Premature end of file.
2025-06-25 21:30:18,756 [ERROR] LogOutputStream:75 - [STDERR_REDIRECT] 
2025-06-25 21:30:19,751 [ERROR] LogOutputStream:75 - [STDERR_REDIRECT] [Fatal Error] :1:1: Premature end of file.
2025-06-25 21:30:19,751 [ERROR] LogOutputStream:75 - [STDERR_REDIRECT] 
2025-06-25 21:30:20,763 [ERROR] LogOutputStream:75 - [STDERR_REDIRECT] [Fatal Error] :1:1: Premature end of file.
2025-06-25 21:30:20,763 [ERROR] LogOutputStream:75 - [STDERR_REDIRECT] 
2025-06-25 21:30:21,753 [ERROR] LogOutputStream:75 - [STDERR_REDIRECT] [Fatal Error] :1:1: Premature end of file.
2025-06-25 21:30:21,753 [ERROR] LogOutputStream:75 - [STDERR_REDIRECT] 
2025-06-25 21:30:22,763 [ERROR] LogOutputStream:75 - [STDERR_REDIRECT] [Fatal Error] :1:1: Premature end of file.
2025-06-25 21:30:22,763 [ERROR] LogOutputStream:75 - [STDERR_REDIRECT] 
2025-06-25 21:30:23,762 [ERROR] LogOutputStream:75 - [STDERR_REDIRECT] [Fatal Error] :1:1: Premature end of file.
2025-06-25 21:30:23,762 [ERROR] LogOutputStream:75 - [STDERR_REDIRECT] 
2025-06-25 21:30:24,754 [ERROR] LogOutputStream:75 - [STDERR_REDIRECT] [Fatal Error] :1:1: Premature end of file.
2025-06-25 21:30:24,754 [ERROR] LogOutputStream:75 - [STDERR_REDIRECT] 
2025-06-25 21:30:25,763 [ERROR] LogOutputStream:75 - [STDERR_REDIRECT] [Fatal Error] :1:1: Premature end of file.
2025-06-25 21:30:25,763 [ERROR] LogOutputStream:75 - [STDERR_REDIRECT] 
2025-06-25 21:30:26,756 [ERROR] LogOutputStream:75 - [STDERR_REDIRECT] [Fatal Error] :1:1: Premature end of file.
2025-06-25 21:30:26,756 [ERROR] LogOutputStream:75 - [STDERR_REDIRECT] 
2025-06-25 21:30:27,748 [ERROR] LogOutputStream:75 - [STDERR_REDIRECT] [Fatal Error] :1:1: Premature end of file.
2025-06-25 21:30:27,748 [ERROR] LogOutputStream:75 - [STDERR_REDIRECT] 
2025-06-25 21:30:28,758 [ERROR] LogOutputStream:75 - [STDERR_REDIRECT] [Fatal Error] :1:1: Premature end of file.
2025-06-25 21:30:28,758 [ERROR] LogOutputStream:75 - [STDERR_REDIRECT] 
2025-06-25 21:30:29,747 [ERROR] LogOutputStream:75 - [STDERR_REDIRECT] [Fatal Error] :1:1: Premature end of file.
2025-06-25 21:30:29,747 [ERROR] LogOutputStream:75 - [STDERR_REDIRECT] 
2025-06-25 21:30:30,238 [INFO] McuFinderGlobals:63 - Set McuFinder mode to 2 (CubeIDE integrated)
2025-06-25 21:30:30,244 [INFO] MainUpdater:2872 - connection check result : 10
2025-06-25 21:30:30,244 [INFO] MainUpdater:2872 - connection check result : 10
2025-06-25 21:30:30,276 [INFO] MicroXplorer:468 - Change Database Path : 
2025-06-25 21:30:30,276 [INFO] MicroXplorer:498 - Change Database Version : DB.6.0.140
2025-06-25 21:30:30,282 [WARN] ThirdParty:871 - waiting for thirdparty lock release [close project]
2025-06-25 21:30:30,282 [INFO] ThirdParty:873 - entering critical section [close project]
2025-06-25 21:30:30,282 [INFO] ThirdParty:883 - exiting critical section [close project]
2025-06-25 21:30:30,285 [INFO] PinOutPanel:1589 - setPackage(No Configuration,No Configuration)
2025-06-25 21:30:30,291 [INFO] UtilMem:75 - Begin LoadConfig() Used Memory: 871825016 Bytes (1073741824)
2025-06-25 21:30:30,292 [INFO] MicroXplorer:468 - Change Database Path : 
2025-06-25 21:30:30,292 [INFO] MicroXplorer:498 - Change Database Version : DB.6.0.140
2025-06-25 21:30:30,292 [INFO] OpenFileManager:354 - Change cursor
2025-06-25 21:30:30,338 [INFO] Mcu:2011 - Initializing MCU STM32F405RGTx STM32F405RGTx STM32F405RGT6
2025-06-25 21:30:30,766 [ERROR] LogOutputStream:75 - [STDERR_REDIRECT] [Fatal Error] :1:1: Premature end of file.
2025-06-25 21:30:30,766 [ERROR] LogOutputStream:75 - [STDERR_REDIRECT] 
2025-06-25 21:30:31,501 [INFO] Context:756 - Trying to add GPIOservice into a context  which must be forbidden
2025-06-25 21:30:31,762 [ERROR] LogOutputStream:75 - [STDERR_REDIRECT] [Fatal Error] :1:1: Premature end of file.
2025-06-25 21:30:31,762 [ERROR] LogOutputStream:75 - [STDERR_REDIRECT] 
2025-06-25 21:30:31,830 [INFO] ImportTextPane:218 - (OptionalMessage_ERROR) Pin35 (VP_RIF_VS_RIF1) cannot be retrieved for this MCU
2025-06-25 21:30:31,985 [INFO] RtosManager:558 - Registered RTOS mode: class=CMSIS, group=RTOS, mode=CMSIS_V1, owner=FREERTOS
2025-06-25 21:30:31,986 [INFO] RtosManager:558 - Registered RTOS mode: class=CMSIS, group=RTOS2, mode=CMSIS_V2, owner=FREERTOS
2025-06-25 21:30:31,986 [INFO] RtosManager:558 - Registered RTOS mode: class=RTOS, group=Core, mode=CMSIS_V1, owner=FREERTOS
2025-06-25 21:30:31,986 [INFO] RtosManager:558 - Registered RTOS mode: class=RTOS, group=Core, mode=CMSIS_V2, owner=FREERTOS
2025-06-25 21:30:31,986 [WARN] ModelIntegratedComponent:184 - Missing modes for component STMicroelectronics:FreeRTOS:0.0.1:STMicroelectronics:RTOS:FreeRTOS:Core:::10.2.0:
2025-06-25 21:30:32,003 [WARN] ModelIntegratedComponent:63 - No mode defined for component null
2025-06-25 21:30:32,003 [WARN] ModelIntegratedComponent:63 - No mode defined for component null
2025-06-25 21:30:32,003 [WARN] ModelIntegratedComponent:63 - No mode defined for component null
2025-06-25 21:30:32,003 [WARN] ModelIntegratedComponent:63 - No mode defined for component null
2025-06-25 21:30:32,003 [WARN] ModelIntegratedComponent:63 - No mode defined for component null
2025-06-25 21:30:32,003 [WARN] ModelIntegratedComponent:63 - No mode defined for component null
2025-06-25 21:30:32,003 [WARN] ModelIntegratedComponent:63 - No mode defined for component null
2025-06-25 21:30:32,003 [WARN] ModelIntegratedComponent:63 - No mode defined for component null
2025-06-25 21:30:32,004 [WARN] ModelIntegratedComponent:63 - No mode defined for component null
2025-06-25 21:30:32,004 [WARN] ModelIntegratedComponent:63 - No mode defined for component null
2025-06-25 21:30:32,004 [WARN] ModelIntegratedComponent:63 - No mode defined for component null
2025-06-25 21:30:32,004 [WARN] ModelIntegratedComponent:63 - No mode defined for component null
2025-06-25 21:30:32,004 [WARN] ModelIntegratedComponent:63 - No mode defined for component null
2025-06-25 21:30:32,004 [WARN] ModelIntegratedComponent:63 - No mode defined for component null
2025-06-25 21:30:32,004 [WARN] ModelIntegratedComponent:63 - No mode defined for component null
2025-06-25 21:30:32,004 [WARN] ModelIntegratedComponent:63 - No mode defined for component null
2025-06-25 21:30:32,004 [WARN] ModelIntegratedComponent:63 - No mode defined for component null
2025-06-25 21:30:32,004 [WARN] ModelIntegratedComponent:63 - No mode defined for component null
2025-06-25 21:30:32,004 [WARN] ModelIntegratedComponent:63 - No mode defined for component null
2025-06-25 21:30:32,004 [WARN] ModelIntegratedComponent:63 - No mode defined for component null
2025-06-25 21:30:32,004 [WARN] ModelIntegratedComponent:63 - No mode defined for component null
2025-06-25 21:30:32,004 [WARN] ModelIntegratedComponent:63 - No mode defined for component null
2025-06-25 21:30:32,004 [WARN] ModelIntegratedComponent:63 - No mode defined for component null
2025-06-25 21:30:32,004 [WARN] ModelIntegratedComponent:63 - No mode defined for component null
2025-06-25 21:30:32,004 [WARN] ModelIntegratedComponent:63 - No mode defined for component null
2025-06-25 21:30:32,004 [WARN] ModelIntegratedComponent:63 - No mode defined for component null
2025-06-25 21:30:32,004 [WARN] ModelIntegratedComponent:63 - No mode defined for component null
2025-06-25 21:30:32,004 [WARN] ModelIntegratedComponent:63 - No mode defined for component null
2025-06-25 21:30:32,004 [WARN] ModelIntegratedComponent:63 - No mode defined for component null
2025-06-25 21:30:32,004 [WARN] ModelIntegratedComponent:63 - No mode defined for component null
2025-06-25 21:30:32,004 [WARN] ModelIntegratedComponent:63 - No mode defined for component null
2025-06-25 21:30:32,004 [WARN] ModelIntegratedComponent:63 - No mode defined for component null
2025-06-25 21:30:32,004 [WARN] ModelIntegratedComponent:63 - No mode defined for component null
2025-06-25 21:30:32,004 [WARN] ModelIntegratedComponent:63 - No mode defined for component null
2025-06-25 21:30:32,004 [WARN] ModelIntegratedComponent:63 - No mode defined for component null
2025-06-25 21:30:32,004 [WARN] ModelPack:524 - Component already loaded: STMicroelectronics:HAL Drivers:0.0.0:STMicroelectronics:Device:STMicro_Driver:XSPI:HAL::0.0.1:HAL_XSPI
2025-06-25 21:30:32,105 [INFO] ThirdPartyModel:298 - Start build external matchings
2025-06-25 21:30:32,651 [INFO] ThirdPartyModel:316 - End build external matchings
2025-06-25 21:30:32,678 [INFO] ImportTextPane:218 - (OptionalMessage_ERROR) IP (RCC) : Parameter (RTCHSEDivFreq_Value) has invalid value (4000000)
2025-06-25 21:30:32,689 [WARN] IP:2250 - DEVICE_SERIAL0_CUSTOM_HID_FS not found: check if there is a RefParameter without a condition.
2025-06-25 21:30:32,689 [WARN] IP:2250 - DEVICE_SERIAL1_CUSTOM_HID_FS not found: check if there is a RefParameter without a condition.
2025-06-25 21:30:32,689 [WARN] IP:2250 - DEVICE_SERIAL2_CUSTOM_HID_FS not found: check if there is a RefParameter without a condition.
2025-06-25 21:30:32,751 [ERROR] LogOutputStream:75 - [STDERR_REDIRECT] [Fatal Error] :1:1: Premature end of file.
2025-06-25 21:30:32,751 [ERROR] LogOutputStream:75 - [STDERR_REDIRECT] 
2025-06-25 21:30:32,897 [INFO] ApiDb:581 - Connected to CubeFinder SQLite database (C:\Users\Marco\.stmcufinder\plugins\mcufinder\mcu\cube-finder-db.db)
2025-06-25 21:30:32,971 [INFO] ApiDb:668 - CubeFinder database Data Model version=2.1
2025-06-25 21:30:32,971 [INFO] ApiDb:669 - CubeFinder database Configuration version=3.0.39
2025-06-25 21:30:32,972 [INFO] ApiDb:670 - CubeFinder database generation date=2025-05-20 (1747743314)
2025-06-25 21:30:32,972 [INFO] ApiDb:671 - CubeFinder database FW Pack versions=[FP-ATR-ASTRA1_V2.0.0, FP-SNS-FLIGHT1_V5.1.0, FP-SNS-MOTENV1_V5.0.0, FP-SNS-MOTENVWB1_V1.4.0, FP-SNS-SMARTAG2_V1.2.0, FP-SNS-STBOX1_V2.0.0, STM32Cube_FW_C0_V1.4.0, STM32Cube_FW_F4_V1.28.2, STM32Cube_FW_F7_V1.17.3, STM32Cube_FW_G0_V1.6.2, STM32Cube_FW_G4_V1.6.1, STM32Cube_FW_H5_V1.5.0, STM32Cube_FW_H7RS_V1.2.0, STM32Cube_FW_H7_V1.12.1, STM32Cube_FW_L0_V1.12.2, STM32Cube_FW_L4_V1.18.1, STM32Cube_FW_L5_V1.5.1, STM32Cube_FW_N6_V1.1.1, STM32Cube_FW_U0_V1.2.0, STM32Cube_FW_U3_V1.1.0, STM32Cube_FW_U5_V1.7.0, STM32Cube_FW_WB0_V1.2.0, STM32Cube_FW_WBA_V1.6.0, STM32Cube_FW_WB_V1.22.0, STM32Cube_FW_WL3_V1.1.0, STM32Cube_FW_WL_V1.3.1, X-CUBE-ALGOBUILD_V1.4.0, X-CUBE-ALS_V1.0.2, X-CUBE-AZRTOS-F4_V1.1.0, X-CUBE-AZRTOS-F7_V1.1.0, X-CUBE-AZRTOS-G0_V1.1.0, X-CUBE-AZRTOS-G4_V2.0.0, X-CUBE-AZRTOS-H7RS_V1.1.0, X-CUBE-AZRTOS-H7_V3.3.0, X-CUBE-AZRTOS-L4_V2.0.0, X-CUBE-AZRTOS-L5_V2.0.0, X-CUBE-AZRTOS-WB_V2.0.0, X-CUBE-AZRTOS-WL_V2.0.0, X-CUBE-BLE1_V7.1.0, X-CUBE-BLE2_V3.3.0, X-CUBE-BLEMGR_V4.0.0, X-CUBE-EEPRMA1_V5.1.0, X-CUBE-FREERTOS_V1.3.1, X-CUBE-GNSS1_V6.0.0, X-CUBE-MEMS1_V11.2.0, X-CUBE-NFC4_V3.0.0, X-CUBE-NFC7_V2.0.0, X-CUBE-SFXS2LP1_V4.0.0, X-CUBE-SUBG2_V5.0.0, X-CUBE-TOF1_V3.4.3]
2025-06-25 21:30:33,096 [INFO] DbBoardsSqlite:226 - include board P-NUCLEO-WB55-NUCLEO as a kit item of type 'Nucleo-64'
2025-06-25 21:30:33,096 [INFO] DbBoardsSqlite:226 - include board P-NUCLEO-WB55-USBDONGLE as a kit item of type 'Nucleo USB Dongle'
2025-06-25 21:30:33,097 [INFO] DbBoardsSqlite:226 - include board STEVAL-IDP005V1 as a kit item of type 'Evaluation Board'
2025-06-25 21:30:33,097 [INFO] DbBoardsSqlite:226 - include board STEVAL-IDP005V2 as a kit item of type 'Evaluation Board'
2025-06-25 21:30:33,561 [INFO] ApiDb:240 - Found 895 in-development CPN: [B-G473E-ZEST1S, B-WB1M-WPAN1, B-WBA5M-WPAN, B-WL5M-SUBG1, NUCLEO-C031C6, NUCLEO-C051C8, NUCLEO-C071RB, NUCLEO-C092RC, NUCLEO-H503RB, NUCLEO-H533RE, NUCLEO-H563ZI, NUCLEO-H7S3L8, NUCLEO-N657X0-Q, NUCLEO-U031R8, NUCLEO-U083RC, NUCLEO-U385RG-Q, NUCLEO-U545RE-Q, NUCLEO-U5A5ZJ-Q, NUCLEO-WB05KZ, NUCLEO-WB07CC, NUCLEO-WB09KE, NUCLEO-WBA52CG, NUCLEO-WBA55CG, NUCLEO-WBA65RI, NUCLEO-WL33CC1, NUCLEO-WL33CC2, STEVAL-PROTEUS1, STEVAL-SMARTAG2, STEVAL-STWINBX1, STM320518-EVAL, STM32C0116-DK, STM32C011D6Y3TR, STM32C011D6Y6TR, STM32C011F4P3, STM32C011F4P6, STM32C011F4U3, STM32C011F4U6TR, STM32C011F6P3, STM32C011F6P6, STM32C011F6U3, STM32C011F6U6TR, STM32C011J4M3, STM32C011J4M6, STM32C011J6M3, STM32C011J6M6, STM32C0316-DK, STM32C031C4T3, STM32C031C4T6, STM32C031C4U3, STM32C031C4U6, STM32C031C6T3, STM32C031C6T6, STM32C031C6U3, STM32C031C6U6, STM32C031F4P3, STM32C031F4P6, STM32C031F6P3, STM32C031F6P6, STM32C031G4U3, STM32C031G4U6, STM32C031G6U3, STM32C031G6U6, STM32C031K4T3, STM32C031K4T6, STM32C031K4U3, STM32C031K4U6, STM32C031K6T3, STM32C031K6T6, STM32C031K6U3, STM32C031K6U6, STM32C051C6T6, STM32C051C6U6, STM32C051C8T6, STM32C051C8U6, STM32C051D8Y6TR, STM32C051F6P6, STM32C051F8P6, STM32C051G6U6, STM32C051G8U6, STM32C051K6T6, STM32C051K6U6, STM32C051K8T6, STM32C071C8T6, STM32C071C8T6N, STM32C071C8U6, STM32C071C8U6N, STM32C071CBT6, STM32C071CBT6N, STM32C071CBU6, STM32C071CBU6N, STM32C071F8P6, STM32C071F8P6N, STM32C071FBP6, STM32C071FBP6N, STM32C071FBY6TR, STM32C071G8U6, STM32C071G8U6N, STM32C071GBU6, STM32C071GBU6N, STM32C071K8T6, STM32C071K8T6N, STM32C071K8U6, STM32C071K8U6N, STM32C071KBT6, STM32C071KBT6N, STM32C071KBU6, STM32C071KBU6N, STM32C071R8T6, STM32C071R8T6N, STM32C071RBI6N, STM32C071RBT6, STM32C071RBT6N, STM32C091CBT6, STM32C091CBU6, STM32C091CCT6, STM32C091CCU6, STM32C091ECY6TR, STM32C091FBP6, STM32C091FCP6, STM32C091GBU6, STM32C091GCU6, STM32C091KBT6, STM32C091KBU6, STM32C091KCT6, STM32C091KCU6, STM32C091RBT6, STM32C091RCI6, STM32C091RCT6, STM32C092CBT6, STM32C092CBU6, STM32C092CCT6, STM32C092CCU6, STM32C092ECY6TR, STM32C092FBP6, STM32C092FCP6, STM32C092GBU6, STM32C092GCU6, STM32C092KBT6, STM32C092KBU6, STM32C092KCT6, STM32C092KCU6, STM32C092RBT6, STM32C092RCI6, STM32C092RCT6, STM32G071K8TXN, STM32G071K8UXN, STM32G081GBU6N, STM32G081KBT6N, STM32G081KBUXN, STM32G0B1CCT6N, STM32G0B1KCT6, STM32G0B1NEY6TR, STM32G0B1RCT6N, STM32G0C1CCT6, STM32G0C1CCT6N, STM32G0C1CCU6N, STM32G0C1CET6N, STM32G0C1CEU6N, STM32G0C1KCT6, STM32G0C1NEY6TR, STM32G0C1RCI6N, STM32G0C1RCT6N, STM32G0C1REI6N, STM32G0C1RET6N, STM32G0C1VCI6, STM32G0C1VEI6, STM32G411C6T3, STM32G411C6T6, STM32G411C6U3, STM32G411C6U6, STM32G411C8T3, STM32G411C8T6, STM32G411C8U3, STM32G411C8U6, STM32G411CBT3, STM32G411CBT6, STM32G411CBU3, STM32G411CBU6, STM32G411CCT3, STM32G411CCT6, STM32G411CCU3, STM32G411CCU6, STM32G411K6T3, STM32G411K6T6, STM32G411K6U3, STM32G411K6U6, STM32G411K8T3, STM32G411K8T6, STM32G411K8U3, STM32G411K8U6, STM32G411KBT3, STM32G411KBT6, STM32G411KBU3, STM32G411KBU6, STM32G411M6T3, STM32G411M6T6, STM32G411M8T3, STM32G411M8T6, STM32G411MBT3, STM32G411MBT6, STM32G411MCT3, STM32G411MCT6, STM32G411R6T3, STM32G411R6T6, STM32G411R8T3, STM32G411R8T6, STM32G411RBT3, STM32G411RBT6, STM32G411RCT3, STM32G411RCT6, STM32G414CBT3, STM32G414CBT6, STM32G414CBU3, STM32G414CBU6, STM32G414CCT3, STM32G414CCT6, STM32G414CCU3, STM32G414CCU6, STM32G414MBT3, STM32G414MBT6, STM32G414MCT3, STM32G414MCT6, STM32G414RBT3, STM32G414RBT6, STM32G414RCT3, STM32G414RCT6, STM32G414VBT3, STM32G414VBT6, STM32G414VCT3, STM32G414VCT6, STM32G431CBT3Z, STM32G431RBT3Z, STM32G471CCT6, STM32G471CCU6, STM32G471CET3, STM32G471CET6, STM32G471CEU3, STM32G471CEU6, STM32G471MCT6, STM32G471MET3, STM32G471MET6, STM32G471MEY6TR, STM32G471QCT6, STM32G471QET3, STM32G471RCT6, STM32G471RET3, STM32G471RET6, STM32G471VCH6, STM32G471VCI6, STM32G471VCT6, STM32G471VEH3, STM32G471VEH6, STM32G471VEI3, STM32G471VEI6, STM32G471VET3, STM32G471VET6, STM32G473QET3Z, STM32G473RET3Z, STM32G474CCT6, STM32G491RET3Z, STM32H503CBT6, STM32H503CBU6, STM32H503EBY6TR, STM32H503KBU6, STM32H503RBT6, STM32H523CCT6, STM32H523CCU6, STM32H523CET6, STM32H523CEU6, STM32H523HEY6TR, STM32H523RCT6, STM32H523RET6, STM32H523VCI6, STM32H523VCT6, STM32H523VEI6, STM32H523VET6, STM32H523ZCJ6, STM32H523ZCT6, STM32H523ZEJ6, STM32H523ZET6, STM32H533CET6, STM32H533CEU6, STM32H533HEY6TR, STM32H533RET6, STM32H533VEI6, STM32H533VET6, STM32H533ZEJ6, STM32H533ZET6, STM32H562AGI6, STM32H562AII6, STM32H562IGK6, STM32H562IGT6, STM32H562IIK6, STM32H562IIT6, STM32H562RGT6, STM32H562RGV6, STM32H562RIT6, STM32H562RIV6, STM32H562VGT6, STM32H562VIT6, STM32H562ZGT6, STM32H562ZIT6, STM32H563AGI6, STM32H563AII3Q, STM32H563AII6, STM32H563IGK6, STM32H563IGT6, STM32H563IIK3Q, STM32H563IIK6, STM32H563IIT3Q, STM32H563IIT6, STM32H563MIY3QTR, STM32H563RGT6, STM32H563RGV6, STM32H563RIT6, STM32H563RIV6, STM32H563VGT6, STM32H563VIT3Q, STM32H563VIT6, STM32H563ZGT6, STM32H563ZIT3Q, STM32H563ZIT6, STM32H573AII3Q, STM32H573AII6, STM32H573I-DK, STM32H573IIK3Q, STM32H573IIK6, STM32H573IIT3Q, STM32H573IIT6, STM32H573MIY3QTR, STM32H573RIT6, STM32H573RIV6, STM32H573VIT3Q, STM32H573VIT6, STM32H573ZIT3Q, STM32H573ZIT6, STM32H7R3A8I6, STM32H7R3I8K6, STM32H7R3I8T6, STM32H7R3L8H6, STM32H7R3L8H6H, STM32H7R3R8V6, STM32H7R3V8H6, STM32H7R3V8T6, STM32H7R3V8Y6TR, STM32H7R3Z8J6, STM32H7R3Z8T6, STM32H7R7A8I6, STM32H7R7I8K6, STM32H7R7I8T6, STM32H7R7L8H6, STM32H7R7L8H6H, STM32H7R7Z8J6, STM32H7S3A8I6, STM32H7S3I8K6, STM32H7S3I8T6, STM32H7S3L8H6, STM32H7S3L8H6H, STM32H7S3R8V6, STM32H7S3V8H6, STM32H7S3V8T6, STM32H7S3V8Y6TR, STM32H7S3Z8J6, STM32H7S3Z8T6, STM32H7S78-DK, STM32H7S7A8I6, STM32H7S7I8K6, STM32H7S7I8T6, STM32H7S7L8H6, STM32H7S7L8H6H, STM32H7S7Z8J6, STM32L4R5QGI6STR, STM32MP131AAE3, STM32MP131AAF3, STM32MP131AAG3, STM32MP131CAE3, STM32MP131CAF3, STM32MP131CAG3, STM32MP131DAE7, STM32MP131DAF7, STM32MP131DAG7, STM32MP131FAE7, STM32MP131FAF7, STM32MP131FAG7, STM32MP133AAE3, STM32MP133AAF3, STM32MP133AAG3, STM32MP133CAE3, STM32MP133CAF3, STM32MP133CAG3, STM32MP133DAE7, STM32MP133DAF7, STM32MP133DAG7, STM32MP133FAE7, STM32MP133FAF7, STM32MP133FAG7, STM32MP135AAE3, STM32MP135AAF3, STM32MP135AAG3, STM32MP135CAE3, STM32MP135CAF3, STM32MP135CAG3, STM32MP135DAE7, STM32MP135DAF7, STM32MP135DAG7, STM32MP135F-DK, STM32MP135FAE7, STM32MP135FAF7, STM32MP135FAF7T, STM32MP135FAF7U, STM32MP135FAG7, STM32MP231AAJ3, STM32MP231AAK3, STM32MP231AAL3, STM32MP231CAJ3, STM32MP231CAK3, STM32MP231CAL3, STM32MP231DAJ3, STM32MP231DAK3, STM32MP231DAL3, STM32MP231FAJ3, STM32MP231FAK3, STM32MP231FAL3, STM32MP233AAJ3, STM32MP233AAK3, STM32MP233AAL3, STM32MP233CAJ3, STM32MP233CAK3, STM32MP233CAL3, STM32MP233DAJ3, STM32MP233DAK3, STM32MP233DAL3, STM32MP233FAJ3, STM32MP233FAK3, STM32MP233FAL3, STM32MP235AAJ3, STM32MP235AAK3, STM32MP235AAL3, STM32MP235CAJ3, STM32MP235CAK3, STM32MP235CAL3, STM32MP235DAJ3, STM32MP235DAK3, STM32MP235DAL3, STM32MP235FAJ3, STM32MP235FAK3, STM32MP235FAL3, STM32MP251AAI3, STM32MP251AAJ3, STM32MP251AAK3, STM32MP251AAL3, STM32MP251CAI3, STM32MP251CAJ3, STM32MP251CAK3, STM32MP251CAL3, STM32MP251DAI3, STM32MP251DAJ3, STM32MP251DAK3, STM32MP251DAL3, STM32MP251FAI3, STM32MP251FAJ3, STM32MP251FAK3, STM32MP251FAL3, STM32MP253AAI3, STM32MP253AAJ3, STM32MP253AAK3, STM32MP253AAL3, STM32MP253CAI3, STM32MP253CAJ3, STM32MP253CAK3, STM32MP253CAL3, STM32MP253DAI3, STM32MP253DAJ3, STM32MP253DAK3, STM32MP253DAL3, STM32MP253FAI3, STM32MP253FAJ3, STM32MP253FAK3, STM32MP253FAL3, STM32MP255AAI3, STM32MP255AAJ3, STM32MP255AAK3, STM32MP255AAL3, STM32MP255CAI3, STM32MP255CAJ3, STM32MP255CAK3, STM32MP255CAL3, STM32MP255DAI3, STM32MP255DAJ3, STM32MP255DAK3, STM32MP255DAL3, STM32MP255FAI3, STM32MP255FAJ3, STM32MP255FAK3, STM32MP255FAL3, STM32MP257AAI3, STM32MP257AAJ3, STM32MP257AAK3, STM32MP257AAL3, STM32MP257CAI3, STM32MP257CAJ3, STM32MP257CAK3, STM32MP257CAL3, STM32MP257DAI3, STM32MP257DAJ3, STM32MP257DAK3, STM32MP257DAL3, STM32MP257F-DK, STM32MP257F-EV1, STM32MP257FAI3, STM32MP257FAJ3, STM32MP257FAK3, STM32MP257FAL3, STM32N645A0H3Q, STM32N645B0H3Q, STM32N645I0H3Q, STM32N645L0H3Q, STM32N645X0H3Q, STM32N645Z0H3Q, STM32N647A0H3Q, STM32N647B0H3Q, STM32N647I0H3Q, STM32N647L0H3Q, STM32N647X0H3Q, STM32N647Z0H3Q, STM32N655A0H3Q, STM32N655B0H3Q, STM32N655I0H3Q, STM32N655L0H3Q, STM32N655X0H3Q, STM32N655Z0H3Q, STM32N6570-DK, STM32N657A0H3Q, STM32N657B0H3Q, STM32N657I0H3Q, STM32N657L0H3Q, STM32N657X0H3Q, STM32N657Z0H3Q, STM32U031C6T6, STM32U031C6U6, STM32U031C8T6, STM32U031C8U6, STM32U031F4P6, STM32U031F6P6, STM32U031F8P6, STM32U031G6Y6TR, STM32U031G8Y6TR, STM32U031K4U6, STM32U031K6U6, STM32U031K8U6, STM32U031R6I6, STM32U031R6T6, STM32U031R8I6, STM32U031R8T6, STM32U073C8T6, STM32U073C8U6, STM32U073CBT6, STM32U073CBU6, STM32U073CCT6, STM32U073CCU6, STM32U073H8Y6TR, STM32U073HBY6TR, STM32U073HCY6TR, STM32U073K8U6, STM32U073KBU6, STM32U073KCU6, STM32U073M8I6, STM32U073M8T6, STM32U073MBI6, STM32U073MBT6, STM32U073MCI6, STM32U073MCT6, STM32U073R8I6, STM32U073R8T6, STM32U073RBI6, STM32U073RBT6, STM32U073RCI6, STM32U073RCT6, STM32U083C-DK, STM32U083CCT6, STM32U083CCU6, STM32U083HCY6TR, STM32U083KCU6, STM32U083MCI6, STM32U083MCT6, STM32U083RCI6, STM32U083RCT6, STM32U375CET6, STM32U375CET6Q, STM32U375CEU6, STM32U375CEU6Q, STM32U375CEY6QTR, STM32U375CGT6, STM32U375CGT6Q, STM32U375CGU6, STM32U375CGU6Q, STM32U375CGY6QTR, STM32U375KEU6, STM32U375KGU6, STM32U375REI6, STM32U375REI6Q, STM32U375RET6, STM32U375RET6Q, STM32U375REY6GTR, STM32U375REY6QTR, STM32U375RGI6, STM32U375RGI6Q, STM32U375RGT6, STM32U375RGT6Q, STM32U375RGY6GTR, STM32U375RGY6QTR, STM32U375VEI6, STM32U375VEI6Q, STM32U375VET6, STM32U375VET6Q, STM32U375VGI6, STM32U375VGI6Q, STM32U375VGT6, STM32U375VGT6Q, STM32U385CGT6, STM32U385CGT6Q, STM32U385CGU6, STM32U385CGU6Q, STM32U385CGY6QTR, STM32U385KGU6, STM32U385RGI6, STM32U385RGI6Q, STM32U385RGT6, STM32U385RGT6Q, STM32U385RGY6GTR, STM32U385RGY6QTR, STM32U385VGI6, STM32U385VGI6Q, STM32U385VGT6, STM32U385VGT6Q, STM32U535CBT6, STM32U535CBT6Q, STM32U535CBU6, STM32U535CBU6Q, STM32U535CCT6, STM32U535CCT6Q, STM32U535CCU6, STM32U535CCU6Q, STM32U535CET6, STM32U535CET6Q, STM32U535CEU6, STM32U535CEU6Q, STM32U535JEY6QTR, STM32U535NCY6QTR, STM32U535NEY6QTR, STM32U535RBI6, STM32U535RBI6Q, STM32U535RBT6, STM32U535RBT6Q, STM32U535RCI6, STM32U535RCI6Q, STM32U535RCT6, STM32U535RCT6Q, STM32U535REI6, STM32U535REI6Q, STM32U535RET6, STM32U535RET6Q, STM32U535VCI6, STM32U535VCI6Q, STM32U535VCT6, STM32U535VCT6Q, STM32U535VEI6, STM32U535VEI6Q, STM32U535VET6, STM32U535VET6Q, STM32U545CET6, STM32U545CET6Q, STM32U545CEU6, STM32U545CEU6Q, STM32U545JEY6QTR, STM32U545NEY6QTR, STM32U545REI6, STM32U545REI6Q, STM32U545RET6, STM32U545RET6Q, STM32U545VEI6, STM32U545VEI6Q, STM32U545VET6, STM32U545VET6Q, STM32U595AIH6, STM32U595AIH6Q, STM32U595AJH6, STM32U595AJH6Q, STM32U595QII6, STM32U595QII6Q, STM32U595QJI6, STM32U595QJI6Q, STM32U595RIT6, STM32U595RIT6Q, STM32U595RJT6, STM32U595RJT6Q, STM32U595VIT6, STM32U595VIT6Q, STM32U595VJT6, STM32U595VJT6Q, STM32U595ZIT6, STM32U595ZIT6Q, STM32U595ZIY6QTR, STM32U595ZJT6, STM32U595ZJT6Q, STM32U595ZJY6QTR, STM32U599BJY6QTR, STM32U599NIH6Q, STM32U599NJH6Q, STM32U599VIT6Q, STM32U599VJT6, STM32U599VJT6Q, STM32U599ZIT6Q, STM32U599ZIY6QTR, STM32U599ZJT6Q, STM32U599ZJY6QTR, STM32U5A5AJH6, STM32U5A5AJH6Q, STM32U5A5QII3Q , STM32U5A5QJI6, STM32U5A5QJI6Q, STM32U5A5RJT6, STM32U5A5RJT6Q, STM32U5A5VJT6, STM32U5A5VJT6Q, STM32U5A5ZJT6, STM32U5A5ZJT6Q, STM32U5A5ZJY6QTR, STM32U5A9BJY6QTR, STM32U5A9J-DK, STM32U5A9NJH6Q, STM32U5A9VJT6Q, STM32U5A9ZJT6Q, STM32U5A9ZJY6QTR, STM32U5F7VIT6, STM32U5F7VIT6Q, STM32U5F7VJT6, STM32U5F7VJT6Q, STM32U5F9BJY6QTR, STM32U5F9NJH6Q, STM32U5F9VIT6Q, STM32U5F9VJT6Q, STM32U5F9ZIJ6QTR, STM32U5F9ZIT6Q, STM32U5F9ZJJ6QTR, STM32U5F9ZJT6Q, STM32U5G7VJT6, STM32U5G7VJT6Q, STM32U5G9BJY6QTR, STM32U5G9J-DK1, STM32U5G9J-DK2, STM32U5G9NJH6Q, STM32U5G9VJT6Q, STM32U5G9ZJJ6QTR, STM32U5G9ZJT6Q, STM32WB05KZV6TR, STM32WB05KZV7TR, STM32WB05TZF6TR, STM32WB05TZF7TR, STM32WB06CCF6TR, STM32WB06CCF7TR, STM32WB06CCV6TR, STM32WB06CCV7TR, STM32WB06KCV6TR, STM32WB06KCV7TR, STM32WB07CCF6TR, STM32WB07CCF7TR, STM32WB07CCV6TR, STM32WB07CCV7TR, STM32WB07KCV6TR, STM32WB07KCV7TR, STM32WB09KEV6TR, STM32WB09KEV7TR, STM32WB09TEF6TR, STM32WB09TEF7TR, STM32WB1MMCH6, STM32WBA50KGU6, STM32WBA50KGU6TR, STM32WBA52CEU6, STM32WBA52CEU6TR, STM32WBA52CEU7, STM32WBA52CEU7TR, STM32WBA52CGU6, STM32WBA52CGU6TR, STM32WBA52CGU6U, STM32WBA52CGU7, STM32WBA52CGU7TR, STM32WBA52KEU6, STM32WBA52KEU6TR, STM32WBA52KGU6, STM32WBA52KGU6TR, STM32WBA54CEU6, STM32WBA54CEU6TR, STM32WBA54CEU7, STM32WBA54CEU7TR, STM32WBA54CGU6, STM32WBA54CGU6TR, STM32WBA54CGU7, STM32WBA54CGU7TR, STM32WBA54KEU6, STM32WBA54KEU6TR, STM32WBA54KEU7, STM32WBA54KEU7TR, STM32WBA54KGU6, STM32WBA54KGU6TR, STM32WBA54KGU7, STM32WBA54KGU7TR, STM32WBA55CEU6, STM32WBA55CEU6TR, STM32WBA55CEU7, STM32WBA55CEU7TR, STM32WBA55CGU6, STM32WBA55CGU6TR, STM32WBA55CGU6U, STM32WBA55CGU7, STM32WBA55CGU7TR, STM32WBA55G-DK1, STM32WBA55HEF6, STM32WBA55HEF7, STM32WBA55HGF6, STM32WBA55HGF7, STM32WBA55UEI6, STM32WBA55UEI6TR, STM32WBA55UEI7, STM32WBA55UEI7TR, STM32WBA55UGI6, STM32WBA55UGI6TR, STM32WBA55UGI7, STM32WBA55UGI7TR, STM32WBA5MJGH6TR, STM32WBA62CGU6, STM32WBA62CIU6, STM32WBA62MGF6, STM32WBA62MIF6, STM32WBA62PGI6, STM32WBA62PII6, STM32WBA63CGU6, STM32WBA63CGU7, STM32WBA63CIU6, STM32WBA63CIU7, STM32WBA64CGU6, STM32WBA64CGU7, STM32WBA64CIU6, STM32WBA64CIU7, STM32WBA65CGU6, STM32WBA65CGU7, STM32WBA65CIU6, STM32WBA65CIU7, STM32WBA65I-DK1, STM32WBA65MGF6, STM32WBA65MGF7, STM32WBA65MIF6, STM32WBA65MIF7, STM32WBA65PGI6, STM32WBA65PGI7, STM32WBA65PII6, STM32WBA65PII7, STM32WBA65RGV6, STM32WBA65RGV7, STM32WBA65RIV6, STM32WBA65RIV7, STM32WL30K8V6, STM32WL30KBV6, STM32WL31C8V6, STM32WL31CBV6, STM32WL31K8V6, STM32WL31KBV6, STM32WL33C8V6, STM32WL33C8V6TR, STM32WL33C8V7, STM32WL33C8V7TR, STM32WL33CBV6, STM32WL33CBV6TR, STM32WL33CBV7, STM32WL33CBV7TR, STM32WL33CCV6, STM32WL33CCV6TR, STM32WL33CCV7, STM32WL33CCV7A, STM32WL33CCV7ATR, STM32WL33CCV7TR, STM32WL33K8V6, STM32WL33K8V6TR, STM32WL33K8V7, STM32WL33K8V7TR, STM32WL33KBV6, STM32WL33KBV6TR, STM32WL33KBV7, STM32WL33KBV7TR, STM32WL33KCV6, STM32WL33KCV6TR, STM32WL33KCV7, STM32WL33KCV7TR, STM32WL5MOCH6, STM32WL5MOCH6TR]
2025-06-25 21:30:33,748 [ERROR] LogOutputStream:75 - [STDERR_REDIRECT] [Fatal Error] :1:1: Premature end of file.
2025-06-25 21:30:33,749 [ERROR] LogOutputStream:75 - [STDERR_REDIRECT] 
2025-06-25 21:30:33,758 [INFO] BoardInfo:889 - No configuration file found for board P-NUCLEO-WB55
2025-06-25 21:30:33,759 [INFO] DbBoards:161 - Kit is not supported: P-NUCLEO-WB55
2025-06-25 21:30:33,764 [INFO] BoardInfo:889 - No configuration file found for board STEVAL-BFA001V1B
2025-06-25 21:30:33,765 [INFO] DbBoards:161 - Kit is not supported: STEVAL-BFA001V1B
2025-06-25 21:30:33,765 [INFO] BoardInfo:889 - No configuration file found for board STEVAL-BFA001V2B
2025-06-25 21:30:33,767 [INFO] DbBoards:161 - Kit is not supported: STEVAL-BFA001V2B
2025-06-25 21:30:33,925 [INFO] DbBoards:168 - Found 211 boards, 208 are supported
2025-06-25 21:30:33,925 [INFO] DbBoards:169 - Found 211 boards, 43 of them is supported for  Bsp
2025-06-25 21:30:33,930 [INFO] ApiDb:668 - CubeFinder database Data Model version=2.1
2025-06-25 21:30:33,930 [INFO] ApiDb:669 - CubeFinder database Configuration version=3.0.39
2025-06-25 21:30:33,930 [INFO] ApiDb:670 - CubeFinder database generation date=2025-05-20 (1747743314)
2025-06-25 21:30:33,930 [INFO] ApiDb:671 - CubeFinder database FW Pack versions=[FP-ATR-ASTRA1_V2.0.0, FP-SNS-FLIGHT1_V5.1.0, FP-SNS-MOTENV1_V5.0.0, FP-SNS-MOTENVWB1_V1.4.0, FP-SNS-SMARTAG2_V1.2.0, FP-SNS-STBOX1_V2.0.0, STM32Cube_FW_C0_V1.4.0, STM32Cube_FW_F4_V1.28.2, STM32Cube_FW_F7_V1.17.3, STM32Cube_FW_G0_V1.6.2, STM32Cube_FW_G4_V1.6.1, STM32Cube_FW_H5_V1.5.0, STM32Cube_FW_H7RS_V1.2.0, STM32Cube_FW_H7_V1.12.1, STM32Cube_FW_L0_V1.12.2, STM32Cube_FW_L4_V1.18.1, STM32Cube_FW_L5_V1.5.1, STM32Cube_FW_N6_V1.1.1, STM32Cube_FW_U0_V1.2.0, STM32Cube_FW_U3_V1.1.0, STM32Cube_FW_U5_V1.7.0, STM32Cube_FW_WB0_V1.2.0, STM32Cube_FW_WBA_V1.6.0, STM32Cube_FW_WB_V1.22.0, STM32Cube_FW_WL3_V1.1.0, STM32Cube_FW_WL_V1.3.1, X-CUBE-ALGOBUILD_V1.4.0, X-CUBE-ALS_V1.0.2, X-CUBE-AZRTOS-F4_V1.1.0, X-CUBE-AZRTOS-F7_V1.1.0, X-CUBE-AZRTOS-G0_V1.1.0, X-CUBE-AZRTOS-G4_V2.0.0, X-CUBE-AZRTOS-H7RS_V1.1.0, X-CUBE-AZRTOS-H7_V3.3.0, X-CUBE-AZRTOS-L4_V2.0.0, X-CUBE-AZRTOS-L5_V2.0.0, X-CUBE-AZRTOS-WB_V2.0.0, X-CUBE-AZRTOS-WL_V2.0.0, X-CUBE-BLE1_V7.1.0, X-CUBE-BLE2_V3.3.0, X-CUBE-BLEMGR_V4.0.0, X-CUBE-EEPRMA1_V5.1.0, X-CUBE-FREERTOS_V1.3.1, X-CUBE-GNSS1_V6.0.0, X-CUBE-MEMS1_V11.2.0, X-CUBE-NFC4_V3.0.0, X-CUBE-NFC7_V2.0.0, X-CUBE-SFXS2LP1_V4.0.0, X-CUBE-SUBG2_V5.0.0, X-CUBE-TOF1_V3.4.3]
2025-06-25 21:30:34,749 [ERROR] LogOutputStream:75 - [STDERR_REDIRECT] [Fatal Error] :1:1: Premature end of file.
2025-06-25 21:30:34,749 [ERROR] LogOutputStream:75 - [STDERR_REDIRECT] 
2025-06-25 21:30:35,612 [INFO] ApiDb:240 - Found 895 in-development CPN: [B-G473E-ZEST1S, B-WB1M-WPAN1, B-WBA5M-WPAN, B-WL5M-SUBG1, NUCLEO-C031C6, NUCLEO-C051C8, NUCLEO-C071RB, NUCLEO-C092RC, NUCLEO-H503RB, NUCLEO-H533RE, NUCLEO-H563ZI, NUCLEO-H7S3L8, NUCLEO-N657X0-Q, NUCLEO-U031R8, NUCLEO-U083RC, NUCLEO-U385RG-Q, NUCLEO-U545RE-Q, NUCLEO-U5A5ZJ-Q, NUCLEO-WB05KZ, NUCLEO-WB07CC, NUCLEO-WB09KE, NUCLEO-WBA52CG, NUCLEO-WBA55CG, NUCLEO-WBA65RI, NUCLEO-WL33CC1, NUCLEO-WL33CC2, STEVAL-PROTEUS1, STEVAL-SMARTAG2, STEVAL-STWINBX1, STM320518-EVAL, STM32C0116-DK, STM32C011D6Y3TR, STM32C011D6Y6TR, STM32C011F4P3, STM32C011F4P6, STM32C011F4U3, STM32C011F4U6TR, STM32C011F6P3, STM32C011F6P6, STM32C011F6U3, STM32C011F6U6TR, STM32C011J4M3, STM32C011J4M6, STM32C011J6M3, STM32C011J6M6, STM32C0316-DK, STM32C031C4T3, STM32C031C4T6, STM32C031C4U3, STM32C031C4U6, STM32C031C6T3, STM32C031C6T6, STM32C031C6U3, STM32C031C6U6, STM32C031F4P3, STM32C031F4P6, STM32C031F6P3, STM32C031F6P6, STM32C031G4U3, STM32C031G4U6, STM32C031G6U3, STM32C031G6U6, STM32C031K4T3, STM32C031K4T6, STM32C031K4U3, STM32C031K4U6, STM32C031K6T3, STM32C031K6T6, STM32C031K6U3, STM32C031K6U6, STM32C051C6T6, STM32C051C6U6, STM32C051C8T6, STM32C051C8U6, STM32C051D8Y6TR, STM32C051F6P6, STM32C051F8P6, STM32C051G6U6, STM32C051G8U6, STM32C051K6T6, STM32C051K6U6, STM32C051K8T6, STM32C071C8T6, STM32C071C8T6N, STM32C071C8U6, STM32C071C8U6N, STM32C071CBT6, STM32C071CBT6N, STM32C071CBU6, STM32C071CBU6N, STM32C071F8P6, STM32C071F8P6N, STM32C071FBP6, STM32C071FBP6N, STM32C071FBY6TR, STM32C071G8U6, STM32C071G8U6N, STM32C071GBU6, STM32C071GBU6N, STM32C071K8T6, STM32C071K8T6N, STM32C071K8U6, STM32C071K8U6N, STM32C071KBT6, STM32C071KBT6N, STM32C071KBU6, STM32C071KBU6N, STM32C071R8T6, STM32C071R8T6N, STM32C071RBI6N, STM32C071RBT6, STM32C071RBT6N, STM32C091CBT6, STM32C091CBU6, STM32C091CCT6, STM32C091CCU6, STM32C091ECY6TR, STM32C091FBP6, STM32C091FCP6, STM32C091GBU6, STM32C091GCU6, STM32C091KBT6, STM32C091KBU6, STM32C091KCT6, STM32C091KCU6, STM32C091RBT6, STM32C091RCI6, STM32C091RCT6, STM32C092CBT6, STM32C092CBU6, STM32C092CCT6, STM32C092CCU6, STM32C092ECY6TR, STM32C092FBP6, STM32C092FCP6, STM32C092GBU6, STM32C092GCU6, STM32C092KBT6, STM32C092KBU6, STM32C092KCT6, STM32C092KCU6, STM32C092RBT6, STM32C092RCI6, STM32C092RCT6, STM32G071K8TXN, STM32G071K8UXN, STM32G081GBU6N, STM32G081KBT6N, STM32G081KBUXN, STM32G0B1CCT6N, STM32G0B1KCT6, STM32G0B1NEY6TR, STM32G0B1RCT6N, STM32G0C1CCT6, STM32G0C1CCT6N, STM32G0C1CCU6N, STM32G0C1CET6N, STM32G0C1CEU6N, STM32G0C1KCT6, STM32G0C1NEY6TR, STM32G0C1RCI6N, STM32G0C1RCT6N, STM32G0C1REI6N, STM32G0C1RET6N, STM32G0C1VCI6, STM32G0C1VEI6, STM32G411C6T3, STM32G411C6T6, STM32G411C6U3, STM32G411C6U6, STM32G411C8T3, STM32G411C8T6, STM32G411C8U3, STM32G411C8U6, STM32G411CBT3, STM32G411CBT6, STM32G411CBU3, STM32G411CBU6, STM32G411CCT3, STM32G411CCT6, STM32G411CCU3, STM32G411CCU6, STM32G411K6T3, STM32G411K6T6, STM32G411K6U3, STM32G411K6U6, STM32G411K8T3, STM32G411K8T6, STM32G411K8U3, STM32G411K8U6, STM32G411KBT3, STM32G411KBT6, STM32G411KBU3, STM32G411KBU6, STM32G411M6T3, STM32G411M6T6, STM32G411M8T3, STM32G411M8T6, STM32G411MBT3, STM32G411MBT6, STM32G411MCT3, STM32G411MCT6, STM32G411R6T3, STM32G411R6T6, STM32G411R8T3, STM32G411R8T6, STM32G411RBT3, STM32G411RBT6, STM32G411RCT3, STM32G411RCT6, STM32G414CBT3, STM32G414CBT6, STM32G414CBU3, STM32G414CBU6, STM32G414CCT3, STM32G414CCT6, STM32G414CCU3, STM32G414CCU6, STM32G414MBT3, STM32G414MBT6, STM32G414MCT3, STM32G414MCT6, STM32G414RBT3, STM32G414RBT6, STM32G414RCT3, STM32G414RCT6, STM32G414VBT3, STM32G414VBT6, STM32G414VCT3, STM32G414VCT6, STM32G431CBT3Z, STM32G431RBT3Z, STM32G471CCT6, STM32G471CCU6, STM32G471CET3, STM32G471CET6, STM32G471CEU3, STM32G471CEU6, STM32G471MCT6, STM32G471MET3, STM32G471MET6, STM32G471MEY6TR, STM32G471QCT6, STM32G471QET3, STM32G471RCT6, STM32G471RET3, STM32G471RET6, STM32G471VCH6, STM32G471VCI6, STM32G471VCT6, STM32G471VEH3, STM32G471VEH6, STM32G471VEI3, STM32G471VEI6, STM32G471VET3, STM32G471VET6, STM32G473QET3Z, STM32G473RET3Z, STM32G474CCT6, STM32G491RET3Z, STM32H503CBT6, STM32H503CBU6, STM32H503EBY6TR, STM32H503KBU6, STM32H503RBT6, STM32H523CCT6, STM32H523CCU6, STM32H523CET6, STM32H523CEU6, STM32H523HEY6TR, STM32H523RCT6, STM32H523RET6, STM32H523VCI6, STM32H523VCT6, STM32H523VEI6, STM32H523VET6, STM32H523ZCJ6, STM32H523ZCT6, STM32H523ZEJ6, STM32H523ZET6, STM32H533CET6, STM32H533CEU6, STM32H533HEY6TR, STM32H533RET6, STM32H533VEI6, STM32H533VET6, STM32H533ZEJ6, STM32H533ZET6, STM32H562AGI6, STM32H562AII6, STM32H562IGK6, STM32H562IGT6, STM32H562IIK6, STM32H562IIT6, STM32H562RGT6, STM32H562RGV6, STM32H562RIT6, STM32H562RIV6, STM32H562VGT6, STM32H562VIT6, STM32H562ZGT6, STM32H562ZIT6, STM32H563AGI6, STM32H563AII3Q, STM32H563AII6, STM32H563IGK6, STM32H563IGT6, STM32H563IIK3Q, STM32H563IIK6, STM32H563IIT3Q, STM32H563IIT6, STM32H563MIY3QTR, STM32H563RGT6, STM32H563RGV6, STM32H563RIT6, STM32H563RIV6, STM32H563VGT6, STM32H563VIT3Q, STM32H563VIT6, STM32H563ZGT6, STM32H563ZIT3Q, STM32H563ZIT6, STM32H573AII3Q, STM32H573AII6, STM32H573I-DK, STM32H573IIK3Q, STM32H573IIK6, STM32H573IIT3Q, STM32H573IIT6, STM32H573MIY3QTR, STM32H573RIT6, STM32H573RIV6, STM32H573VIT3Q, STM32H573VIT6, STM32H573ZIT3Q, STM32H573ZIT6, STM32H7R3A8I6, STM32H7R3I8K6, STM32H7R3I8T6, STM32H7R3L8H6, STM32H7R3L8H6H, STM32H7R3R8V6, STM32H7R3V8H6, STM32H7R3V8T6, STM32H7R3V8Y6TR, STM32H7R3Z8J6, STM32H7R3Z8T6, STM32H7R7A8I6, STM32H7R7I8K6, STM32H7R7I8T6, STM32H7R7L8H6, STM32H7R7L8H6H, STM32H7R7Z8J6, STM32H7S3A8I6, STM32H7S3I8K6, STM32H7S3I8T6, STM32H7S3L8H6, STM32H7S3L8H6H, STM32H7S3R8V6, STM32H7S3V8H6, STM32H7S3V8T6, STM32H7S3V8Y6TR, STM32H7S3Z8J6, STM32H7S3Z8T6, STM32H7S78-DK, STM32H7S7A8I6, STM32H7S7I8K6, STM32H7S7I8T6, STM32H7S7L8H6, STM32H7S7L8H6H, STM32H7S7Z8J6, STM32L4R5QGI6STR, STM32MP131AAE3, STM32MP131AAF3, STM32MP131AAG3, STM32MP131CAE3, STM32MP131CAF3, STM32MP131CAG3, STM32MP131DAE7, STM32MP131DAF7, STM32MP131DAG7, STM32MP131FAE7, STM32MP131FAF7, STM32MP131FAG7, STM32MP133AAE3, STM32MP133AAF3, STM32MP133AAG3, STM32MP133CAE3, STM32MP133CAF3, STM32MP133CAG3, STM32MP133DAE7, STM32MP133DAF7, STM32MP133DAG7, STM32MP133FAE7, STM32MP133FAF7, STM32MP133FAG7, STM32MP135AAE3, STM32MP135AAF3, STM32MP135AAG3, STM32MP135CAE3, STM32MP135CAF3, STM32MP135CAG3, STM32MP135DAE7, STM32MP135DAF7, STM32MP135DAG7, STM32MP135F-DK, STM32MP135FAE7, STM32MP135FAF7, STM32MP135FAF7T, STM32MP135FAF7U, STM32MP135FAG7, STM32MP231AAJ3, STM32MP231AAK3, STM32MP231AAL3, STM32MP231CAJ3, STM32MP231CAK3, STM32MP231CAL3, STM32MP231DAJ3, STM32MP231DAK3, STM32MP231DAL3, STM32MP231FAJ3, STM32MP231FAK3, STM32MP231FAL3, STM32MP233AAJ3, STM32MP233AAK3, STM32MP233AAL3, STM32MP233CAJ3, STM32MP233CAK3, STM32MP233CAL3, STM32MP233DAJ3, STM32MP233DAK3, STM32MP233DAL3, STM32MP233FAJ3, STM32MP233FAK3, STM32MP233FAL3, STM32MP235AAJ3, STM32MP235AAK3, STM32MP235AAL3, STM32MP235CAJ3, STM32MP235CAK3, STM32MP235CAL3, STM32MP235DAJ3, STM32MP235DAK3, STM32MP235DAL3, STM32MP235FAJ3, STM32MP235FAK3, STM32MP235FAL3, STM32MP251AAI3, STM32MP251AAJ3, STM32MP251AAK3, STM32MP251AAL3, STM32MP251CAI3, STM32MP251CAJ3, STM32MP251CAK3, STM32MP251CAL3, STM32MP251DAI3, STM32MP251DAJ3, STM32MP251DAK3, STM32MP251DAL3, STM32MP251FAI3, STM32MP251FAJ3, STM32MP251FAK3, STM32MP251FAL3, STM32MP253AAI3, STM32MP253AAJ3, STM32MP253AAK3, STM32MP253AAL3, STM32MP253CAI3, STM32MP253CAJ3, STM32MP253CAK3, STM32MP253CAL3, STM32MP253DAI3, STM32MP253DAJ3, STM32MP253DAK3, STM32MP253DAL3, STM32MP253FAI3, STM32MP253FAJ3, STM32MP253FAK3, STM32MP253FAL3, STM32MP255AAI3, STM32MP255AAJ3, STM32MP255AAK3, STM32MP255AAL3, STM32MP255CAI3, STM32MP255CAJ3, STM32MP255CAK3, STM32MP255CAL3, STM32MP255DAI3, STM32MP255DAJ3, STM32MP255DAK3, STM32MP255DAL3, STM32MP255FAI3, STM32MP255FAJ3, STM32MP255FAK3, STM32MP255FAL3, STM32MP257AAI3, STM32MP257AAJ3, STM32MP257AAK3, STM32MP257AAL3, STM32MP257CAI3, STM32MP257CAJ3, STM32MP257CAK3, STM32MP257CAL3, STM32MP257DAI3, STM32MP257DAJ3, STM32MP257DAK3, STM32MP257DAL3, STM32MP257F-DK, STM32MP257F-EV1, STM32MP257FAI3, STM32MP257FAJ3, STM32MP257FAK3, STM32MP257FAL3, STM32N645A0H3Q, STM32N645B0H3Q, STM32N645I0H3Q, STM32N645L0H3Q, STM32N645X0H3Q, STM32N645Z0H3Q, STM32N647A0H3Q, STM32N647B0H3Q, STM32N647I0H3Q, STM32N647L0H3Q, STM32N647X0H3Q, STM32N647Z0H3Q, STM32N655A0H3Q, STM32N655B0H3Q, STM32N655I0H3Q, STM32N655L0H3Q, STM32N655X0H3Q, STM32N655Z0H3Q, STM32N6570-DK, STM32N657A0H3Q, STM32N657B0H3Q, STM32N657I0H3Q, STM32N657L0H3Q, STM32N657X0H3Q, STM32N657Z0H3Q, STM32U031C6T6, STM32U031C6U6, STM32U031C8T6, STM32U031C8U6, STM32U031F4P6, STM32U031F6P6, STM32U031F8P6, STM32U031G6Y6TR, STM32U031G8Y6TR, STM32U031K4U6, STM32U031K6U6, STM32U031K8U6, STM32U031R6I6, STM32U031R6T6, STM32U031R8I6, STM32U031R8T6, STM32U073C8T6, STM32U073C8U6, STM32U073CBT6, STM32U073CBU6, STM32U073CCT6, STM32U073CCU6, STM32U073H8Y6TR, STM32U073HBY6TR, STM32U073HCY6TR, STM32U073K8U6, STM32U073KBU6, STM32U073KCU6, STM32U073M8I6, STM32U073M8T6, STM32U073MBI6, STM32U073MBT6, STM32U073MCI6, STM32U073MCT6, STM32U073R8I6, STM32U073R8T6, STM32U073RBI6, STM32U073RBT6, STM32U073RCI6, STM32U073RCT6, STM32U083C-DK, STM32U083CCT6, STM32U083CCU6, STM32U083HCY6TR, STM32U083KCU6, STM32U083MCI6, STM32U083MCT6, STM32U083RCI6, STM32U083RCT6, STM32U375CET6, STM32U375CET6Q, STM32U375CEU6, STM32U375CEU6Q, STM32U375CEY6QTR, STM32U375CGT6, STM32U375CGT6Q, STM32U375CGU6, STM32U375CGU6Q, STM32U375CGY6QTR, STM32U375KEU6, STM32U375KGU6, STM32U375REI6, STM32U375REI6Q, STM32U375RET6, STM32U375RET6Q, STM32U375REY6GTR, STM32U375REY6QTR, STM32U375RGI6, STM32U375RGI6Q, STM32U375RGT6, STM32U375RGT6Q, STM32U375RGY6GTR, STM32U375RGY6QTR, STM32U375VEI6, STM32U375VEI6Q, STM32U375VET6, STM32U375VET6Q, STM32U375VGI6, STM32U375VGI6Q, STM32U375VGT6, STM32U375VGT6Q, STM32U385CGT6, STM32U385CGT6Q, STM32U385CGU6, STM32U385CGU6Q, STM32U385CGY6QTR, STM32U385KGU6, STM32U385RGI6, STM32U385RGI6Q, STM32U385RGT6, STM32U385RGT6Q, STM32U385RGY6GTR, STM32U385RGY6QTR, STM32U385VGI6, STM32U385VGI6Q, STM32U385VGT6, STM32U385VGT6Q, STM32U535CBT6, STM32U535CBT6Q, STM32U535CBU6, STM32U535CBU6Q, STM32U535CCT6, STM32U535CCT6Q, STM32U535CCU6, STM32U535CCU6Q, STM32U535CET6, STM32U535CET6Q, STM32U535CEU6, STM32U535CEU6Q, STM32U535JEY6QTR, STM32U535NCY6QTR, STM32U535NEY6QTR, STM32U535RBI6, STM32U535RBI6Q, STM32U535RBT6, STM32U535RBT6Q, STM32U535RCI6, STM32U535RCI6Q, STM32U535RCT6, STM32U535RCT6Q, STM32U535REI6, STM32U535REI6Q, STM32U535RET6, STM32U535RET6Q, STM32U535VCI6, STM32U535VCI6Q, STM32U535VCT6, STM32U535VCT6Q, STM32U535VEI6, STM32U535VEI6Q, STM32U535VET6, STM32U535VET6Q, STM32U545CET6, STM32U545CET6Q, STM32U545CEU6, STM32U545CEU6Q, STM32U545JEY6QTR, STM32U545NEY6QTR, STM32U545REI6, STM32U545REI6Q, STM32U545RET6, STM32U545RET6Q, STM32U545VEI6, STM32U545VEI6Q, STM32U545VET6, STM32U545VET6Q, STM32U595AIH6, STM32U595AIH6Q, STM32U595AJH6, STM32U595AJH6Q, STM32U595QII6, STM32U595QII6Q, STM32U595QJI6, STM32U595QJI6Q, STM32U595RIT6, STM32U595RIT6Q, STM32U595RJT6, STM32U595RJT6Q, STM32U595VIT6, STM32U595VIT6Q, STM32U595VJT6, STM32U595VJT6Q, STM32U595ZIT6, STM32U595ZIT6Q, STM32U595ZIY6QTR, STM32U595ZJT6, STM32U595ZJT6Q, STM32U595ZJY6QTR, STM32U599BJY6QTR, STM32U599NIH6Q, STM32U599NJH6Q, STM32U599VIT6Q, STM32U599VJT6, STM32U599VJT6Q, STM32U599ZIT6Q, STM32U599ZIY6QTR, STM32U599ZJT6Q, STM32U599ZJY6QTR, STM32U5A5AJH6, STM32U5A5AJH6Q, STM32U5A5QII3Q , STM32U5A5QJI6, STM32U5A5QJI6Q, STM32U5A5RJT6, STM32U5A5RJT6Q, STM32U5A5VJT6, STM32U5A5VJT6Q, STM32U5A5ZJT6, STM32U5A5ZJT6Q, STM32U5A5ZJY6QTR, STM32U5A9BJY6QTR, STM32U5A9J-DK, STM32U5A9NJH6Q, STM32U5A9VJT6Q, STM32U5A9ZJT6Q, STM32U5A9ZJY6QTR, STM32U5F7VIT6, STM32U5F7VIT6Q, STM32U5F7VJT6, STM32U5F7VJT6Q, STM32U5F9BJY6QTR, STM32U5F9NJH6Q, STM32U5F9VIT6Q, STM32U5F9VJT6Q, STM32U5F9ZIJ6QTR, STM32U5F9ZIT6Q, STM32U5F9ZJJ6QTR, STM32U5F9ZJT6Q, STM32U5G7VJT6, STM32U5G7VJT6Q, STM32U5G9BJY6QTR, STM32U5G9J-DK1, STM32U5G9J-DK2, STM32U5G9NJH6Q, STM32U5G9VJT6Q, STM32U5G9ZJJ6QTR, STM32U5G9ZJT6Q, STM32WB05KZV6TR, STM32WB05KZV7TR, STM32WB05TZF6TR, STM32WB05TZF7TR, STM32WB06CCF6TR, STM32WB06CCF7TR, STM32WB06CCV6TR, STM32WB06CCV7TR, STM32WB06KCV6TR, STM32WB06KCV7TR, STM32WB07CCF6TR, STM32WB07CCF7TR, STM32WB07CCV6TR, STM32WB07CCV7TR, STM32WB07KCV6TR, STM32WB07KCV7TR, STM32WB09KEV6TR, STM32WB09KEV7TR, STM32WB09TEF6TR, STM32WB09TEF7TR, STM32WB1MMCH6, STM32WBA50KGU6, STM32WBA50KGU6TR, STM32WBA52CEU6, STM32WBA52CEU6TR, STM32WBA52CEU7, STM32WBA52CEU7TR, STM32WBA52CGU6, STM32WBA52CGU6TR, STM32WBA52CGU6U, STM32WBA52CGU7, STM32WBA52CGU7TR, STM32WBA52KEU6, STM32WBA52KEU6TR, STM32WBA52KGU6, STM32WBA52KGU6TR, STM32WBA54CEU6, STM32WBA54CEU6TR, STM32WBA54CEU7, STM32WBA54CEU7TR, STM32WBA54CGU6, STM32WBA54CGU6TR, STM32WBA54CGU7, STM32WBA54CGU7TR, STM32WBA54KEU6, STM32WBA54KEU6TR, STM32WBA54KEU7, STM32WBA54KEU7TR, STM32WBA54KGU6, STM32WBA54KGU6TR, STM32WBA54KGU7, STM32WBA54KGU7TR, STM32WBA55CEU6, STM32WBA55CEU6TR, STM32WBA55CEU7, STM32WBA55CEU7TR, STM32WBA55CGU6, STM32WBA55CGU6TR, STM32WBA55CGU6U, STM32WBA55CGU7, STM32WBA55CGU7TR, STM32WBA55G-DK1, STM32WBA55HEF6, STM32WBA55HEF7, STM32WBA55HGF6, STM32WBA55HGF7, STM32WBA55UEI6, STM32WBA55UEI6TR, STM32WBA55UEI7, STM32WBA55UEI7TR, STM32WBA55UGI6, STM32WBA55UGI6TR, STM32WBA55UGI7, STM32WBA55UGI7TR, STM32WBA5MJGH6TR, STM32WBA62CGU6, STM32WBA62CIU6, STM32WBA62MGF6, STM32WBA62MIF6, STM32WBA62PGI6, STM32WBA62PII6, STM32WBA63CGU6, STM32WBA63CGU7, STM32WBA63CIU6, STM32WBA63CIU7, STM32WBA64CGU6, STM32WBA64CGU7, STM32WBA64CIU6, STM32WBA64CIU7, STM32WBA65CGU6, STM32WBA65CGU7, STM32WBA65CIU6, STM32WBA65CIU7, STM32WBA65I-DK1, STM32WBA65MGF6, STM32WBA65MGF7, STM32WBA65MIF6, STM32WBA65MIF7, STM32WBA65PGI6, STM32WBA65PGI7, STM32WBA65PII6, STM32WBA65PII7, STM32WBA65RGV6, STM32WBA65RGV7, STM32WBA65RIV6, STM32WBA65RIV7, STM32WL30K8V6, STM32WL30KBV6, STM32WL31C8V6, STM32WL31CBV6, STM32WL31K8V6, STM32WL31KBV6, STM32WL33C8V6, STM32WL33C8V6TR, STM32WL33C8V7, STM32WL33C8V7TR, STM32WL33CBV6, STM32WL33CBV6TR, STM32WL33CBV7, STM32WL33CBV7TR, STM32WL33CCV6, STM32WL33CCV6TR, STM32WL33CCV7, STM32WL33CCV7A, STM32WL33CCV7ATR, STM32WL33CCV7TR, STM32WL33K8V6, STM32WL33K8V6TR, STM32WL33K8V7, STM32WL33K8V7TR, STM32WL33KBV6, STM32WL33KBV6TR, STM32WL33KBV7, STM32WL33KBV7TR, STM32WL33KCV6, STM32WL33KCV6TR, STM32WL33KCV7, STM32WL33KCV7TR, STM32WL5MOCH6, STM32WL5MOCH6TR]
2025-06-25 21:30:35,615 [INFO] DbMcus:218 - Found 4686 MCUs, 4686 are supported
2025-06-25 21:30:35,616 [INFO] ApiDb:423 - Load user favorites file C:\Users\Marco/.stm32cubeide/favorites.mcus.txt: 0 item(s)
2025-06-25 21:30:35,616 [INFO] ApiDb:427 - User favorites MCUs=[]
2025-06-25 21:30:35,616 [INFO] DbMcus:224 - Set 0 / 0 favorites MCUs
2025-06-25 21:30:35,748 [ERROR] LogOutputStream:75 - [STDERR_REDIRECT] [Fatal Error] :1:1: Premature end of file.
2025-06-25 21:30:35,748 [ERROR] LogOutputStream:75 - [STDERR_REDIRECT] 
2025-06-25 21:30:35,891 [INFO] ApiDb:423 - Load user favorites file C:\Users\Marco/.stm32cubeide/favorites.boards.txt: 0 item(s)
2025-06-25 21:30:35,891 [INFO] ApiDb:427 - User favorites Boards=[]
2025-06-25 21:30:35,891 [INFO] DbBoards:198 - Set 0 / 0 favorites Boards
2025-06-25 21:30:35,948 [INFO] UtilMem:75 - End LoadConfig() Used Memory: 914123064 Bytes (1073741824)
2025-06-25 21:30:36,057 [WARN] ThirdParty:833 - waiting for thirdparty lock release [change project]
2025-06-25 21:30:36,057 [INFO] ThirdParty:835 - entering critical section [change project]
2025-06-25 21:30:36,057 [INFO] ThirdParty:1030 - CMSIS Pack Vendor :STMicroelectronics X-CUBE-PM33A1 1.0.0
2025-06-25 21:30:36,057 [INFO] ThirdParty:1030 - CMSIS Pack Vendor :STMicroelectronics USBPD 4.1
2025-06-25 21:30:36,057 [INFO] ThirdParty:1030 - CMSIS Pack Vendor :STMicroelectronics X-CUBE-AZRTOS-H7 3.3.0
2025-06-25 21:30:36,057 [INFO] ThirdParty:1030 - CMSIS Pack Vendor :STMicroelectronics X-CUBE-NFC9 1.0.0
2025-06-25 21:30:36,057 [INFO] ThirdParty:1030 - CMSIS Pack Vendor :STMicroelectronics USB_HOST 2.0.0
2025-06-25 21:30:36,057 [INFO] ThirdParty:1030 - CMSIS Pack Vendor :STMicroelectronics FP-SNS-MOTENVWB1 1.4.0
2025-06-25 21:30:36,057 [INFO] ThirdParty:1030 - CMSIS Pack Vendor :STMicroelectronics X-CUBE-AZRTOS-F4 1.1.0
2025-06-25 21:30:36,057 [INFO] ThirdParty:1030 - CMSIS Pack Vendor :STMicroelectronics LIBJPEG 8.0.0
2025-06-25 21:30:36,057 [INFO] ThirdParty:1030 - CMSIS Pack Vendor :STMicroelectronics FP-ATR-ASTRA1 2.0.2
2025-06-25 21:30:36,058 [INFO] ThirdParty:1030 - CMSIS Pack Vendor :STMicroelectronics X-CUBE-BLE1 7.1.0
2025-06-25 21:30:36,058 [INFO] ThirdParty:1030 - CMSIS Pack Vendor :Avnet-IotConnect X-CUBE-IoTC-DA16k-PMOD 1.0.0
2025-06-25 21:30:36,058 [INFO] ThirdParty:1030 - CMSIS Pack Vendor :STMicroelectronics X-CUBE-SMBUS 2.1.0
2025-06-25 21:30:36,058 [INFO] ThirdParty:1030 - CMSIS Pack Vendor :STMicroelectronics X-CUBE-WB05N 1.1.0
2025-06-25 21:30:36,058 [INFO] ThirdParty:1030 - CMSIS Pack Vendor :wolfSSL I-CUBE-wolfMQTT 1.19.2
2025-06-25 21:30:36,058 [INFO] ThirdParty:1030 - CMSIS Pack Vendor :STMicroelectronics USB_DEVICE 3.0.0
2025-06-25 21:30:36,058 [INFO] ThirdParty:1030 - CMSIS Pack Vendor :STMicroelectronics X-CUBE-ISPU 2.1.0
2025-06-25 21:30:36,058 [INFO] ThirdParty:1030 - CMSIS Pack Vendor :STMicroelectronics X-CUBE-AZRTOS-WB 2.0.0
2025-06-25 21:30:36,058 [INFO] ThirdParty:1030 - CMSIS Pack Vendor :STMicroelectronics X-CUBE-ST60 1.0.0
2025-06-25 21:30:36,058 [INFO] ThirdParty:1030 - CMSIS Pack Vendor :STMicroelectronics X-CUBE-GNSS1 7.0.1
2025-06-25 21:30:36,058 [INFO] ThirdParty:1030 - CMSIS Pack Vendor :STMicroelectronics X-CUBE-AZRTOS-F7 1.1.0
2025-06-25 21:30:36,058 [INFO] ThirdParty:1030 - CMSIS Pack Vendor :STMicroelectronics X-CUBE-AZRTOS-L5 2.0.0
2025-06-25 21:30:36,058 [INFO] ThirdParty:1030 - CMSIS Pack Vendor :STMicroelectronics X-CUBE-TOUCHGFX 4.25.0
2025-06-25 21:30:36,058 [INFO] ThirdParty:1030 - CMSIS Pack Vendor :STMicroelectronics USB_DEVICE 2.0.0
2025-06-25 21:30:36,058 [INFO] ThirdParty:1030 - CMSIS Pack Vendor :STMicroelectronics X-CUBE-NFC6 3.1.0
2025-06-25 21:30:36,058 [INFO] ThirdParty:1030 - CMSIS Pack Vendor :STMicroelectronics X-CUBE-AI 10.1.0
2025-06-25 21:30:36,058 [INFO] ThirdParty:1030 - CMSIS Pack Vendor :STMicroelectronics FP-SNS-STBOX1 2.0.0
2025-06-25 21:30:36,058 [INFO] ThirdParty:1030 - CMSIS Pack Vendor :STMicroelectronics X-CUBE-MEMS1 11.2.0
2025-06-25 21:30:36,058 [INFO] ThirdParty:1030 - CMSIS Pack Vendor :STMicroelectronics FreeRTOS 0.0.1
2025-06-25 21:30:36,058 [INFO] ThirdParty:1030 - CMSIS Pack Vendor :STMicroelectronics X-CUBE-AZRTOS-G0 1.1.0
2025-06-25 21:30:36,058 [INFO] ThirdParty:1030 - CMSIS Pack Vendor :STMicroelectronics X-CUBE-SAFEA1 1.2.2
2025-06-25 21:30:36,058 [INFO] ThirdParty:1030 - CMSIS Pack Vendor :STMicroelectronics X-CUBE-NFC4 3.0.0
2025-06-25 21:30:36,058 [INFO] ThirdParty:1030 - CMSIS Pack Vendor :STMicroelectronics X-CUBE-DPower 1.2.0
2025-06-25 21:30:36,058 [INFO] ThirdParty:1030 - CMSIS Pack Vendor :STMicroelectronics X-CUBE-SUBG2 5.0.0
2025-06-25 21:30:36,058 [INFO] ThirdParty:1030 - CMSIS Pack Vendor :STMicroelectronics X-CUBE-AZRTOS-H7RS 1.1.0
2025-06-25 21:30:36,058 [INFO] ThirdParty:1030 - CMSIS Pack Vendor :STMicroelectronics STM32_WPAN 1.0.0
2025-06-25 21:30:36,058 [INFO] ThirdParty:1030 - CMSIS Pack Vendor :EmbeddedOffice I-CUBE-FS-RTOS 1.0.1
2025-06-25 21:30:36,058 [INFO] ThirdParty:1030 - CMSIS Pack Vendor :STMicroelectronics lwIP 2.0.3
2025-06-25 21:30:36,058 [INFO] ThirdParty:1030 - CMSIS Pack Vendor :Cesanta I-CUBE-Mongoose 7.13.0
2025-06-25 21:30:36,058 [INFO] ThirdParty:1030 - CMSIS Pack Vendor :STMicroelectronics USB_HOST 1.0.0
2025-06-25 21:30:36,058 [INFO] ThirdParty:1030 - CMSIS Pack Vendor :Infineon AIROC-Wi-Fi-Bluetooth-STM32 1.7.0
2025-06-25 21:30:36,058 [INFO] ThirdParty:1030 - CMSIS Pack Vendor :STMicroelectronics X-CUBE-AZRTOS-G4 2.0.0
2025-06-25 21:30:36,058 [INFO] ThirdParty:1030 - CMSIS Pack Vendor :STMicroelectronics X-CUBE-WB05N 2.0.0
2025-06-25 21:30:36,058 [INFO] ThirdParty:1030 - CMSIS Pack Vendor :STMicroelectronics PDM2PCM 3.1.0
2025-06-25 21:30:36,058 [INFO] ThirdParty:1030 - CMSIS Pack Vendor :STMicroelectronics PDM2PCM 3.3.0
2025-06-25 21:30:36,058 [INFO] ThirdParty:1030 - CMSIS Pack Vendor :wolfSSL I-CUBE-wolfTPM 3.8.0
2025-06-25 21:30:36,058 [INFO] ThirdParty:1030 - CMSIS Pack Vendor :STMicroelectronics X-CUBE-DISPLAY 3.0.0
2025-06-25 21:30:36,058 [INFO] ThirdParty:1030 - CMSIS Pack Vendor :wolfSSL I-CUBE-wolfSSH 1.4.20
2025-06-25 21:30:36,058 [INFO] ThirdParty:1030 - CMSIS Pack Vendor :STMicroelectronics X-CUBE-NFC7 2.0.0
2025-06-25 21:30:36,058 [INFO] ThirdParty:1030 - CMSIS Pack Vendor :STMicroelectronics X-CUBE-TCPP 4.2.0
2025-06-25 21:30:36,059 [INFO] ThirdParty:1030 - CMSIS Pack Vendor :RealThread X-CUBE-RT-Thread_Nano 4.1.1
2025-06-25 21:30:36,059 [INFO] ThirdParty:1030 - CMSIS Pack Vendor :STMicroelectronics FP-ATR-SIGFOX1 3.2.0
2025-06-25 21:30:36,059 [INFO] ThirdParty:1030 - CMSIS Pack Vendor :STMicroelectronics X-CUBE-NFC10 1.0.0
2025-06-25 21:30:36,059 [INFO] ThirdParty:1030 - CMSIS Pack Vendor :STMicroelectronics X-CUBE-BLEMGR 4.0.0
2025-06-25 21:30:36,059 [INFO] ThirdParty:1030 - CMSIS Pack Vendor :STMicroelectronics X-CUBE-EEPRMA1 5.1.0
2025-06-25 21:30:36,059 [INFO] ThirdParty:1030 - CMSIS Pack Vendor :STMicroelectronics X-CUBE-FREERTOS 1.3.1
2025-06-25 21:30:36,059 [INFO] ThirdParty:1030 - CMSIS Pack Vendor :STMicroelectronics HAL Drivers 0.0.0
2025-06-25 21:30:36,059 [INFO] ThirdParty:1030 - CMSIS Pack Vendor :STMicroelectronics MBEDTLS 2.16.2
2025-06-25 21:30:36,059 [INFO] ThirdParty:1030 - CMSIS Pack Vendor :STMicroelectronics X-CUBE-IPS 3.1.0
2025-06-25 21:30:36,059 [INFO] ThirdParty:1030 - CMSIS Pack Vendor :STMicroelectronics X-CUBE-ALS 1.0.2
2025-06-25 21:30:36,059 [INFO] ThirdParty:1030 - CMSIS Pack Vendor :emotas I-CUBE-CANOPEN 1.3.0
2025-06-25 21:30:36,059 [INFO] ThirdParty:1030 - CMSIS Pack Vendor :STMicroelectronics X-CUBE-FREERTOS 1.3.0
2025-06-25 21:30:36,059 [INFO] ThirdParty:1030 - CMSIS Pack Vendor :STMicroelectronics X-CUBE-NFC7 1.0.1
2025-06-25 21:30:36,059 [INFO] ThirdParty:1030 - CMSIS Pack Vendor :STMicroelectronics MBEDTLS 2.14.1
2025-06-25 21:30:36,059 [INFO] ThirdParty:1030 - CMSIS Pack Vendor :wolfSSL I-CUBE-wolfSSL 5.7.6
2025-06-25 21:30:36,059 [INFO] ThirdParty:1030 - CMSIS Pack Vendor :ITTIA_DB I-CUBE-ITTIADB 8.9.0
2025-06-25 21:30:36,059 [INFO] ThirdParty:1030 - CMSIS Pack Vendor :portGmbH I-Cube-SoM-uGOAL 1.1.0
2025-06-25 21:30:36,059 [INFO] ThirdParty:1030 - CMSIS Pack Vendor :quantropi X-CUBE-qispace-sdk-base 2.0.0
2025-06-25 21:30:36,059 [INFO] ThirdParty:1030 - CMSIS Pack Vendor :STMicroelectronics X-CUBE-AI 10.0.0
2025-06-25 21:30:36,059 [INFO] ThirdParty:1030 - CMSIS Pack Vendor :STMicroelectronics X-CUBE-ST67W61 1.0.0
2025-06-25 21:30:36,059 [INFO] ThirdParty:1030 - CMSIS Pack Vendor :STMicroelectronics ThreadX 1.0.0
2025-06-25 21:30:36,059 [INFO] ThirdParty:1030 - CMSIS Pack Vendor :STMicroelectronics FP-SNS-SMARTAG2 1.2.0
2025-06-25 21:30:36,059 [INFO] ThirdParty:1030 - CMSIS Pack Vendor :STMicroelectronics FP-SNS-FLIGHT1 5.1.0
2025-06-25 21:30:36,059 [INFO] ThirdParty:1030 - CMSIS Pack Vendor :STMicroelectronics X-CUBE-MEMS1 11.1.0
2025-06-25 21:30:36,059 [INFO] ThirdParty:1030 - CMSIS Pack Vendor :STMicroelectronics X-CUBE-AZRTOS-WL 2.0.0
2025-06-25 21:30:36,059 [INFO] ThirdParty:1030 - CMSIS Pack Vendor :SEGGER I-CUBE-embOS 1.3.1
2025-06-25 21:30:36,059 [INFO] ThirdParty:1030 - CMSIS Pack Vendor :STMicroelectronics X-CUBE-ALGOBUILD 1.4.0
2025-06-25 21:30:36,059 [INFO] ThirdParty:1030 - CMSIS Pack Vendor :STMicroelectronics X-CUBE-DPower 1.3.0
2025-06-25 21:30:36,059 [INFO] ThirdParty:1030 - CMSIS Pack Vendor :STMicroelectronics X-CUBE-MEMS1 11.3.0
2025-06-25 21:30:36,059 [INFO] ThirdParty:1030 - CMSIS Pack Vendor :STMicroelectronics FP-SNS-MOTENV1 5.0.0
2025-06-25 21:30:36,059 [INFO] ThirdParty:1030 - CMSIS Pack Vendor :STMicroelectronics USB_DEVICE 1.0.0
2025-06-25 21:30:36,059 [INFO] ThirdParty:1030 - CMSIS Pack Vendor :STMicroelectronics X-CUBE-AZRTOS-H7RS 1.0.0
2025-06-25 21:30:36,059 [INFO] ThirdParty:1030 - CMSIS Pack Vendor :STMicroelectronics X-CUBE-AZRTOS-L4 2.0.0
2025-06-25 21:30:36,059 [INFO] ThirdParty:1030 - CMSIS Pack Vendor :STMicroelectronics ThreadX 0.0.2
2025-06-25 21:30:36,059 [INFO] ThirdParty:1030 - CMSIS Pack Vendor :WES I-CUBE-Cesium 1.3.0
2025-06-25 21:30:36,059 [INFO] ThirdParty:1030 - CMSIS Pack Vendor :STMicroelectronics lwIP 2.1.2
2025-06-25 21:30:36,059 [INFO] ThirdParty:1030 - CMSIS Pack Vendor :STMicroelectronics X-CUBE-SFXS2LP1 4.0.0
2025-06-25 21:30:36,059 [INFO] ThirdParty:1030 - CMSIS Pack Vendor :STMicroelectronics X-CUBE-BLE2 3.3.0
2025-06-25 21:30:36,059 [INFO] ThirdParty:1030 - CMSIS Pack Vendor :STMicroelectronics X-CUBE-TOF1 3.4.2
2025-06-25 21:30:36,059 [INFO] ThirdParty:1030 - CMSIS Pack Vendor :STMicroelectronics X-CUBE-TOF1 3.4.3
2025-06-25 21:30:36,059 [INFO] ThirdParty:1030 - CMSIS Pack Vendor :STMicroelectronics PDM2PCM 3.2.0
2025-06-25 21:30:36,059 [INFO] ThirdParty:841 - exiting critical section [change project]
2025-06-25 21:30:36,380 [INFO] PinOutPanel:1589 - setPackage(No Configuration,No Configuration)
2025-06-25 21:30:36,381 [INFO] PinOutPanel:1589 - setPackage(STM32F405RGTx,LQFP64)
2025-06-25 21:30:36,730 [INFO] UtilMem:75 - Before build in PCC Used Memory: 701269808 Bytes (1073741824)
2025-06-25 21:30:36,762 [ERROR] LogOutputStream:75 - [STDERR_REDIRECT] [Fatal Error] :1:1: Premature end of file.
2025-06-25 21:30:36,762 [ERROR] LogOutputStream:75 - [STDERR_REDIRECT] 
2025-06-25 21:30:37,285 [INFO] UtilMem:75 - After build in PCC Used Memory: 776219352 Bytes (1073741824)
2025-06-25 21:30:37,355 [INFO] ApiDbMcu:508 - Load IP Config File for USB_DEVICE
2025-06-25 21:30:37,377 [INFO] IPUIPlugin:80 - create IPUIPlugin
2025-06-25 21:30:37,377 [INFO] IPUIPlugin:80 - create IPUIPlugin
2025-06-25 21:30:37,378 [INFO] IPUIPlugin:80 - create IPUIPlugin
2025-06-25 21:30:37,378 [INFO] IPUIPlugin:80 - create IPUIPlugin
2025-06-25 21:30:37,378 [INFO] IPUIPlugin:80 - create IPUIPlugin
2025-06-25 21:30:37,378 [INFO] IPUIPlugin:80 - create IPUIPlugin
2025-06-25 21:30:37,378 [INFO] IPUIPlugin:80 - create IPUIPlugin
2025-06-25 21:30:37,378 [INFO] IPUIPlugin:80 - create IPUIPlugin
2025-06-25 21:30:37,378 [INFO] IPUIPlugin:80 - create IPUIPlugin
2025-06-25 21:30:37,378 [INFO] IPUIPlugin:80 - create IPUIPlugin
2025-06-25 21:30:37,378 [INFO] IPUIPlugin:80 - create IPUIPlugin
2025-06-25 21:30:37,378 [INFO] IPUIPlugin:80 - create IPUIPlugin
2025-06-25 21:30:37,378 [INFO] IPUIPlugin:80 - create IPUIPlugin
2025-06-25 21:30:37,378 [INFO] IPUIPlugin:80 - create IPUIPlugin
2025-06-25 21:30:37,379 [INFO] IPUIPlugin:80 - create IPUIPlugin
2025-06-25 21:30:37,379 [INFO] IPUIPlugin:80 - create IPUIPlugin
2025-06-25 21:30:37,379 [INFO] IPUIPlugin:80 - create IPUIPlugin
2025-06-25 21:30:37,379 [INFO] IPUIPlugin:80 - create IPUIPlugin
2025-06-25 21:30:37,379 [INFO] IPUIPlugin:80 - create IPUIPlugin
2025-06-25 21:30:37,380 [INFO] IPUIPlugin:80 - create IPUIPlugin
2025-06-25 21:30:37,380 [INFO] IPUIPlugin:80 - create IPUIPlugin
2025-06-25 21:30:37,380 [INFO] IPUIPlugin:80 - create IPUIPlugin
2025-06-25 21:30:37,380 [INFO] IPUIPlugin:80 - create IPUIPlugin
2025-06-25 21:30:37,380 [INFO] IPUIPlugin:80 - create IPUIPlugin
2025-06-25 21:30:37,380 [INFO] IPUIPlugin:80 - create IPUIPlugin
2025-06-25 21:30:37,380 [INFO] IPUIPlugin:80 - create IPUIPlugin
2025-06-25 21:30:37,380 [INFO] IPUIPlugin:80 - create IPUIPlugin
2025-06-25 21:30:37,380 [INFO] IPUIPlugin:80 - create IPUIPlugin
2025-06-25 21:30:37,380 [INFO] IPUIPlugin:80 - create IPUIPlugin
2025-06-25 21:30:37,380 [INFO] IPUIPlugin:80 - create IPUIPlugin
2025-06-25 21:30:37,381 [INFO] IPUIPlugin:80 - create IPUIPlugin
2025-06-25 21:30:37,381 [INFO] IPUIPlugin:80 - create IPUIPlugin
2025-06-25 21:30:37,381 [INFO] IPUIPlugin:80 - create IPUIPlugin
2025-06-25 21:30:37,381 [INFO] IPUIPlugin:80 - create IPUIPlugin
2025-06-25 21:30:37,381 [INFO] IPUIPlugin:80 - create IPUIPlugin
2025-06-25 21:30:37,381 [INFO] IPUIPlugin:80 - create IPUIPlugin
2025-06-25 21:30:37,381 [INFO] IPUIPlugin:80 - create IPUIPlugin
2025-06-25 21:30:37,381 [INFO] IPUIPlugin:80 - create IPUIPlugin
2025-06-25 21:30:37,381 [INFO] IPUIPlugin:80 - create IPUIPlugin
2025-06-25 21:30:37,382 [INFO] IPUIPlugin:80 - create IPUIPlugin
2025-06-25 21:30:37,382 [INFO] IPUIPlugin:80 - create IPUIPlugin
2025-06-25 21:30:37,382 [INFO] IPUIPlugin:80 - create IPUIPlugin
2025-06-25 21:30:37,382 [INFO] IPUIPlugin:80 - create IPUIPlugin
2025-06-25 21:30:37,382 [INFO] IPUIPlugin:80 - create IPUIPlugin
2025-06-25 21:30:37,382 [INFO] IPUIPlugin:80 - create IPUIPlugin
2025-06-25 21:30:37,383 [INFO] IPUIPlugin:80 - create IPUIPlugin
2025-06-25 21:30:37,383 [INFO] IPUIPlugin:80 - create IPUIPlugin
2025-06-25 21:30:37,383 [INFO] IPUIPlugin:80 - create IPUIPlugin
2025-06-25 21:30:37,383 [INFO] IPUIPlugin:80 - create IPUIPlugin
2025-06-25 21:30:37,383 [INFO] IPUIPlugin:80 - create IPUIPlugin
2025-06-25 21:30:37,383 [INFO] IPUIPlugin:80 - create IPUIPlugin
2025-06-25 21:30:37,384 [INFO] IPUIPlugin:80 - create IPUIPlugin
2025-06-25 21:30:37,384 [INFO] IPUIPlugin:80 - create IPUIPlugin
2025-06-25 21:30:37,384 [INFO] IPUIPlugin:80 - create IPUIPlugin
2025-06-25 21:30:37,391 [INFO] ApiDbMcu:508 - Load IP Config File for PDM2PCM
2025-06-25 21:30:37,544 [INFO] CADModel:165 - CPN selected for project levelSTM32F405RGT6
2025-06-25 21:30:37,544 [INFO] CADModel:114 - Register for checkConnection events
2025-06-25 21:30:37,596 [INFO] OpenFileManager:385 - Restore cursor
2025-06-25 21:30:37,733 [WARN] IP:2250 - DEVICE_SERIAL0_CUSTOM_HID_FS not found: check if there is a RefParameter without a condition.
2025-06-25 21:30:37,733 [WARN] IP:2250 - DEVICE_SERIAL1_CUSTOM_HID_FS not found: check if there is a RefParameter without a condition.
2025-06-25 21:30:37,733 [WARN] IP:2250 - DEVICE_SERIAL2_CUSTOM_HID_FS not found: check if there is a RefParameter without a condition.
2025-06-25 21:30:37,734 [WARN] IP:2250 - DEVICE_SERIAL0_CUSTOM_HID_FS not found: check if there is a RefParameter without a condition.
2025-06-25 21:30:37,734 [WARN] IP:2250 - DEVICE_SERIAL1_CUSTOM_HID_FS not found: check if there is a RefParameter without a condition.
2025-06-25 21:30:37,734 [WARN] IP:2250 - DEVICE_SERIAL2_CUSTOM_HID_FS not found: check if there is a RefParameter without a condition.
2025-06-25 21:30:37,754 [ERROR] LogOutputStream:75 - [STDERR_REDIRECT] [Fatal Error] :1:1: Premature end of file.
2025-06-25 21:30:37,754 [ERROR] LogOutputStream:75 - [STDERR_REDIRECT] 
2025-06-25 21:30:38,747 [ERROR] LogOutputStream:75 - [STDERR_REDIRECT] [Fatal Error] :1:1: Premature end of file.
2025-06-25 21:30:38,748 [ERROR] LogOutputStream:75 - [STDERR_REDIRECT] 
2025-06-25 21:30:39,756 [ERROR] LogOutputStream:75 - [STDERR_REDIRECT] [Fatal Error] :1:1: Premature end of file.
2025-06-25 21:30:39,756 [ERROR] LogOutputStream:75 - [STDERR_REDIRECT] 
2025-06-25 21:30:40,746 [ERROR] LogOutputStream:75 - [STDERR_REDIRECT] [Fatal Error] :1:1: Premature end of file.
2025-06-25 21:30:40,746 [ERROR] LogOutputStream:75 - [STDERR_REDIRECT] 
2025-06-25 21:30:41,747 [ERROR] LogOutputStream:75 - [STDERR_REDIRECT] [Fatal Error] :1:1: Premature end of file.
2025-06-25 21:30:41,747 [ERROR] LogOutputStream:75 - [STDERR_REDIRECT] 
2025-06-25 21:30:42,748 [ERROR] LogOutputStream:75 - [STDERR_REDIRECT] [Fatal Error] :1:1: Premature end of file.
2025-06-25 21:30:42,748 [ERROR] LogOutputStream:75 - [STDERR_REDIRECT] 
2025-06-25 21:30:43,747 [ERROR] LogOutputStream:75 - [STDERR_REDIRECT] [Fatal Error] :1:1: Premature end of file.
2025-06-25 21:30:43,748 [ERROR] LogOutputStream:75 - [STDERR_REDIRECT] 
2025-06-25 21:30:44,759 [ERROR] LogOutputStream:75 - [STDERR_REDIRECT] [Fatal Error] :1:1: Premature end of file.
2025-06-25 21:30:44,760 [ERROR] LogOutputStream:75 - [STDERR_REDIRECT] 
2025-06-25 21:30:45,747 [ERROR] LogOutputStream:75 - [STDERR_REDIRECT] [Fatal Error] :1:1: Premature end of file.
2025-06-25 21:30:45,747 [ERROR] LogOutputStream:75 - [STDERR_REDIRECT] 
2025-06-25 21:30:46,747 [ERROR] LogOutputStream:75 - [STDERR_REDIRECT] [Fatal Error] :1:1: Premature end of file.
2025-06-25 21:30:46,747 [ERROR] LogOutputStream:75 - [STDERR_REDIRECT] 
2025-06-25 21:30:47,758 [ERROR] LogOutputStream:75 - [STDERR_REDIRECT] [Fatal Error] :1:1: Premature end of file.
2025-06-25 21:30:47,758 [ERROR] LogOutputStream:75 - [STDERR_REDIRECT] 
2025-06-25 21:30:48,749 [ERROR] LogOutputStream:75 - [STDERR_REDIRECT] [Fatal Error] :1:1: Premature end of file.
2025-06-25 21:30:48,749 [ERROR] LogOutputStream:75 - [STDERR_REDIRECT] 
2025-06-25 21:30:49,750 [ERROR] LogOutputStream:75 - [STDERR_REDIRECT] [Fatal Error] :1:1: Premature end of file.
2025-06-25 21:30:49,750 [ERROR] LogOutputStream:75 - [STDERR_REDIRECT] 
2025-06-25 21:30:50,747 [ERROR] LogOutputStream:75 - [STDERR_REDIRECT] [Fatal Error] :1:1: Premature end of file.
2025-06-25 21:30:50,747 [ERROR] LogOutputStream:75 - [STDERR_REDIRECT] 
2025-06-25 21:30:51,748 [ERROR] LogOutputStream:75 - [STDERR_REDIRECT] [Fatal Error] :1:1: Premature end of file.
2025-06-25 21:30:51,748 [ERROR] LogOutputStream:75 - [STDERR_REDIRECT] 
2025-06-25 21:30:52,747 [ERROR] LogOutputStream:75 - [STDERR_REDIRECT] [Fatal Error] :1:1: Premature end of file.
2025-06-25 21:30:52,747 [ERROR] LogOutputStream:75 - [STDERR_REDIRECT] 
2025-06-25 21:30:53,747 [ERROR] LogOutputStream:75 - [STDERR_REDIRECT] [Fatal Error] :1:1: Premature end of file.
2025-06-25 21:30:53,747 [ERROR] LogOutputStream:75 - [STDERR_REDIRECT] 
2025-06-25 21:30:54,762 [ERROR] LogOutputStream:75 - [STDERR_REDIRECT] [Fatal Error] :1:1: Premature end of file.
2025-06-25 21:30:54,763 [ERROR] LogOutputStream:75 - [STDERR_REDIRECT] 
2025-06-25 21:30:55,747 [ERROR] LogOutputStream:75 - [STDERR_REDIRECT] [Fatal Error] :1:1: Premature end of file.
2025-06-25 21:30:55,747 [ERROR] LogOutputStream:75 - [STDERR_REDIRECT] 
2025-06-25 21:30:56,749 [ERROR] LogOutputStream:75 - [STDERR_REDIRECT] [Fatal Error] :1:1: Premature end of file.
2025-06-25 21:30:56,749 [ERROR] LogOutputStream:75 - [STDERR_REDIRECT] 
2025-06-25 21:30:57,750 [ERROR] LogOutputStream:75 - [STDERR_REDIRECT] [Fatal Error] :1:1: Premature end of file.
2025-06-25 21:30:57,750 [ERROR] LogOutputStream:75 - [STDERR_REDIRECT] 
2025-06-25 21:30:58,746 [ERROR] LogOutputStream:75 - [STDERR_REDIRECT] [Fatal Error] :1:1: Premature end of file.
2025-06-25 21:30:58,746 [ERROR] LogOutputStream:75 - [STDERR_REDIRECT] 
2025-06-25 21:30:59,749 [ERROR] LogOutputStream:75 - [STDERR_REDIRECT] [Fatal Error] :1:1: Premature end of file.
2025-06-25 21:30:59,749 [ERROR] LogOutputStream:75 - [STDERR_REDIRECT] 
2025-06-25 21:31:00,750 [ERROR] LogOutputStream:75 - [STDERR_REDIRECT] [Fatal Error] :1:1: Premature end of file.
2025-06-25 21:31:00,751 [ERROR] LogOutputStream:75 - [STDERR_REDIRECT] 
2025-06-25 21:31:01,719 [ERROR] LogOutputStream:75 - [STDERR_REDIRECT] 
2025-06-25 21:31:01,720 [ERROR] LogOutputStream:75 - [STDERR_REDIRECT] 
